accession_name,latitude,longitude,group,HS,LF
88,47.4,0.683333,western_europe,0.667877852916718,Prec_seasonality
108,48.5167,-4.06667,western_europe,0.675872564315796,Prec_seasonality
139,48.5167,-4.06667,western_europe,0.675872564315796,Prec_seasonality
159,47.35,3.93333,western_europe,0.665593981742859,Prec_seasonality
265,44.65,-1.16667,admixed,0.731714427471161,Prec_wettest_quarter
350,46.6667,4.11667,western_europe,0.643531799316406,Prec_seasonality
351,46.6667,4.11667,western_europe,0.643531799316406,Prec_seasonality
403,49.3667,16.2667,central_europe,0.612493753433228,Altitude
410,49.4211,16.3497,central_europe,0.61309278011322,Altitude
424,49.4112,16.2815,central_europe,0.619280934333801,Temp_coldest_month
428,49.403,16.232,central_europe,0.620597779750824,Temp_coldest_month
430,47,15.5,central_europe,0.503528118133545,Altitude
470,40.8313,-87.735,germany,0.450579822063446,Altitude
476,40.8313,-87.735,germany,0.450579822063446,Altitude
484,40.8313,-87.735,germany,0.450579822063446,Altitude
504,40.8313,-87.735,germany,0.450579822063446,Altitude
506,40.8313,-87.735,germany,0.450579822063446,Altitude
531,40.8313,-87.735,germany,0.450579822063446,Altitude
544,40.9076,-73.2089,germany,0.710338771343231,Temp_coldest_month
546,40.9076,-73.2089,germany,0.710338771343231,Temp_coldest_month
628,40.7777,-72.9069,western_europe,0.614071726799011,isothermality
630,40.7777,-72.9069,western_europe,0.614071726799011,isothermality
680,40.9447,-72.8615,germany,0.699462294578552,Temp_coldest_month
681,40.9447,-72.8615,germany,0.699462294578552,Temp_coldest_month
685,40.9064,-73.1493,germany,0.702274262905121,Temp_coldest_month
687,40.9064,-73.1493,germany,0.702274262905121,Temp_coldest_month
728,40.9352,-73.114,germany,0.700919806957245,Temp_coldest_month
742,40.9352,-73.114,germany,0.700919806957245,Temp_coldest_month
763,42.3,74.3667,asia,0.433275938034058,Temp_coldest_month
765,42.1833,73.4,asia,0.500078916549683,Temp_coldest_month
766,42.5833,73.6333,asia,0.367806047201157,Temp_coldest_month
768,42.8,76.35,asia,0.433249682188034,Temp_coldest_month
772,37.35,72.4667,asia,0.294126659631729,Prec_wettest_quarter
801,37.9169,-84.4639,germany,0.452207773923874,Altitude
853,41.7976,-86.6691,germany,0.502429664134979,Altitude
854,41.7976,-86.6691,germany,0.502429664134979,Altitude
867,41.8266,-86.4366,germany,0.535503923892975,Altitude
868,41.8266,-86.4366,germany,0.535503923892975,Altitude
870,41.8266,-86.4366,germany,0.535503923892975,Altitude
915,41.8972,-71.4378,germany,0.642111957073212,Prec_driest_quarter
932,42.3634,-71.1445,western_europe,0.690749704837799,isothermality
991,55.3833,14.05,south_sweden,0.715917766094208,Temp_coldest_month
992,55.3833,14.05,south_sweden,0.715917766094208,Temp_coldest_month
997,55.3833,14.05,south_sweden,0.715917766094208,Temp_coldest_month
1002,55.3833,14.05,south_sweden,0.715917766094208,Temp_coldest_month
1006,55.3833,14.05,south_sweden,0.715917766094208,Temp_coldest_month
1061,55.7167,14.1333,south_sweden,0.729032516479492,Temp_coldest_month
1062,55.7167,14.1333,south_sweden,0.729032516479492,Temp_coldest_month
1063,55.7167,14.1333,south_sweden,0.729032516479492,Temp_coldest_month
1066,55.7167,14.1333,south_sweden,0.729032516479492,Temp_coldest_month
1070,55.7167,14.1333,south_sweden,0.729032516479492,Temp_coldest_month
1158,56.7,16.5167,south_sweden,0.709992945194244,Temp_coldest_month
1166,56.7,16.5167,south_sweden,0.709992945194244,Temp_coldest_month
1254,59.4333,17.0167,north_sweden,0.677809238433838,Temp_coldest_month
1257,59.4333,17.0167,north_sweden,0.677809238433838,Temp_coldest_month
1313,59.5667,16.8667,admixed,0.668783783912659,Temp_coldest_month
1317,59.5667,16.8667,admixed,0.668783783912659,Temp_coldest_month
1552,63.0833,18.3667,north_sweden,0.607028007507324,Temp_coldest_month
1612,41.9,-86.583,germany,0.530892372131348,Altitude
1622,41.9,-86.583,germany,0.530892372131348,Altitude
1651,43.3431,-86.4045,germany,0.598129510879517,Prec_driest_quarter
1652,43.3431,-86.4045,germany,0.598129510879517,Prec_driest_quarter
1676,41.879,-86.607,germany,0.529885351657867,Altitude
1684,41.879,-86.607,germany,0.529885351657867,Altitude
1739,42.405,-85.398,germany,0.496837735176086,Prec_driest_quarter
1741,42.405,-85.398,germany,0.496837735176086,Prec_driest_quarter
1756,42.184,-86.358,germany,0.600659132003784,Prec_driest_quarter
1757,42.184,-86.358,germany,0.600659132003784,Prec_driest_quarter
1793,41.847,-86.67,germany,0.527333915233612,Altitude
1797,41.847,-86.67,germany,0.527333915233612,Altitude
1819,41.8,-86.67,germany,0.502429664134979,Altitude
1820,41.8,-86.67,germany,0.502429664134979,Altitude
1829,42.051,-86.509,germany,0.599006474018097,Prec_driest_quarter
1834,42.051,-86.509,germany,0.599006474018097,Prec_driest_quarter
1835,42.051,-86.509,germany,0.599006474018097,Prec_driest_quarter
1851,43.595,-86.2657,germany,0.58282870054245,Prec_driest_quarter
1852,43.595,-86.2657,germany,0.58282870054245,Prec_driest_quarter
1853,43.595,-86.2657,germany,0.58282870054245,Prec_driest_quarter
1872,43.595,-86.2657,germany,0.58282870054245,Prec_driest_quarter
1890,43.5139,-86.1859,asia,0.573218822479248,Prec_driest_quarter
1925,43.5251,-86.1843,germany,0.573218822479248,Prec_driest_quarter
1942,43.5251,-86.1843,germany,0.573218822479248,Prec_driest_quarter
1943,43.5251,-86.1843,germany,0.573218822479248,Prec_driest_quarter
1954,43.5187,-86.1739,germany,0.573156833648682,Prec_driest_quarter
2016,43.5356,-86.1788,admixed,0.572751402854919,Prec_driest_quarter
2017,43.5356,-86.1788,germany,0.572751402854919,Prec_driest_quarter
2031,42.166,-86.412,germany,0.587993323802948,Prec_driest_quarter
2053,42.166,-86.412,germany,0.587993323802948,Prec_driest_quarter
2057,42.166,-86.412,germany,0.587993323802948,Prec_driest_quarter
2081,43.2483,-86.3368,germany,0.595853567123413,Prec_driest_quarter
2091,43.2483,-86.3368,germany,0.595853567123413,Prec_driest_quarter
2106,43.2749,-86.0891,germany,0.59705513715744,Prec_driest_quarter
2108,43.2749,-86.0891,germany,0.59705513715744,Prec_driest_quarter
2141,43.2749,-86.0891,germany,0.59705513715744,Prec_driest_quarter
2159,42.148,-86.431,germany,0.59094762802124,Prec_driest_quarter
2166,42.148,-86.431,germany,0.59094762802124,Prec_driest_quarter
2171,42.148,-86.431,germany,0.59094762802124,Prec_driest_quarter
2191,43.7623,-86.3929,germany,0.600749015808105,Prec_driest_quarter
2202,43.7623,-86.3929,admixed,0.600749015808105,Prec_driest_quarter
2212,43.7623,-86.3929,germany,0.600749015808105,Prec_driest_quarter
2239,42.184,-86.382,germany,0.599037528038025,Prec_driest_quarter
2240,42.184,-86.382,germany,0.599037528038025,Prec_driest_quarter
2276,43.665,-86.496,admixed,0.597053349018097,Prec_driest_quarter
2278,43.665,-86.496,germany,0.597053349018097,Prec_driest_quarter
2285,43.665,-86.496,germany,0.597053349018097,Prec_driest_quarter
2286,43.665,-86.496,germany,0.597053349018097,Prec_driest_quarter
2317,42.03,-86.514,admixed,0.599835157394409,Prec_driest_quarter
2370,41.865,-86.646,germany,0.527668058872223,Altitude
2412,41.865,-86.646,germany,0.527668058872223,Altitude
4779,50.4,-4.9,western_europe,0.674958646297455,Temp_coldest_month
4807,50.4,-4.9,western_europe,0.674958646297455,Temp_coldest_month
4826,50.4,-4.9,western_europe,0.674958646297455,Temp_coldest_month
4840,50.4,-4.9,western_europe,0.674958646297455,Temp_coldest_month
4857,50.3,-4.9,western_europe,0.718056976795197,Prec_seasonality
4884,50.3,-4.9,western_europe,0.718056976795197,Prec_seasonality
4900,50.3,-4.8,western_europe,0.731129705905914,Temp_coldest_month
4939,50.4,-4.7,western_europe,0.68322628736496,Temp_coldest_month
4958,50.5,-4.5,western_europe,0.667974054813385,Temp_coldest_month
5023,51.3,0.5,western_europe,0.710205793380737,Prec_seasonality
5104,51.3,0.5,germany,0.710205793380737,Prec_seasonality
5151,52.2,-1.7,admixed,0.664012610912323,Prec_seasonality
5165,51.3,0.4,admixed,0.697401225566864,Prec_seasonality
5210,51.2,0.3,western_europe,0.707664608955383,Prec_seasonality
5236,51.2,0.4,western_europe,0.679842948913574,Prec_seasonality
5249,51.2,0.3,western_europe,0.707664608955383,Prec_seasonality
5253,51.1,0.6,western_europe,0.681163907051086,Prec_seasonality
5276,51.3,1.1,western_europe,0.741066157817841,Annual_temp_range
5279,51.3,1.1,western_europe,0.741066157817841,Annual_temp_range
5349,51.1,0.4,western_europe,0.69147253036499,Prec_seasonality
5353,54.5,-3,western_europe,0.62570995092392,Temp_coldest_month
5395,54.4,-3,western_europe,0.674580037593842,Temp_coldest_month
5486,54.6,-3.3,germany,0.664424359798431,Temp_coldest_month
5577,54.7,-3.4,western_europe,0.685254812240601,Temp_coldest_month
5644,54.4,-2.9,western_europe,0.668355584144592,Temp_coldest_month
5651,54.4,-2.9,western_europe,0.668355584144592,Temp_coldest_month
5717,54.6,-3.2,western_europe,0.679478049278259,Temp_coldest_month
5718,57,-3.4,western_europe,0.615227699279785,Temp_coldest_month
5720,53.3,-1.6,admixed,0.628660202026367,Temp_coldest_month
5726,51.3,1.1,western_europe,0.741066157817841,Annual_temp_range
5741,56.6,-4.1,western_europe,0.638182520866394,Temp_coldest_month
5748,56,-4.4,germany,0.657716155052185,Temp_coldest_month
5757,54.6,-2.3,admixed,0.613069176673889,Temp_coldest_month
5768,54.1,-1.5,admixed,0.676042854785919,Prec_seasonality
5772,54.1,-2.3,admixed,0.654394924640656,Temp_coldest_month
5776,52.9,-1.3,western_europe,0.668315052986145,Prec_seasonality
5779,51,-3.1,western_europe,0.68907642364502,Prec_seasonality
5784,56.4,-5.2,admixed,0.683299839496613,Temp_coldest_month
5798,53.1,-3.3,western_europe,0.664546251296997,Temp_coldest_month
5800,57.4,-5.5,germany,0.735400855541229,Temp_coldest_month
5811,52.9,-3.1,admixed,0.640774428844452,Temp_coldest_month
5822,56.7333,-5.98333,admixed,0.592132925987244,Temp_coldest_month
5830,56.3333,15.9667,south_sweden,0.721677660942078,Temp_coldest_month
5831,56.3333,15.9667,south_sweden,0.721677660942078,Temp_coldest_month
5832,56.3333,15.9667,south_sweden,0.721677660942078,Temp_coldest_month
5836,55.86,13.51,south_sweden,0.68586403131485,Temp_coldest_month
5837,49.4013,16.2326,central_europe,0.620597779750824,Temp_coldest_month
5856,63.0167,17.4914,north_sweden,0.529479622840881,Temp_coldest_month
5860,62.6814,18.0165,north_sweden,0.661535561084747,isothermality
5865,55.76,14.12,south_sweden,0.712084174156189,Temp_coldest_month
5867,55.76,14.12,south_sweden,0.712084174156189,Temp_coldest_month
5874,49.4112,16.2815,central_europe,0.619280934333801,Temp_coldest_month
5890,49.4112,16.2815,central_europe,0.619280934333801,Temp_coldest_month
5893,49.4112,16.2815,central_europe,0.619280934333801,Temp_coldest_month
5907,49.4112,16.2815,central_europe,0.619280934333801,Temp_coldest_month
5921,49.4112,16.2815,central_europe,0.619280934333801,Temp_coldest_month
5950,49.4112,16.2815,central_europe,0.619280934333801,Temp_coldest_month
5984,49.4112,16.2815,central_europe,0.619280934333801,Temp_coldest_month
5993,49.4112,16.2815,central_europe,0.619280934333801,Temp_coldest_month
6008,49.1,16.2,central_europe,0.616166710853577,Altitude
6009,62.877,18.177,north_sweden,0.656676888465881,Temp_coldest_month
6010,62.877,18.177,north_sweden,0.656676888465881,Temp_coldest_month
6011,62.877,18.177,north_sweden,0.656676888465881,Temp_coldest_month
6012,62.877,18.177,north_sweden,0.656676888465881,Temp_coldest_month
6013,62.877,18.177,north_sweden,0.656676888465881,Temp_coldest_month
6016,62.9,18.4,north_sweden,0.61280620098114,Temp_coldest_month
6017,62.9,18.4,north_sweden,0.61280620098114,Temp_coldest_month
6019,56.06,14.29,south_sweden,0.706472158432007,Temp_coldest_month
6020,56.06,14.29,south_sweden,0.706472158432007,Temp_coldest_month
6021,56.06,14.29,south_sweden,0.706472158432007,Temp_coldest_month
6022,56.06,14.29,south_sweden,0.706472158432007,Temp_coldest_month
6023,55.7509,13.3712,south_sweden,0.706290185451508,Temp_coldest_month
6024,55.7509,13.3712,south_sweden,0.706290185451508,Temp_coldest_month
6025,62.6437,17.7339,north_sweden,0.626779556274414,Temp_coldest_month
6030,62.806,18.1896,north_sweden,0.600964784622192,Temp_coldest_month
6034,56.1,13.74,south_sweden,0.660108864307404,Temp_coldest_month
6035,56.1,13.74,south_sweden,0.660108864307404,Temp_coldest_month
6036,56.1,13.74,south_sweden,0.660108864307404,Temp_coldest_month
6038,56.1,13.74,south_sweden,0.660108864307404,Temp_coldest_month
6039,56.1,13.74,admixed,0.660108864307404,Temp_coldest_month
6040,55.66,13.4,south_sweden,0.665859997272491,Temp_coldest_month
6041,56.0328,14.775,south_sweden,0.692935943603516,isothermality
6042,56.09,13.9,admixed,0.680927634239197,Temp_coldest_month
6043,62.801,18.079,north_sweden,0.658576965332031,Temp_coldest_month
6046,62.801,18.079,north_sweden,0.658576965332031,Temp_coldest_month
6064,62.9513,18.2763,north_sweden,0.622056663036346,Temp_coldest_month
6069,62.9513,18.2763,north_sweden,0.622056663036346,Temp_coldest_month
6070,62.9308,18.3448,north_sweden,0.605001270771027,Temp_coldest_month
6071,62.9308,18.3448,north_sweden,0.605001270771027,Temp_coldest_month
6073,56.1481,15.8155,south_sweden,0.70932936668396,isothermality
6074,56.4573,16.1308,south_sweden,0.602432250976562,isothermality
6076,55.6942,13.4504,south_sweden,0.702124059200287,Temp_coldest_month
6077,55.6942,13.4504,south_sweden,0.702124059200287,Temp_coldest_month
6085,55.7097,13.2145,south_sweden,0.672439634799957,Temp_coldest_month
6086,58.9,11.2,admixed,0.725004494190216,Temp_coldest_month
6087,56.4666,16.1284,south_sweden,0.689975798130035,Temp_coldest_month
6088,56.4666,16.1284,south_sweden,0.689975798130035,Temp_coldest_month
6090,55.6525,13.2197,south_sweden,0.700491368770599,Temp_coldest_month
6091,55.6525,13.215,south_sweden,0.700491368770599,Temp_coldest_month
6092,55.6514,13.2233,south_sweden,0.700491368770599,Temp_coldest_month
6094,55.6494,13.2147,south_sweden,0.700491368770599,Temp_coldest_month
6095,55.6486,13.2161,south_sweden,0.700491368770599,Temp_coldest_month
6096,55.6472,13.2225,south_sweden,0.700491368770599,Temp_coldest_month
6097,55.6481,13.2264,south_sweden,0.700491368770599,Temp_coldest_month
6098,55.6561,13.2178,south_sweden,0.685937166213989,Temp_coldest_month
6099,55.6575,13.2386,south_sweden,0.697840988636017,Temp_coldest_month
6100,55.6,13.2,south_sweden,0.700129628181458,Temp_coldest_month
6101,55.6,13.2,south_sweden,0.700129628181458,Temp_coldest_month
6102,55.6,13.2,south_sweden,0.700129628181458,Temp_coldest_month
6104,55.7,13.2,south_sweden,0.689975500106812,Temp_coldest_month
6105,55.7967,13.1211,south_sweden,0.689573407173157,Temp_coldest_month
6106,55.7931,13.1186,south_sweden,0.689673900604248,Temp_coldest_month
6107,55.7942,13.1222,south_sweden,0.689673900604248,Temp_coldest_month
6108,55.7989,13.1206,western_europe,0.689573407173157,Temp_coldest_month
6109,55.7936,13.1233,south_sweden,0.689673900604248,Temp_coldest_month
6111,55.7989,13.1219,south_sweden,0.689573407173157,Temp_coldest_month
6112,55.7967,13.1044,south_sweden,0.688821196556091,Temp_coldest_month
6113,55.8078,13.1028,south_sweden,0.688821196556091,Temp_coldest_month
6114,55.8097,13.1342,south_sweden,0.687617540359497,Temp_coldest_month
6115,55.8,13.1367,south_sweden,0.687617540359497,Temp_coldest_month
6118,55.7,13.2,south_sweden,0.689975500106812,Temp_coldest_month
6119,55.7,13.2,south_sweden,0.689975500106812,Temp_coldest_month
6122,55.8364,13.3075,south_sweden,0.677531898021698,Temp_coldest_month
6123,55.8369,13.3033,south_sweden,0.677531898021698,Temp_coldest_month
6124,55.8378,13.3092,south_sweden,0.676283061504364,Temp_coldest_month
6125,55.8403,13.3106,south_sweden,0.676283061504364,Temp_coldest_month
6126,55.8411,13.3047,south_sweden,0.676283061504364,Temp_coldest_month
6128,55.8397,13.2881,south_sweden,0.676885366439819,Temp_coldest_month
6131,55.8369,13.3181,south_sweden,0.675029039382935,Temp_coldest_month
6132,55.8386,13.3186,south_sweden,0.675029039382935,Temp_coldest_month
6133,55.8364,13.2906,south_sweden,0.677531898021698,Temp_coldest_month
6134,55.8383,13.2906,south_sweden,0.676885366439819,Temp_coldest_month
6136,55.9336,13.5519,south_sweden,0.673076868057251,Temp_coldest_month
6137,55.9419,13.5603,south_sweden,0.653828740119934,Temp_coldest_month
6138,55.9403,13.5511,south_sweden,0.654086172580719,Temp_coldest_month
6140,55.9392,13.5539,south_sweden,0.654086172580719,Temp_coldest_month
6141,55.9414,13.5542,south_sweden,0.654086172580719,Temp_coldest_month
6142,55.9428,13.5558,south_sweden,0.654086172580719,Temp_coldest_month
6145,55.9497,13.5533,south_sweden,0.64708000421524,Temp_coldest_month
6148,55.9319,13.5508,south_sweden,0.673076868057251,Temp_coldest_month
6149,55.9281,13.5481,south_sweden,0.676115989685059,Temp_coldest_month
6150,55.9261,13.5319,south_sweden,0.673076868057251,Temp_coldest_month
6151,55.6528,13.2244,south_sweden,0.700491368770599,Temp_coldest_month
6153,62.6425,17.7422,north_sweden,0.598080456256866,Temp_coldest_month
6154,62.6422,17.7406,north_sweden,0.598080456256866,Temp_coldest_month
6163,62.6425,17.7356,north_sweden,0.626779556274414,Temp_coldest_month
6166,62.6425,17.7372,north_sweden,0.598080456256866,Temp_coldest_month
6169,62.8714,18.3447,north_sweden,0.623205065727234,Temp_coldest_month
6172,62.8717,18.3436,north_sweden,0.623205065727234,Temp_coldest_month
6173,62.8717,18.3419,north_sweden,0.623205065727234,Temp_coldest_month
6174,62.8719,18.3422,north_sweden,0.623205065727234,Temp_coldest_month
6177,62.6322,17.69,north_sweden,0.619122684001923,Temp_coldest_month
6180,62.6322,17.6906,germany,0.619122684001923,Temp_coldest_month
6184,62.8892,18.4522,north_sweden,0.610596358776093,Temp_coldest_month
6188,55.7683,14.1386,south_sweden,0.720788538455963,Temp_coldest_month
6189,55.7686,14.1383,south_sweden,0.720788538455963,Temp_coldest_month
6191,55.7689,14.1375,south_sweden,0.720788538455963,Temp_coldest_month
6192,55.7692,14.1369,south_sweden,0.720788538455963,Temp_coldest_month
6193,55.7694,14.1347,south_sweden,0.714616715908051,Temp_coldest_month
6194,55.7706,14.1342,south_sweden,0.714616715908051,Temp_coldest_month
6195,55.7708,14.1342,south_sweden,0.714616715908051,Temp_coldest_month
6198,55.7708,14.1331,south_sweden,0.714616715908051,Temp_coldest_month
6201,55.7719,14.1211,south_sweden,0.698465883731842,Temp_coldest_month
6202,55.7717,14.1206,south_sweden,0.698465883731842,Temp_coldest_month
6203,55.7714,14.1208,south_sweden,0.698465883731842,Temp_coldest_month
6209,62.8836,18.1842,north_sweden,0.625789165496826,Temp_coldest_month
6210,62.8839,18.1836,north_sweden,0.625789165496826,Temp_coldest_month
6214,63.0175,18.3281,north_sweden,0.604934215545654,Temp_coldest_month
6216,63.0167,18.3283,north_sweden,0.604934215545654,Temp_coldest_month
6217,63.0169,18.3283,north_sweden,0.604934215545654,Temp_coldest_month
6218,63.0172,18.3283,north_sweden,0.604934215545654,Temp_coldest_month
6220,62.806,18.1896,north_sweden,0.600964784622192,Temp_coldest_month
6221,62.806,18.1896,north_sweden,0.600964784622192,Temp_coldest_month
6231,62.96,18.2844,north_sweden,0.620238900184631,Temp_coldest_month
6235,62.9611,18.3589,north_sweden,0.615731298923492,Temp_coldest_month
6237,62.9619,18.35,north_sweden,0.59307861328125,Temp_coldest_month
6238,62.9619,18.35,north_sweden,0.59307861328125,Temp_coldest_month
6240,62.9622,18.35,north_sweden,0.59307861328125,Temp_coldest_month
6241,62.9614,18.3608,north_sweden,0.615731298923492,Temp_coldest_month
6242,55.7,13.2,south_sweden,0.689975500106812,Temp_coldest_month
6243,56.27373,13.90045,central_europe,0.657958149909973,Temp_coldest_month
6244,62.9169,18.4728,north_sweden,0.586143851280212,Temp_coldest_month
6252,55.5796,14.3336,germany,0.704797208309174,isothermality
6255,55.5796,14.334,germany,0.704797208309174,isothermality
6258,55.5796,14.3336,admixed,0.704797208309174,isothermality
6268,55.5796,14.3336,germany,0.704797208309174,isothermality
6276,55.5796,14.3336,germany,0.704797208309174,isothermality
6284,55.5796,14.3336,south_sweden,0.704797208309174,isothermality
6296,49.2771,16.6314,central_europe,0.601673364639282,Altitude
6390,49.2771,16.6314,central_europe,0.601673364639282,Altitude
6396,49.2771,16.6314,central_europe,0.601673364639282,Altitude
6413,56.06,13.97,south_sweden,0.686185121536255,Temp_coldest_month
6424,49.3853,16.2544,central_europe,0.618566751480103,Temp_coldest_month
6434,49.3853,16.2544,admixed,0.618566751480103,Temp_coldest_month
6445,49.3853,16.2544,central_europe,0.618566751480103,Temp_coldest_month
6680,51.85,6.4333,western_europe,0.708705246448517,Annual_temp_range
6739,40.8585,-73.4675,germany,0.69406396150589,isothermality
6740,40.8585,-73.4675,germany,0.69406396150589,isothermality
6744,40.8585,-73.4675,germany,0.69406396150589,isothermality
6749,42.4489,-76.5072,germany,0.511297225952148,Altitude
6750,42.4489,-76.5072,germany,0.511297225952148,Altitude
6805,42.373,-71.0627,germany,0.69943380355835,isothermality
6806,42.373,-71.0627,germany,0.69943380355835,isothermality
6814,41.2816,-86.621,germany,0.492018610239029,Altitude
6830,49.5,73.1,admixed,0.465389639139175,Prec_driest_quarter
6897,45,1.3,western_europe,0.620730042457581,Prec_seasonality
6898,51.2167,4.4,admixed,0.675349533557892,Annual_temp_range
6900,63.324,18.484,north_sweden,0.620020866394043,Temp_coldest_month
6901,63.324,18.484,north_sweden,0.620020866394043,Temp_coldest_month
6903,49.4013,16.2326,central_europe,0.620597779750824,Temp_coldest_month
6904,49.2,16.6166,western_europe,0.585316836833954,Altitude
6907,51.4083,-0.6383,admixed,0.668291032314301,Prec_seasonality
6908,51.4083,-0.6383,western_europe,0.668291032314301,Prec_seasonality
6909,38.3,-92.3,germany,0.495555639266968,Prec_driest_quarter
6911,15.1111,-23.6167,relict,0.0146330837160349,Prec_wettest_quarter
6913,62.877,18.177,north_sweden,0.656676888465881,Temp_coldest_month
6915,50.3,6.3,germany,0.667767107486725,Temp_coldest_month
6917,63.0165,18.3174,north_sweden,0.623791754245758,isothermality
6918,63.0165,18.3174,north_sweden,0.623791754245758,isothermality
6919,50.3,8,central_europe,0.626927077770233,Prec_seasonality
6920,51.5338,9.9355,admixed,0.635364294052124,Temp_coldest_month
6922,50.3,8,germany,0.626927077770233,Prec_seasonality
6923,51.4083,-0.6383,western_europe,0.668291032314301,Prec_seasonality
6924,51.4083,-0.6383,western_europe,0.668291032314301,Prec_seasonality
6926,44.46,-85.37,western_europe,0.558230459690094,Prec_driest_quarter
6927,41.2816,-86.621,germany,0.492018610239029,Altitude
6929,38.48,68.49,asia,0.295697510242462,Annual_temp_range
6931,49.5,73.1,asia,0.465389639139175,Prec_driest_quarter
6932,47.984,10.8719,admixed,0.604729771614075,Prec_seasonality
6933,41.59,2.49,spain,0.670024454593658,Annual_temp_range
6938,55.7522,37.6322,asia,0.562077581882477,Prec_driest_quarter
6940,50.3,8.3,germany,0.624735713005066,Prec_seasonality
6943,51.4083,-0.6383,western_europe,0.668291032314301,Prec_seasonality
6944,51.4083,-0.6383,western_europe,0.668291032314301,Prec_seasonality
6945,52.24,4.45,germany,0.596872806549072,isothermality
6951,49.42,16.36,central_europe,0.613110482692719,Temp_coldest_month
6956,49.42,16.36,central_europe,0.613110482692719,Temp_coldest_month
6957,49.42,16.36,central_europe,0.613110482692719,Temp_coldest_month
6958,46,3.3,western_europe,0.590340673923492,Prec_seasonality
6959,48.5,-1.41,western_europe,0.686683237552643,Prec_seasonality
6960,48.5,-1.41,western_europe,0.686683237552643,Prec_seasonality
6961,38.3333,-3.53333,spain,0.51792973279953,Temp_coldest_month
6963,38.35,68.48,asia,0.279302448034286,Annual_temp_range
6966,51.4083,-0.6383,western_europe,0.668291032314301,Prec_seasonality
6967,51.4083,-0.6383,western_europe,0.668291032314301,Prec_seasonality
6968,60,23.5,north_sweden,0.656597375869751,Temp_coldest_month
6969,60,23.5,north_sweden,0.656597375869751,Temp_coldest_month
6970,41.7194,2.93056,spain,0.661289036273956,Prec_wettest_quarter
6971,41.7194,2.93056,spain,0.661289036273956,Prec_wettest_quarter
6973,56.0648,13.9707,germany,0.689391016960144,Temp_coldest_month
6974,56.0648,13.9707,south_sweden,0.689391016960144,Temp_coldest_month
6975,48.3,14.45,central_europe,0.577980875968933,Altitude
6976,48.3,14.45,central_europe,0.577980875968933,Altitude
6979,47.25,8.26,central_europe,0.623345553874969,Prec_seasonality
6981,52.3,30,admixed,0.604081690311432,Prec_driest_quarter
6982,52.3,9.3,germany,0.643324732780457,Temp_coldest_month
6984,49.3853,16.2544,central_europe,0.618566751480103,Temp_coldest_month
6986,57.1539,-2.2207,western_europe,0.646050631999969,Temp_coldest_month
6987,48.0683,7.62551,admixed,0.613777041435242,Prec_seasonality
6989,54.8,-2.4333,western_europe,0.625086784362793,Temp_coldest_month
6990,53.448,5.73,admixed,0.481620341539383,isothermality
6992,50.3,5.3,admixed,0.655680358409882,isothermality
6997,51.8333,5.5833,germany,0.557140290737152,isothermality
7000,50.9167,9.57073,germany,0.631334662437439,Temp_coldest_month
7002,51.3333,6.1,germany,0.682583034038544,Prec_seasonality
7003,47.5,7.5,admixed,0.611087143421173,Prec_seasonality
7008,52,5.675,germany,0.706120550632477,Prec_seasonality
7013,52.4584,13.287,south_sweden,0.67393547296524,Altitude
7014,56.5459,-4.79821,germany,0.638601660728455,Temp_coldest_month
7025,44.5041,11.3396,central_europe,0.598391652107239,Prec_seasonality
7026,54.4,-3.2667,western_europe,0.726710438728333,Temp_coldest_month
7028,49.5166,9.3166,admixed,0.665071725845337,isothermality
7031,50.0167,8.6667,germany,0.635952889919281,Prec_seasonality
7033,41.3599,-122.755,germany,0.434102803468704,Annual_temp_range
7036,50.5,9.5,germany,0.665343701839447,Temp_coldest_month
7058,53.08,-9.07555556,admixed,0.702024579048157,Temp_coldest_month
7061,53.2699,-1.64293,admixed,0.644505023956299,Temp_coldest_month
7062,50.2981,8.26607,germany,0.633969128131866,Prec_seasonality
7063,29.2144,-13.4811,relict,0.0240599475800991,Prec_wettest_quarter
7064,51.3,1.1,western_europe,0.741066157817841,Annual_temp_range
7067,37.3,15,central_europe,0.490086287260056,Prec_seasonality
7068,42,12.1,italy_balkan_caucasus,0.713241577148438,Temp_coldest_month
7071,48.0717,1.33867,western_europe,0.639582931995392,Prec_seasonality
7072,53.7502,34.7361,admixed,0.583129703998566,Prec_driest_quarter
7077,40.12,-8.25,italy_balkan_caucasus,0.524503290653229,Prec_seasonality
7081,40.2077,-8.42639,spain,0.525390982627869,Prec_seasonality
7092,49.416,2.823,western_europe,0.685444533824921,Prec_seasonality
7094,49.8724,8.65081,germany,0.636390686035156,Prec_seasonality
7096,47.3239,5.04278,admixed,0.647513210773468,Prec_seasonality
7102,50.7224,8.2372,germany,0.654089033603668,Temp_coldest_month
7103,49.4167,16.2667,central_europe,0.619415044784546,Temp_coldest_month
7106,51.051,13.7336,central_europe,0.637624442577362,Altitude
7107,54.7761,-1.5733,western_europe,0.659089863300323,Annual_temp_range
7109,51.3,0.5,western_europe,0.710205793380737,Prec_seasonality
7111,55.9494,-3.16028,admixed,0.691405892372131,Temp_coldest_month
7117,51.5105,9.68253,germany,0.628368139266968,Temp_coldest_month
7119,50,8.5,germany,0.642566859722137,Prec_seasonality
7120,50,8.5,central_europe,0.642566859722137,Prec_seasonality
7125,49.5955,11.0087,germany,0.626695990562439,Prec_seasonality
7126,60.1997,24.5682,admixed,0.644592046737671,Temp_coldest_month
7127,58.6656,24.9871,admixed,0.641123056411743,Temp_coldest_month
7130,44.6447,2.56481,western_europe,0.632968544960022,Prec_seasonality
7133,50.1102,8.6822,germany,0.638529717922211,Prec_seasonality
7138,50.5,8.0167,admixed,0.664129495620728,isothermality
7143,51.0167,5.86667,germany,0.669420659542084,Prec_seasonality
7147,50.584,8.67825,admixed,0.635582208633423,Prec_seasonality
7158,47,15.5,central_europe,0.503528118133545,Altitude
7160,43.178,-85.2532,germany,0.50650018453598,Altitude
7161,53.5,10.5,germany,0.681774318218231,Temp_coldest_month
7162,52.24,9.44,germany,0.636770367622375,Temp_coldest_month
7163,52.3721,9.73569,admixed,0.664274215698242,Temp_coldest_month
7164,55.675,12.5686,south_sweden,0.722558856010437,Temp_coldest_month
7165,51.3472,8.28844,germany,0.66347199678421,Temp_coldest_month
7169,54.4175,9.88682,admixed,0.725035488605499,Temp_coldest_month
7177,49,15,central_europe,0.606977224349976,Temp_coldest_month
7181,50.927,11.587,admixed,0.628630936145782,Altitude
7183,35,77,asia,0.145898267626762,Prec_wettest_quarter
7186,54.8969,23.8924,central_europe,0.685176134109497,Temp_coldest_month
7192,55.6395,-5.66364,germany,0.391624093055725,Prec_driest_quarter
7199,50.95,6.9666,germany,0.665095865726471,Prec_seasonality
7202,50.1797,8.50861,germany,0.630033791065216,Prec_seasonality
7203,49.631,11.5722,central_europe,0.625106692314148,Temp_coldest_month
7207,35.0085,135.752,central_europe,0.502496898174286,Altitude
7208,55.6739,-3.78181,germany,0.638717293739319,Temp_coldest_month
7209,52.7333,15.2333,admixed,0.684909999370575,Altitude
7213,47.984,10.8719,admixed,0.604729771614075,Prec_seasonality
7217,48,0.5,western_europe,0.642130196094513,Prec_seasonality
7218,52.1611,4.49015,admixed,0.557109713554382,isothermality
7223,50.3833,8.0666,central_europe,0.665167808532715,isothermality
7231,50.3833,8.0666,germany,0.665167808532715,isothermality
7244,50.001,8.26664,germany,0.640445828437805,Prec_seasonality
7248,41.3923,-70.6652,germany,0.625705361366272,Prec_seasonality
7250,51.9183,10.1138,germany,0.639080762863159,Temp_coldest_month
7255,50.95,20.5,germany,0.611560106277466,Altitude
7258,50.5,8.5,germany,0.623711824417114,Temp_coldest_month
7268,52.6969,10.981,admixed,0.675465166568756,Altitude
7273,51.0581,13.2995,central_europe,0.637080132961273,Temp_coldest_month
7276,50.2,8.5833,germany,0.630370259284973,Prec_seasonality
7280,53.1667,8.2,germany,0.661809682846069,Prec_seasonality
7282,50.3827,8.01161,germany,0.664954602718353,isothermality
7287,53.3422,8.42255,germany,0.390095442533493,isothermality
7288,60.385543,6.193019,admixed,0.706745326519012,Temp_coldest_month
7296,59,29,central_europe,0.605295658111572,Temp_coldest_month
7298,47.04,10.51,central_europe,0.266921162605286,Temp_coldest_month
7305,53.476,10.6065,admixed,0.69929176568985,Temp_coldest_month
7306,49.2655,-123.206,western_europe,0.803572237491608,Temp_coldest_month
7307,48.0653,-2.96591,western_europe,0.668294608592987,Prec_seasonality
7314,54.3512,-3.41697,admixed,0.767904579639435,isothermality
7316,51.9667,5.56667,admixed,0.700095176696777,Annual_temp_range
7319,42,12.1,admixed,0.713241577148438,Temp_coldest_month
7320,49.4424,1.09849,western_europe,0.689893841743469,Prec_seasonality
7322,56.3,34,germany,0.5603386759758,Prec_driest_quarter
7323,49,38.28,asia,0.578574419021606,Prec_driest_quarter
7327,41.7833,3.03333,spain,0.682565987110138,Prec_wettest_quarter
7328,41.7833,3.03333,spain,0.682565987110138,Prec_wettest_quarter
7332,47,-122.2,western_europe,0.617389261722565,Prec_seasonality
7333,46.5438,11.5614,central_europe,0.519485235214233,Prec_driest_quarter
7337,50.8738,8.02341,germany,0.669187366962433,Temp_coldest_month
7342,53.6473,-3.00733,admixed,0.697165012359619,Temp_coldest_month
7343,52.5339,13.181,south_sweden,0.68916243314743,Altitude
7344,47.6667,9.5,admixed,0.61929053068161,Altitude
7346,52.6058,11.8558,south_sweden,0.691140234470367,Altitude
7347,52,36,central_europe,0.585308134555817,Prec_driest_quarter
7349,49.5,14.5,central_europe,0.597079038619995,Temp_coldest_month
7350,47.2413,-122.459,central_europe,0.704490602016449,Prec_seasonality
7353,52.08,4.3,admixed,0.655386030673981,isothermality
7354,56.5,14.9,south_sweden,0.639885127544403,Temp_coldest_month
7356,41.6639,-83.5553,germany,0.528004705905914,Altitude
7358,41.6639,-83.5553,germany,0.528004705905914,Altitude
7359,41.6639,-83.5553,germany,0.528004705905914,Altitude
7372,47.0748,9.9042,central_europe,0.564456701278687,Prec_seasonality
7373,34.43,136.31,admixed,0.44843989610672,Altitude
7377,43.2708,-85.2563,germany,0.567853391170502,Prec_driest_quarter
7378,48.0333,7.7667,admixed,0.607569754123688,Altitude
7382,52.0918,5.1145,admixed,0.615308225154877,isothermality
7383,49.2655,-123.206,western_europe,0.803572237491608,Temp_coldest_month
7384,52.0333,5.55,admixed,0.605599582195282,isothermality
7387,54.9902,-2.3671,western_europe,0.638055562973022,Temp_coldest_month
7394,52.3,21,admixed,0.639089524745941,Altitude
7396,52.3,30,central_europe,0.604081690311432,Prec_driest_quarter
7404,52.6,10.0667,admixed,0.677757978439331,Altitude
7411,47.9299,10.8134,central_europe,0.601775169372559,Temp_coldest_month
7413,54.6833,25.3167,central_europe,0.627228856086731,Temp_coldest_month
7415,49.7878,9.9361,germany,0.631128013134003,Prec_seasonality
7416,37.45,-119.35,germany,0.468831956386566,Annual_temp_range
7417,47.3667,8.55,western_europe,0.578956365585327,Altitude
7418,47.3667,8.55,admixed,0.578956365585327,Altitude
7419,50.3058,8.32213,germany,0.624412000179291,Prec_seasonality
7424,49.2,16.6166,central_europe,0.585316836833954,Altitude
7430,48.6167,6.25,admixed,0.650912642478943,Prec_seasonality
7461,49,15,germany,0.606977224349976,Temp_coldest_month
7475,41.767,-72.677,germany,0.645227193832397,Prec_driest_quarter
7477,41.7302,-71.2825,admixed,0.690754532814026,isothermality
7514,41.5609,-86.4251,admixed,0.507215678691864,Altitude
7515,41.5609,-86.4251,germany,0.507215678691864,Altitude
7516,55.58,14.334,germany,0.704797208309174,isothermality
7517,55.58,14.334,germany,0.704797208309174,isothermality
7520,49.38,16.81,central_europe,0.603821396827698,Temp_coldest_month
7521,49.38,16.81,central_europe,0.603821396827698,Temp_coldest_month
7523,42.0945,-86.3253,germany,0.522109925746918,Altitude
7525,42.036,-86.511,germany,0.599835157394409,Prec_driest_quarter
7529,42.0333,-86.5128,germany,0.599835157394409,Prec_driest_quarter
7530,42.0333,-86.5128,germany,0.599835157394409,Prec_driest_quarter
7566,42.093,-86.359,germany,0.522781550884247,Altitude
7568,42.093,-86.359,germany,0.522781550884247,Altitude
7717,41.273,-86.625,germany,0.491750359535217,Altitude
7757,41.273,-86.625,germany,0.491750359535217,Altitude
7767,41.273,-86.625,germany,0.491750359535217,Altitude
7917,42.0945,-86.3253,germany,0.522109925746918,Altitude
7947,42.0945,-86.3253,germany,0.522109925746918,Altitude
8037,41.3423,-86.7368,germany,0.492890506982803,Altitude
8057,41.3423,-86.7368,germany,0.492890506982803,Altitude
8077,41.3423,-86.7368,germany,0.492890506982803,Altitude
8132,42.036,-86.511,germany,0.599835157394409,Prec_driest_quarter
8171,42.036,-86.511,germany,0.599835157394409,Prec_driest_quarter
8214,49,2,western_europe,0.642273128032684,Prec_seasonality
8222,56.0328,14.775,south_sweden,0.692935943603516,isothermality
8227,62.7989,17.9103,north_sweden,0.658685386180878,Temp_coldest_month
8230,56.68,16.5,south_sweden,0.706246674060822,Temp_coldest_month
8231,56.3,16,south_sweden,0.721314489841461,Temp_coldest_month
8233,41.1876,-87.1923,germany,0.472523123025894,Prec_driest_quarter
8234,56.4606,15.8127,south_sweden,0.651815176010132,Temp_coldest_month
8235,48.8,17.1,central_europe,0.574744164943695,Altitude
8236,49.33,15.76,central_europe,0.617317676544189,Temp_coldest_month
8237,55.8,13.1,south_sweden,0.688821196556091,Temp_coldest_month
8238,51.15,0.4,germany,0.681977987289429,Prec_seasonality
8239,51,7,germany,0.697877168655396,Annual_temp_range
8240,55.705,13.196,south_sweden,0.678469955921173,Temp_coldest_month
8241,55.9473,13.821,south_sweden,0.639964878559113,Temp_coldest_month
8242,56.1494,15.7884,south_sweden,0.601810395717621,isothermality
8243,43.7703,11.2547,western_europe,0.611441373825073,Prec_seasonality
8244,48.6103,2.3086,western_europe,0.66092723608017,Prec_seasonality
8246,35,-79.18,germany,0.343424886465073,Altitude
8247,56.07,13.74,south_sweden,0.6471027135849,Temp_coldest_month
8249,57.7,15.8,south_sweden,0.629367887973785,Temp_coldest_month
8256,56.4,12.9,admixed,0.653520703315735,Temp_coldest_month
8258,56.4,12.9,south_sweden,0.653520703315735,Temp_coldest_month
8259,56.4,12.9,south_sweden,0.653520703315735,Temp_coldest_month
8264,41.6833,2.8,spain,0.638801336288452,Prec_seasonality
8283,55.76,14.12,south_sweden,0.712084174156189,Temp_coldest_month
8284,49.4112,16.2815,central_europe,0.619280934333801,Temp_coldest_month
8285,49.4112,16.2815,central_europe,0.619280934333801,Temp_coldest_month
8290,50,8.5,central_europe,0.642566859722137,Prec_seasonality
8297,46.5,6.08,western_europe,0.678783714771271,Temp_coldest_month
8306,56.1,13.74,south_sweden,0.660108864307404,Temp_coldest_month
8307,56.1,13.74,south_sweden,0.660108864307404,Temp_coldest_month
8311,47.5,11.5,central_europe,0.435528188943863,Temp_coldest_month
8312,50.5,7.5,germany,0.621797204017639,Prec_seasonality
8326,56.0328,14.775,south_sweden,0.692935943603516,isothermality
8334,55.71,13.2,admixed,0.675212681293488,Temp_coldest_month
8335,55.71,13.2,south_sweden,0.675212681293488,Temp_coldest_month
8337,44,12.37,western_europe,0.613769710063934,Temp_coldest_month
8343,47.5,1.5,admixed,0.639588356018066,Prec_seasonality
8351,60.25,18.37,north_sweden,0.676584601402283,Temp_coldest_month
8354,58,56.3167,asia,0.476874589920044,Prec_driest_quarter
8357,41.5,2.25,spain,0.652158379554749,Temp_coldest_month
8365,49,16,central_europe,0.579305291175842,Altitude
8366,50.5,8.5,admixed,0.623711824417114,Temp_coldest_month
8369,55.6942,13.4504,south_sweden,0.702124059200287,Temp_coldest_month
8376,62.69,18,north_sweden,0.663503587245941,Temp_coldest_month
8386,58.9,11.2,central_europe,0.725004494190216,Temp_coldest_month
8387,59,18,germany,0.694637775421143,Temp_coldest_month
8419,54.6833,25.3167,central_europe,0.627228856086731,Temp_coldest_month
8420,50.0667,8.5333,germany,0.644077897071838,Prec_seasonality
8422,56.06,14.29,south_sweden,0.706472158432007,Temp_coldest_month
8424,35,77,asia,0.145898267626762,Prec_wettest_quarter
8426,56.06,13.97,south_sweden,0.686185121536255,Temp_coldest_month
8427,56.0648,13.9707,south_sweden,0.689391016960144,Temp_coldest_month
8464,41.6862,-86.8513,germany,0.492105633020401,Altitude
8483,41.6862,-86.8513,germany,0.492105633020401,Altitude
8699,42.0945,-86.3253,germany,0.522109925746918,Altitude
8723,42.0945,-86.3253,germany,0.522109925746918,Altitude
9027,42.036,-86.511,germany,0.599835157394409,Prec_driest_quarter
9057,56.1,13.9167,south_sweden,0.687764883041382,Temp_coldest_month
9058,57.75,16.6333,admixed,0.711745202541351,Temp_coldest_month
9067,38.6536,48.7992,italy_balkan_caucasus,0.680755853652954,Temp_coldest_month
9069,38.6536,48.7992,italy_balkan_caucasus,0.680755853652954,Temp_coldest_month
9070,38.6536,48.7992,italy_balkan_caucasus,0.680755853652954,Temp_coldest_month
9075,38.7406,48.6131,italy_balkan_caucasus,0.636230289936066,Temp_coldest_month
9078,38.7406,48.6131,italy_balkan_caucasus,0.636230289936066,Temp_coldest_month
9079,38.7833,48.5517,italy_balkan_caucasus,0.614952802658081,Temp_coldest_month
9081,38.7833,48.5517,italy_balkan_caucasus,0.614952802658081,Temp_coldest_month
9084,38.7833,48.5517,italy_balkan_caucasus,0.614952802658081,Temp_coldest_month
9085,38.7833,48.5517,italy_balkan_caucasus,0.614952802658081,Temp_coldest_month
9089,38.9522,48.925,italy_balkan_caucasus,0.0415536388754845,isothermality
9091,38.9522,48.925,italy_balkan_caucasus,0.0415536388754845,isothermality
9095,38.9786,48.5594,italy_balkan_caucasus,0.614554822444916,Temp_coldest_month
9099,38.9786,48.5594,italy_balkan_caucasus,0.614554822444916,Temp_coldest_month
9100,41.8296,46.2831,italy_balkan_caucasus,0.562327146530151,Prec_driest_quarter
9102,41.8296,46.2831,italy_balkan_caucasus,0.562327146530151,Prec_driest_quarter
9103,41.8296,46.2831,italy_balkan_caucasus,0.562327146530151,Prec_driest_quarter
9104,41.8296,46.2831,italy_balkan_caucasus,0.562327146530151,Prec_driest_quarter
9105,41.8296,46.2831,italy_balkan_caucasus,0.562327146530151,Prec_driest_quarter
9106,41.8296,46.2831,italy_balkan_caucasus,0.562327146530151,Prec_driest_quarter
9111,41.8296,46.2831,italy_balkan_caucasus,0.562327146530151,Prec_driest_quarter
9113,41.8296,46.2831,italy_balkan_caucasus,0.562327146530151,Prec_driest_quarter
9114,41.8296,46.2831,italy_balkan_caucasus,0.562327146530151,Prec_driest_quarter
9115,41.8296,46.2831,italy_balkan_caucasus,0.562327146530151,Prec_driest_quarter
9121,41.7942,43.4767,italy_balkan_caucasus,0.616451442241669,Prec_driest_quarter
9125,40.1408,44.8203,asia,0.581515789031982,Prec_driest_quarter
9128,39.8692,45.3622,asia,0.535236775875092,Prec_driest_quarter
9130,39.8692,45.3622,asia,0.535236775875092,Prec_driest_quarter
9131,39.8692,45.3622,asia,0.535236775875092,Prec_driest_quarter
9133,39.8692,45.3622,asia,0.535236775875092,Prec_driest_quarter
9134,39.8692,45.3622,asia,0.535236775875092,Prec_driest_quarter
9298,55.9681,-3.21833,western_europe,0.700027585029602,Temp_coldest_month
9312,57.9,-5.1525,western_europe,0.7350172996521,Temp_coldest_month
9314,57.9672,-3.96722,western_europe,0.45442333817482,isothermality
9321,62.8622,18.336,north_sweden,0.614142656326294,Temp_coldest_month
9323,62.8622,18.336,north_sweden,0.614142656326294,Temp_coldest_month
9332,62.8698,18.381,north_sweden,0.614367663860321,Temp_coldest_month
9336,62.8794,18.4473,admixed,0.608219087123871,Temp_coldest_month
9339,57.7133,15.0689,south_sweden,0.607412457466125,Temp_coldest_month
9343,57.3089,18.1512,admixed,0.707984745502472,isothermality
9352,57.2608,16.3675,south_sweden,0.681284844875336,Temp_coldest_month
9353,57.2608,16.3675,south_sweden,0.681284844875336,Temp_coldest_month
9363,62.9147,18.4045,north_sweden,0.602634847164154,Temp_coldest_month
9369,57.6781,14.9986,south_sweden,0.614555954933167,Temp_coldest_month
9370,57.6781,14.9986,south_sweden,0.614555954933167,Temp_coldest_month
9371,63.016,18.3175,north_sweden,0.623791754245758,isothermality
9380,55.7488,13.3742,south_sweden,0.706290185451508,Temp_coldest_month
9381,55.8106,14.2091,admixed,0.678423285484314,isothermality
9382,55.8106,14.2091,admixed,0.678423285484314,isothermality
9383,55.8106,14.2091,admixed,0.678423285484314,isothermality
9386,62.806,18.1896,north_sweden,0.600964784622192,Temp_coldest_month
9388,62.806,18.1896,north_sweden,0.600964784622192,Temp_coldest_month
9390,57.3263,15.8979,south_sweden,0.628222048282623,Temp_coldest_month
9391,57.3263,15.8979,south_sweden,0.628222048282623,Temp_coldest_month
9392,57.3263,15.8979,south_sweden,0.628222048282623,Temp_coldest_month
9394,56.5804,16.4063,admixed,0.522585511207581,isothermality
9395,57.5089,15.0105,south_sweden,0.614110767841339,Temp_coldest_month
9399,55.4234,13.9905,south_sweden,0.541681706905365,isothermality
9402,57.8765,14.8549,south_sweden,0.627856135368347,Temp_coldest_month
9404,55.7491,13.399,south_sweden,0.705671966075897,Temp_coldest_month
9405,55.7491,13.399,south_sweden,0.705671966075897,Temp_coldest_month
9407,55.7491,13.399,south_sweden,0.705671966075897,Temp_coldest_month
9408,56.047,13.9519,south_sweden,0.631167531013489,Temp_coldest_month
9409,56.0573,14.302,south_sweden,0.713971078395844,Temp_coldest_month
9412,57.2746,16.1494,south_sweden,0.648910582065582,Temp_coldest_month
9413,57.2746,16.1494,south_sweden,0.648910582065582,Temp_coldest_month
9416,57.7215,18.3837,south_sweden,0.724437654018402,Temp_coldest_month
9421,55.9745,14.3997,south_sweden,0.541016817092896,isothermality
9427,62.8815,18.4055,north_sweden,0.611727356910706,Temp_coldest_month
9433,62.9513,18.2763,north_sweden,0.622056663036346,Temp_coldest_month
9436,56.1633,14.6806,south_sweden,0.721771597862244,isothermality
9437,56.1633,14.6806,south_sweden,0.721771597862244,isothermality
9442,55.5678,14.3398,germany,0.704698860645294,isothermality
9450,57.2545,18.2109,south_sweden,0.71728527545929,Temp_coldest_month
9451,57.2545,18.2109,south_sweden,0.71728527545929,Temp_coldest_month
9452,57.2545,18.2109,south_sweden,0.71728527545929,Temp_coldest_month
9453,57.8009,18.5162,south_sweden,0.707779228687286,Temp_coldest_month
9454,57.8009,18.5162,south_sweden,0.707779228687286,Temp_coldest_month
9455,57.8009,18.5162,south_sweden,0.707779228687286,Temp_coldest_month
9470,57.6511,14.8043,south_sweden,0.61301988363266,Temp_coldest_month
9471,56.0648,13.9707,south_sweden,0.689391016960144,Temp_coldest_month
9476,55.5796,14.3336,germany,0.704797208309174,isothermality
9481,55.4242,13.8484,south_sweden,0.600546836853027,isothermality
9503,55.8877,-3.21072,western_europe,0.642566800117493,Temp_coldest_month
9506,40.11,-7.47,admixed,0.596652746200562,Prec_seasonality
9507,38.45,-7.5,spain,0.451703876256943,Prec_seasonality
9508,40.04,-7.11,admixed,0.544668793678284,Prec_seasonality
9509,39.29,-7.4,spain,0.540248513221741,Prec_seasonality
9510,38.75,-7.59,spain,0.499203324317932,Prec_seasonality
9511,38.53,-8.02,spain,0.451684862375259,Prec_seasonality
9512,38.22,-7.84,spain,0.457306534051895,Prec_seasonality
9513,38.77,-4.07,admixed,0.525875926017761,Temp_coldest_month
9514,39.15,-4.54,spain,0.533446729183197,Temp_coldest_month
9515,39.72,-6.89,spain,0.493557095527649,Prec_seasonality
9517,42.19,-7.8,western_europe,0.585799396038055,Prec_seasonality
9518,39.88,-0.36,spain,0.609474360942841,Prec_seasonality
9519,41.94,2.64,spain,0.507634878158569,Prec_seasonality
9520,41.7,-3.68,spain,0.596560895442963,Prec_seasonality
9521,41.43,2.13,spain,0.657112658023834,Temp_coldest_month
9522,36.52,-5.27,spain,0.495950907468796,Prec_wettest_quarter
9523,38.37,-2.66,admixed,0.566334068775177,Prec_seasonality
9524,42.52,-0.56,spain,0.663168132305145,Prec_seasonality
9525,42.49,0.54,spain,0.660131335258484,Temp_coldest_month
9526,41.54,2.39,spain,0.672586619853973,Temp_coldest_month
9527,40.37,-5.74,admixed,0.653933346271515,Prec_seasonality
9528,40.94,-1.37,spain,0.582219898700714,Prec_seasonality
9529,36.97,-3.36,admixed,0.643998265266418,Annual_temp_range
9530,38.25,-4.32,admixed,0.51868200302124,Prec_seasonality
9531,41.21,-4.54,spain,0.564796090126038,Prec_seasonality
9532,42.23,-4.64,spain,0.615111589431763,Prec_seasonality
9533,41.15,-4.32,relict,0.579545915126801,Prec_seasonality
9534,40.05,-4.65,spain,0.499236226081848,Prec_seasonality
9535,42.31,3.19,spain,0.72603315114975,Prec_wettest_quarter
9536,40.83,-2,admixed,0.60181987285614,Prec_seasonality
9537,38.07,-6.66,spain,0.519991636276245,Prec_seasonality
9539,40.29,-6.67,spain,0.605932950973511,Prec_seasonality
9540,41.81,2.34,spain,0.627977907657623,Prec_seasonality
9541,38.26,-5.42,spain,0.515323638916016,Prec_seasonality
9542,40.79,-4.05,relict,0.692231416702271,Temp_coldest_month
9543,36.77,-5.39,relict,0.566629111766815,Annual_temp_range
9544,39.4,-5.33,spain,0.544479548931122,Temp_coldest_month
9545,39.4,-5.78,relict,0.52756929397583,Prec_seasonality
9546,40.82,-1.68,spain,0.616156697273254,Prec_seasonality
9547,41.67,2.62,spain,0.647937715053558,Prec_seasonality
9548,40.4,-5,admixed,0.661037802696228,Annual_temp_range
9549,42.23,-3.69,relict,0.649345517158508,Prec_seasonality
9550,43.05,-5.37,relict,0.667147278785706,Temp_coldest_month
9551,42.28,-5.92,admixed,0.599357426166534,Prec_seasonality
9552,40.87,-4.5,admixed,0.619130194187164,Prec_seasonality
9553,41.58,-4.71,spain,0.562884271144867,Prec_seasonality
9554,38.86,-3.16,relict,0.538078963756561,Prec_seasonality
9555,39.58,-3.93,relict,0.582608938217163,Prec_seasonality
9556,39.66,-4.34,spain,0.556943237781525,Prec_seasonality
9557,42.46,0.7,spain,0.651569604873657,Prec_seasonality
9558,41.57,-5.64,admixed,0.578023552894592,Prec_seasonality
9559,38.06,-4.38,admixed,0.438869535923004,Prec_seasonality
9560,38.19,-6.24,spain,0.530076265335083,Prec_seasonality
9561,40.71,-5.04,admixed,0.644066870212555,Prec_seasonality
9562,41.67,2,spain,0.620805323123932,Prec_seasonality
9564,40.45,-1.6,spain,0.646777927875519,Prec_seasonality
9565,42.97,-1.23,admixed,0.679337859153748,Prec_seasonality
9567,42.34,1.3,spain,0.649424195289612,Prec_seasonality
9568,42.76,-0.23,spain,0.696912288665771,Temp_coldest_month
9569,42.87,-6.45,western_europe,0.667754948139191,Prec_seasonality
9571,43.28,-6.01,western_europe,0.586807250976562,Prec_seasonality
9573,41.86,2.99,spain,0.641327261924744,Prec_seasonality
9574,38.6,-2.7,relict,0.551093578338623,Prec_seasonality
9576,40.86,-4.11,admixed,0.647184729576111,Prec_seasonality
9577,42.34,2.17,spain,0.651353120803833,Prec_seasonality
9578,42.13,-6.7,western_europe,0.682731688022614,Prec_seasonality
9579,38.33,-3.51,admixed,0.517775595188141,Temp_coldest_month
9581,42.84,-5.12,admixed,0.676894903182983,Prec_seasonality
9582,41.48,-1.63,spain,0.54120922088623,Prec_seasonality
9583,37.09,-3.38,relict,0.694004654884338,Annual_temp_range
9584,41.19,-3.58,spain,0.650917828083038,Prec_seasonality
9585,43.4,-7.39,western_europe,0.667628645896912,Prec_seasonality
9586,41.03,-3.27,spain,0.61073637008667,Prec_seasonality
9587,41.5,-1.88,spain,0.566776752471924,Prec_seasonality
9588,42.11,0.6,spain,0.576698541641235,Prec_seasonality
9589,41.6,-2.83,spain,0.601192653179169,Prec_seasonality
9590,43.37,-5.49,western_europe,0.604546010494232,Prec_seasonality
9591,42.86,-3.59,admixed,0.656853914260864,Prec_seasonality
9592,42.1,-5.44,admixed,0.590444684028625,Prec_seasonality
9593,42.26,-2.99,spain,0.69024932384491,Temp_coldest_month
9594,42.04,1.01,spain,0.603353023529053,Prec_seasonality
9595,40.89,-5.5,admixed,0.591067850589752,Prec_seasonality
9596,41.95,-7.45,admixed,0.603285014629364,Prec_seasonality
9597,42.31,-2.53,spain,0.628740847110748,Prec_seasonality
9598,41.88,-6.51,relict,0.626251399517059,Prec_seasonality
9599,42.8,-5.77,western_europe,0.679182291030884,Prec_seasonality
9600,39.85,-6.04,relict,0.487348824739456,Prec_seasonality
9601,41.85,-1.88,spain,0.62807559967041,Prec_seasonality
9602,40.5,-3.96,spain,0.530645847320557,Temp_coldest_month
9606,31.48,-7.45,relict,0.561115682125092,Prec_seasonality
9607,53.05,52.15,asia,0.508135497570038,Prec_driest_quarter
9608,51.37,59.44,asia,0.46944722533226,Prec_driest_quarter
9609,51.41,59.98,asia,0.455153793096542,Prec_driest_quarter
9610,53.04,51.96,asia,0.502102434635162,Prec_driest_quarter
9611,53.04,51.9,asia,0.51315975189209,Prec_driest_quarter
9612,53.04,51.94,asia,0.503602862358093,Prec_driest_quarter
9613,55.36,61.41,italy_balkan_caucasus,0.394496232271194,Prec_driest_quarter
9615,52.99,52.16,asia,0.502141296863556,Prec_driest_quarter
9616,53.06,51.96,asia,0.501880288124084,Prec_driest_quarter
9617,51.37,59.44,asia,0.46944722533226,Prec_driest_quarter
9619,51.84,79.48,asia,0.293209284543991,Prec_driest_quarter
9620,51.82,79.48,asia,0.293032765388489,Prec_driest_quarter
9621,51.84,79.46,asia,0.294193774461746,Prec_driest_quarter
9622,52.52,85.27,admixed,0.380972921848297,Prec_driest_quarter
9624,53.6,79.37,asia,0.340883284807205,Prec_driest_quarter
9625,51.31,82.59,asia,0.456105917692184,Prec_driest_quarter
9626,51.36,82.59,asia,0.456075698137283,Prec_driest_quarter
9627,51.32,82.55,asia,0.460809469223022,Prec_driest_quarter
9628,51.33,82.54,asia,0.460854291915894,Prec_driest_quarter
9629,51.35,82.18,asia,0.473329603672028,Prec_driest_quarter
9630,51.34,82.16,asia,0.473469138145447,Prec_driest_quarter
9631,51.65,80.79,asia,0.337803870439529,Prec_driest_quarter
9632,51.67,80.82,asia,0.337177217006683,Prec_driest_quarter
9633,51.63,80.83,asia,0.360189199447632,Prec_driest_quarter
9634,54.13,81.31,asia,0.284840911626816,Prec_wettest_quarter
9635,51.87,80.6,asia,0.356810033321381,Prec_driest_quarter
9636,51.75,80.82,asia,0.33929568529129,Prec_driest_quarter
9637,51.77,80.85,asia,0.339539349079132,Prec_driest_quarter
9638,51.73,80.86,asia,0.361761480569839,Prec_driest_quarter
9639,53.82,80.31,asia,0.273122727870941,Prec_wettest_quarter
9640,51.87,80.06,asia,0.349975079298019,Prec_driest_quarter
9641,51.9,80.06,asia,0.35032707452774,Prec_driest_quarter
9642,51.84,80.06,asia,0.350371301174164,Prec_driest_quarter
9643,52.1,79.31,asia,0.282717019319534,Prec_driest_quarter
9644,45.07,18.72,central_europe,0.523384749889374,Altitude
9645,45.17,18.7,central_europe,0.527125954627991,Altitude
9646,39.126899,16.170188,italy_balkan_caucasus,0.734264850616455,Temp_coldest_month
9647,40.37,16.77,italy_balkan_caucasus,0.668599188327789,Prec_wettest_quarter
9648,39.48,16.28,italy_balkan_caucasus,0.611096620559692,Prec_seasonality
9649,39.13,16.17,italy_balkan_caucasus,0.734264850616455,Temp_coldest_month
9651,40.68,14.87,italy_balkan_caucasus,0.673645198345184,Temp_coldest_month
9653,38.44,16.13,italy_balkan_caucasus,0.678037524223328,Temp_coldest_month
9655,38.92,16.47,italy_balkan_caucasus,0.647145211696625,Temp_coldest_month
9656,40.64,17.31,italy_balkan_caucasus,0.649237155914307,Temp_coldest_month
9657,38.45,16.04,italy_balkan_caucasus,0.624400973320007,Prec_wettest_quarter
9658,38.97,16.34,italy_balkan_caucasus,0.704300820827484,Temp_coldest_month
9659,41.18,14.18,italy_balkan_caucasus,0.605573058128357,Prec_seasonality
9660,40.84,14.57,italy_balkan_caucasus,0.681059598922729,Temp_coldest_month
9661,39.58,16.21,italy_balkan_caucasus,0.607072114944458,Prec_seasonality
9663,41.33,14.09,admixed,0.562575578689575,Prec_seasonality
9664,46.366,11.2832,central_europe,0.451449364423752,Altitude
9665,46.366,11.2832,central_europe,0.451449364423752,Altitude
9666,46.366,11.2832,central_europe,0.451449364423752,Altitude
9667,46.366,11.2832,central_europe,0.451449364423752,Altitude
9668,46.3668,11.2837,central_europe,0.451449364423752,Altitude
9669,46.3668,11.2837,central_europe,0.451449364423752,Altitude
9670,46.3668,11.2837,central_europe,0.451449364423752,Altitude
9671,46.3668,11.2837,central_europe,0.451449364423752,Altitude
9672,46.3668,11.2837,central_europe,0.451449364423752,Altitude
9673,46.3668,11.2837,central_europe,0.451449364423752,Altitude
9676,46.3718,11.2866,central_europe,0.451449364423752,Altitude
9677,46.3718,11.2866,central_europe,0.451449364423752,Altitude
9678,46.3718,11.2866,central_europe,0.451449364423752,Altitude
9679,46.3378,11.2928,central_europe,0.453989267349243,Altitude
9680,46.3378,11.2928,central_europe,0.453989267349243,Altitude
9681,46.3378,11.2928,central_europe,0.453989267349243,Altitude
9682,46.3378,11.2928,central_europe,0.453989267349243,Altitude
9683,46.3378,11.2928,central_europe,0.453989267349243,Altitude
9684,46.3378,11.2928,central_europe,0.453989267349243,Altitude
9685,46.3378,11.2928,central_europe,0.453989267349243,Altitude
9686,46.3378,11.2928,central_europe,0.453989267349243,Altitude
9687,46.3378,11.2928,central_europe,0.453989267349243,Altitude
9689,46.3378,11.2928,central_europe,0.453989267349243,Altitude
9690,46.3378,11.2928,central_europe,0.453989267349243,Altitude
9691,46.3378,11.2928,admixed,0.453989267349243,Altitude
9692,46.3378,11.2928,central_europe,0.453989267349243,Altitude
9693,46.3378,11.2928,central_europe,0.453989267349243,Altitude
9694,46.3378,11.2928,central_europe,0.453989267349243,Altitude
9695,46.3378,11.2928,central_europe,0.453989267349243,Altitude
9696,46.3378,11.2928,central_europe,0.453989267349243,Altitude
9697,41.62,23.94,italy_balkan_caucasus,0.606527924537659,Prec_seasonality
9698,41.57,23.85,italy_balkan_caucasus,0.595111548900604,Prec_seasonality
9699,41.37,23.14,italy_balkan_caucasus,0.5802001953125,Temp_coldest_month
9700,42.32,23.1,italy_balkan_caucasus,0.550697863101959,Prec_seasonality
9701,43.7,25.91,italy_balkan_caucasus,0.505885183811188,Altitude
9703,41.53,23.39,italy_balkan_caucasus,0.571622848510742,Prec_seasonality
9704,41.53,23.39,italy_balkan_caucasus,0.571622848510742,Prec_seasonality
9705,41.5,23.33,italy_balkan_caucasus,0.547488331794739,Prec_seasonality
9706,41.64,24.18,italy_balkan_caucasus,0.603163957595825,Temp_coldest_month
9707,41.57,24.84,italy_balkan_caucasus,0.609928369522095,Prec_seasonality
9708,41.62,25.35,italy_balkan_caucasus,0.601493835449219,Temp_coldest_month
9709,41.85,23.13,italy_balkan_caucasus,0.582987189292908,Prec_seasonality
9710,41.85,23.13,italy_balkan_caucasus,0.582987189292908,Prec_seasonality
9711,42.32,23.1,italy_balkan_caucasus,0.550697863101959,Prec_seasonality
9712,42.32,23.1,italy_balkan_caucasus,0.550697863101959,Prec_seasonality
9713,42.49,25.61,italy_balkan_caucasus,0.543139696121216,Altitude
9714,41.84,25.75,italy_balkan_caucasus,0.574702739715576,Prec_seasonality
9716,41.54,24.98,italy_balkan_caucasus,0.585431933403015,Altitude
9717,41.66,25.47,italy_balkan_caucasus,0.589344263076782,Prec_seasonality
9718,41.55,24.75,italy_balkan_caucasus,0.616007268428802,Prec_seasonality
9719,41.83,25.69,italy_balkan_caucasus,0.567075848579407,Prec_seasonality
9720,41.77,25.68,italy_balkan_caucasus,0.573238790035248,Prec_seasonality
9721,42.72,25.33,italy_balkan_caucasus,0.605560302734375,Prec_seasonality
9722,41.71,24.41,italy_balkan_caucasus,0.614995360374451,Prec_seasonality
9723,41.42,23.67,italy_balkan_caucasus,0.643771171569824,Prec_seasonality
9725,37.6,23.08,italy_balkan_caucasus,0.643071472644806,Temp_coldest_month
9726,37.07,22.04,italy_balkan_caucasus,0.416951775550842,Prec_wettest_quarter
9727,37.63,21.62,central_europe,0.575459480285645,Annual_temp_range
9728,48.46,18.9,central_europe,0.60845685005188,Temp_coldest_month
9729,48.46,18.9,central_europe,0.60845685005188,Temp_coldest_month
9730,48.47,18.94,central_europe,0.614776492118835,Temp_coldest_month
9731,48.46,18.9,central_europe,0.60845685005188,Temp_coldest_month
9732,48.47,18.96,central_europe,0.607197105884552,Temp_coldest_month
9733,48.47,18.94,central_europe,0.614776492118835,Temp_coldest_month
9735,48.47,18.94,central_europe,0.614776492118835,Temp_coldest_month
9736,44.69,25.17,admixed,0.506930470466614,Altitude
9737,45.95,22.62,asia,0.546254515647888,Altitude
9738,45.57,25.42,admixed,0.556982457637787,Altitude
9739,46.01,22.33,central_europe,0.545226573944092,Altitude
9741,45.84,23.16,central_europe,0.547919631004333,Altitude
9743,45.14,25,admixed,0.5906782746315,Altitude
9744,47.16,27.59,admixed,0.562359511852264,Altitude
9745,41.45,70.05,asia,0.566077828407288,Prec_wettest_quarter
9747,44.38,21.22,central_europe,0.527936398983002,Altitude
9748,44.23,21.71,admixed,0.615702748298645,Prec_driest_quarter
9749,43.54,22.29,italy_balkan_caucasus,0.515831649303436,Altitude
9754,44.66,21.37,admixed,0.537329494953156,Altitude
9755,44.56,22.56,italy_balkan_caucasus,0.609553933143616,Prec_driest_quarter
9756,44.3,21.08,central_europe,0.508107900619507,Altitude
9757,44.3,21.08,italy_balkan_caucasus,0.508107900619507,Altitude
9758,47.75,88.4,asia,0.285152822732925,Prec_driest_quarter
9759,37.47,49.47,italy_balkan_caucasus,0.0718651115894318,isothermality
9761,33.92,35.7,central_europe,0.459432005882263,Annual_temp_range
9762,37.69,14.98,admixed,0.694764614105225,Temp_coldest_month
9764,34.1,35.84,admixed,0.490827471017838,Annual_temp_range
9766,42.26,74.16,asia,0.464715480804443,Temp_coldest_month
9768,48.57,9.16,central_europe,0.613751590251923,Prec_seasonality
9769,48.55,8.99,central_europe,0.618687510490417,Prec_seasonality
9770,48.53,9.01,central_europe,0.618290066719055,Prec_seasonality
9771,48.56,9.11,central_europe,0.615369498729706,Prec_seasonality
9772,48.41,8.85,central_europe,0.621317625045776,Prec_seasonality
9774,48.59,9.22,central_europe,0.613242328166962,Prec_seasonality
9775,48.41,8.79,central_europe,0.612185895442963,Prec_seasonality
9776,48.43,8.79,central_europe,0.611167728900909,Prec_seasonality
9777,48.57,9.17,central_europe,0.613376677036285,Prec_seasonality
9778,48.41,8.84,central_europe,0.621003806591034,Prec_seasonality
9779,48.5,8.78,central_europe,0.611445426940918,Prec_seasonality
9780,48.43,8.79,central_europe,0.611167728900909,Prec_seasonality
9781,48.52,9.11,central_europe,0.61649626493454,Prec_seasonality
9782,48.53,9.09,central_europe,0.615888655185699,Prec_seasonality
9783,48.52,9.05,admixed,0.615775942802429,Prec_seasonality
9784,48.5,8.8,central_europe,0.612181961536407,Prec_seasonality
9785,48.54,9.02,central_europe,0.618396639823914,Prec_seasonality
9786,48.54,9.01,central_europe,0.618396639823914,Prec_seasonality
9787,48.5,9,central_europe,0.618783712387085,Prec_seasonality
9788,48.53,9.01,central_europe,0.618290066719055,Prec_seasonality
9789,48.39,8.96,central_europe,0.609163701534271,Prec_seasonality
9790,48.58,9.18,central_europe,0.612732827663422,Prec_seasonality
9791,48.6,9.2,central_europe,0.611967742443085,Prec_seasonality
9792,48.54,9.09,central_europe,0.615888655185699,Prec_seasonality
9793,48.57,9.16,central_europe,0.613751590251923,Prec_seasonality
9794,48.52,9.08,central_europe,0.616615474224091,Prec_seasonality
9795,48.5,9.11,central_europe,0.617310464382172,Prec_seasonality
9796,48.41,8.84,central_europe,0.621003806591034,Prec_seasonality
9797,48.54,9.02,central_europe,0.618396639823914,Prec_seasonality
9798,48.54,9.01,central_europe,0.618396639823914,Prec_seasonality
9799,48.39,8.85,central_europe,0.621888697147369,Prec_seasonality
9800,48.54,9.01,central_europe,0.618396639823914,Prec_seasonality
9801,48.54,9.01,central_europe,0.618396639823914,Prec_seasonality
9802,48.51,9.11,central_europe,0.617310464382172,Prec_seasonality
9803,48.42,8.76,central_europe,0.624325513839722,Prec_seasonality
9804,48.45,8.87,central_europe,0.622690439224243,Prec_seasonality
9805,48.54,9.09,central_europe,0.615888655185699,Prec_seasonality
9806,48.56,9.16,central_europe,0.613929569721222,Prec_seasonality
9807,48.6,9.22,central_europe,0.611841678619385,Prec_seasonality
9808,48.52,9.08,central_europe,0.616615474224091,Prec_seasonality
9809,48.52,9.05,western_europe,0.615775942802429,Prec_seasonality
9810,48.53,9.07,central_europe,0.616695463657379,Prec_seasonality
9811,48.52,9.05,central_europe,0.615775942802429,Prec_seasonality
9812,48.52,9.03,central_europe,0.618474304676056,Prec_seasonality
9813,48.4,8.77,central_europe,0.622871935367584,Prec_seasonality
9814,48.42,8.79,central_europe,0.613436102867126,Prec_seasonality
9815,48.54,9.02,central_europe,0.618396639823914,Prec_seasonality
9816,48.55,9.06,central_europe,0.61633688211441,Prec_seasonality
9817,39.84,-6.6,spain,0.501921415328979,Prec_seasonality
9819,42.35,-3.03,spain,0.650060176849365,Prec_seasonality
9820,41,-4.71,spain,0.596529841423035,Prec_seasonality
9821,41.81,2.49,spain,0.586271226406097,Prec_seasonality
9822,40.52,-4.02,spain,0.565702140331268,Temp_coldest_month
9823,43.34,-5.84,western_europe,0.553698718547821,Prec_seasonality
9824,42.91,-4.91,admixed,0.681878864765167,Temp_coldest_month
9825,40.4,-3.88,spain,0.530727028846741,Prec_seasonality
9826,42.49,-6.71,western_europe,0.633767008781433,Prec_seasonality
9827,42.78,0.69,western_europe,0.6529141664505,Prec_seasonality
9828,42.5,-6.15,western_europe,0.641109049320221,Prec_seasonality
9830,36.97,-3.28,admixed,0.645486950874329,Annual_temp_range
9831,38.54,-3.39,admixed,0.526788830757141,Temp_coldest_month
9832,40.54,-3.69,relict,0.521060526371002,Prec_seasonality
9833,40.38,-4.21,spain,0.536454200744629,Prec_seasonality
9834,40.51,-3.9,spain,0.536420106887817,Prec_seasonality
9835,40.61,-6.57,admixed,0.58175802230835,Prec_seasonality
9836,41.25,-1.32,spain,0.586065053939819,Prec_seasonality
9837,37.94,-5.6,relict,0.489168256521225,Annual_temp_range
9838,41.83,-5.38,admixed,0.594336628913879,Prec_seasonality
9839,40.44,-4.27,admixed,0.58445543050766,Prec_seasonality
9840,41.13,-1.43,spain,0.553059220314026,Prec_seasonality
9841,40.59,-4.15,spain,0.618234694004059,Temp_coldest_month
9843,40.53,-3.92,spain,0.55186939239502,Prec_seasonality
9844,42.27,0.19,spain,0.519813716411591,Prec_seasonality
9845,40.48,-3.96,spain,0.530263066291809,Temp_coldest_month
9846,42.31,-3.02,spain,0.652865469455719,Prec_seasonality
9847,43.31,-5.7,western_europe,0.547618329524994,Prec_seasonality
9848,40.11,-5.77,spain,0.565773010253906,Prec_seasonality
9849,40.65,-4.11,admixed,0.611932992935181,Prec_seasonality
9850,42.86,-0.7,spain,0.693632364273071,Temp_coldest_month
9851,42.96,-6.1,western_europe,0.679204046726227,Temp_coldest_month
9852,40.46,-3.75,spain,0.513988316059113,Prec_seasonality
9853,43.33,-5.91,western_europe,0.531663179397583,Prec_seasonality
9854,43.36,-5.88,western_europe,0.555624485015869,Prec_seasonality
9855,40.57,-3.89,spain,0.55241459608078,Prec_seasonality
9856,40.51,-4,spain,0.556310296058655,Temp_coldest_month
9857,40.33,-3.8,spain,0.526758193969727,Prec_seasonality
9858,40.98,-3.8,admixed,0.687490284442902,Temp_coldest_month
9859,40.5,-3.88,spain,0.534421801567078,Prec_seasonality
9860,42.24,-2.62,spain,0.64777809381485,Prec_seasonality
9861,40.72,-3.21,spain,0.531126081943512,Prec_seasonality
9862,40.45,-3.67,western_europe,0.521798849105835,Prec_seasonality
9864,41.76,2.69,spain,0.577384293079376,Prec_seasonality
9866,41.89,-2.79,spain,0.672086894512177,Prec_seasonality
9867,40.94,-3.22,spain,0.578676760196686,Prec_seasonality
9868,41.78,2.37,spain,0.612149655818939,Prec_seasonality
9869,36.76,-5.28,relict,0.5402552485466,Annual_temp_range
9870,41.91,0.17,spain,0.475109398365021,Prec_seasonality
9871,40.75,-3.99,relict,0.664116382598877,Prec_seasonality
9873,37.94,-5.45,spain,0.447079926729202,Prec_seasonality
9874,42.34,-3,spain,0.6456618309021,Prec_seasonality
9875,43.38,-5.87,western_europe,0.606283068656921,Prec_seasonality
9876,41.34,0.99,spain,0.615655660629272,Prec_seasonality
9877,43.02,-5.6,admixed,0.663774967193604,Temp_coldest_month
9878,40.78,-3.62,spain,0.570825397968292,Prec_seasonality
9879,37.6,-1.12,relict,0.623137652873993,Prec_wettest_quarter
9880,42.72,-3.44,spain,0.643078744411469,Prec_seasonality
9881,40.46,-5.32,admixed,0.660212397575378,Prec_seasonality
9882,40.46,-4.26,spain,0.583897352218628,Prec_seasonality
9883,42.1,-2.56,spain,0.658576667308807,Temp_coldest_month
9885,41.14,-3.68,spain,0.652101933956146,Prec_seasonality
9886,42.38,1.73,spain,0.645958840847015,Prec_seasonality
9887,40.4,-4.77,relict,0.57860255241394,Prec_seasonality
9888,40.93,-3.31,spain,0.572846651077271,Prec_seasonality
9890,43.16,-5.07,admixed,0.68586403131485,Prec_seasonality
9891,41.93,2.92,spain,0.609457850456238,Prec_seasonality
9892,42.68,-6.96,admixed,0.648925721645355,Prec_seasonality
9894,42.59,0.76,admixed,0.671457529067993,Temp_coldest_month
9895,41.78,2.57,spain,0.520135462284088,Prec_seasonality
9897,40.95,-5.63,admixed,0.59177577495575,Prec_seasonality
9898,41.14,-3.58,spain,0.688586533069611,Prec_seasonality
9899,42.54,0.84,spain,0.666201114654541,Temp_coldest_month
9900,37.38,-6.01,spain,0.411339968442917,Prec_seasonality
9901,42.27,-2.98,spain,0.685021579265594,Temp_coldest_month
9902,40.71,-3.24,spain,0.543008506298065,Prec_seasonality
9903,42.31,-3.1,spain,0.685997009277344,Prec_seasonality
9904,40.95,-3.31,spain,0.571305155754089,Prec_seasonality
9905,40.76,-4.01,relict,0.676394641399384,Annual_temp_range
9906,40,4.25,admixed,0.327156215906143,Prec_wettest_quarter
9908,50.72,3.47,western_europe,0.693211257457733,Prec_seasonality
9909,50.59,3.3,western_europe,0.663929283618927,Prec_seasonality
9910,50.68,3.52,western_europe,0.679491877555847,Prec_seasonality
9911,47.16,4.28,western_europe,0.665101528167725,Prec_seasonality
9912,46.67,4.55,western_europe,0.653726756572723,Prec_seasonality
9914,47.58,5.33,central_europe,0.649556040763855,Prec_seasonality
9915,47.45,3.94,central_europe,0.654991209506989,Prec_seasonality
9917,46.69,4.34,western_europe,0.6474449634552,Prec_seasonality
9918,47.43,5.21,western_europe,0.648407518863678,Prec_seasonality
9920,48.54,4.32,germany,0.643967390060425,Prec_seasonality
9921,48.57,4.41,western_europe,0.645711302757263,Prec_seasonality
9924,48.59,4.24,admixed,0.644077003002167,Prec_seasonality
9925,48.91,4.52,western_europe,0.649241864681244,Prec_seasonality
9926,48.86,4.1,western_europe,0.647273898124695,Prec_seasonality
9927,44.05,3.69,western_europe,0.613462269306183,Prec_seasonality
9928,44.12,3.77,western_europe,0.602896988391876,Prec_seasonality
9929,43.92,3.71,western_europe,0.583564698696136,Prec_seasonality
9930,43.91,4.14,central_europe,0.540227293968201,Prec_seasonality
9932,44.12,4.33,admixed,0.566391050815582,Prec_seasonality
9933,43.74,3.89,admixed,0.571470677852631,Prec_seasonality
9935,50.6,2.93,western_europe,0.679975032806396,Prec_seasonality
9937,50.79,2.69,western_europe,0.661430239677429,Prec_seasonality
9938,50.65,2.99,western_europe,0.674975633621216,Prec_seasonality
9939,31.48,-7.45,relict,0.561115682125092,Prec_seasonality
9941,40.92,-8.54,western_europe,0.627595961093903,Prec_seasonality
9942,41.32,-1.34,spain,0.583283662796021,Prec_seasonality
9943,39.73,-5.74,spain,0.525237023830414,Prec_seasonality
9944,36.83,-6.36,relict,0.398061841726303,isothermality
9945,41.8,-3.11,admixed,0.635128617286682,Prec_seasonality
9946,38.92,-6.34,spain,0.48520839214325,Prec_seasonality
9947,40.74,-3.9,relict,0.613438606262207,Prec_seasonality
9948,41.05,-3.54,spain,0.636303901672363,Prec_seasonality
9949,42.69,-6.93,western_europe,0.652019143104553,Prec_seasonality
9950,42.63,0.76,spain,0.658505737781525,Temp_coldest_month
9951,51.3333,82.5667,asia,0.460073232650757,Prec_driest_quarter
9952,51.32,82.55,asia,0.460809469223022,Prec_driest_quarter
9953,51.33,82.19,asia,0.473025590181351,Prec_driest_quarter
9955,54.09,60.46,asia,0.378198683261871,Prec_driest_quarter
9956,54.06,60.48,asia,0.379604607820511,Prec_driest_quarter
9957,53.04,51.75,asia,0.520981431007385,Prec_driest_quarter
9958,53.33,49.48,asia,0.534083187580109,Prec_driest_quarter
9959,53.33,49.48,asia,0.534083187580109,Prec_driest_quarter
9960,51.31,57.56,asia,0.562431871891022,Prec_driest_quarter
9962,40.57,15.32,italy_balkan_caucasus,0.588274896144867,Prec_seasonality
9963,39.18,16.26,italy_balkan_caucasus,0.727425754070282,Temp_coldest_month
9964,38.36,16.23,italy_balkan_caucasus,0.648078620433807,Temp_coldest_month
9965,38.38,16.22,italy_balkan_caucasus,0.693052768707275,Temp_coldest_month
9966,40.28,15.65,italy_balkan_caucasus,0.588206470012665,Prec_seasonality
9968,39.27,16.27,italy_balkan_caucasus,0.657847881317139,Prec_seasonality
9969,40.18,16.45,italy_balkan_caucasus,0.565465211868286,Prec_seasonality
9970,46.3716,11.2376,central_europe,0.526854932308197,Altitude
9971,46.513,11.331,central_europe,0.531872153282166,Prec_driest_quarter
9972,46.513,11.331,central_europe,0.531872153282166,Prec_driest_quarter
9973,46.366,11.2832,central_europe,0.451449364423752,Altitude
9974,46.3378,11.2928,central_europe,0.453989267349243,Altitude
9975,46.3378,11.2928,central_europe,0.453989267349243,Altitude
9976,46.2543,11.167,central_europe,0.534335851669312,Altitude
9978,46.6297,10.817,central_europe,0.528349757194519,Prec_driest_quarter
9979,46.36,11.23,central_europe,0.532626330852509,Prec_driest_quarter
9980,38.62,16.17,italy_balkan_caucasus,0.664746403694153,Prec_wettest_quarter
9981,38.76,16.24,italy_balkan_caucasus,0.67171573638916,Prec_wettest_quarter
9982,39.01,16.47,italy_balkan_caucasus,0.698504388332367,Temp_coldest_month
9983,41.62,12.87,admixed,0.608919858932495,Prec_seasonality
9984,41.62,12.87,admixed,0.608919858932495,Prec_seasonality
9985,41.43,23.65,italy_balkan_caucasus,0.644140601158142,Prec_seasonality
9986,41.59,25.2,italy_balkan_caucasus,0.661226272583008,Prec_seasonality
9987,41.43,23.5,italy_balkan_caucasus,0.561570286750793,Prec_seasonality
9988,41.7942,43.4767,italy_balkan_caucasus,0.616451442241669,Prec_driest_quarter
9990,41.8296,46.2831,italy_balkan_caucasus,0.562327146530151,Prec_driest_quarter
9991,41.2381,46.3728,italy_balkan_caucasus,0.520947098731995,Prec_driest_quarter
9993,38.6425,42.2394,admixed,0.577720165252686,Annual_temp_range
9995,48.14,9.4,central_europe,0.614544749259949,Temp_coldest_month
9996,48.52,8.8,central_europe,0.610506117343903,Prec_seasonality
9997,48.56,9.16,central_europe,0.613929569721222,Prec_seasonality
9998,48.43,8.82,admixed,0.610621511936188,Prec_seasonality
9999,48.53,9.06,central_europe,0.617270588874817,Prec_seasonality
10001,48.52,9.05,western_europe,0.615775942802429,Prec_seasonality
10002,48.53,9.04,western_europe,0.617676734924316,Prec_seasonality
10004,44.46,25.74,italy_balkan_caucasus,0.495132148265839,Altitude
10005,46.11,21.95,central_europe,0.548457980155945,Altitude
10006,44.6419,34.3814,italy_balkan_caucasus,0.681819021701813,Temp_coldest_month
10008,41.45,70.05,asia,0.566077828407288,Prec_wettest_quarter
10009,41.45,70.05,asia,0.566077828407288,Prec_wettest_quarter
10010,41.45,70.05,asia,0.566077828407288,Prec_wettest_quarter
10011,39.8692,45.3622,asia,0.535236775875092,Prec_driest_quarter
10012,38.9786,48.5594,italy_balkan_caucasus,0.614554822444916,Temp_coldest_month
10013,38.7406,48.6131,italy_balkan_caucasus,0.636230289936066,Temp_coldest_month
10014,38.6536,48.7992,italy_balkan_caucasus,0.680755853652954,Temp_coldest_month
10015,37.29,71.3,asia,0.200588181614876,Prec_wettest_quarter
10017,44.34,21.46,central_europe,0.544892311096191,Altitude
10018,44.84,20.16,central_europe,0.460961520671844,Altitude
10020,49.17,16.5,central_europe,0.612357914447784,Altitude
10022,48.0333,7.7667,admixed,0.607569754123688,Altitude
10023,68.8,15.45,admixed,0.53975784778595,isothermality
10027,48.02838,7.765567,central_europe,0.608055233955383,Altitude
14312,62.02,34.12,asia,0.57241302728653,Prec_wettest_quarter
14313,62.02,34.12,asia,0.57241302728653,Prec_wettest_quarter
14314,61.59,35.11,asia,0.506830275058746,Temp_coldest_month
14315,61.59,35.11,asia,0.506830275058746,Temp_coldest_month
14318,61.94,34.24,asia,0.565311014652252,Temp_coldest_month
14319,61.94,34.24,asia,0.565311014652252,Temp_coldest_month
15560,61.37,61.37,asia,0.214158654212952,Prec_wettest_quarter
15591,48.3315333,14.72665,central_europe,0.610635042190552,Temp_coldest_month
15592,48.3314667,14.7158667,central_europe,0.610614061355591,Temp_coldest_month
15593,48.3314667,14.7158667,central_europe,0.610614061355591,Temp_coldest_month
18694,60.4,32.09,asia,0.150234535336494,Prec_seasonality
18696,61.57,30.63,asia,0.611916661262512,Temp_coldest_month
19949,48.3268333,14.7181667,central_europe,0.610635042190552,Temp_coldest_month
19950,48.3268333,14.7181667,central_europe,0.610635042190552,Temp_coldest_month
19951,48.3268333,14.7181667,central_europe,0.610635042190552,Temp_coldest_month
