table;pot;ID.boite.eppendorf;Genotype;NASC;date.semis;date.transplantation;date.fleur1;date.recolte;stem;mean_rank;statut;date.death;note
1;1;3;7384;N76624;07/09/2021;13/10/2021;02/12/2021;09/12/2021;principal;12;harvested;;
1;2;3;6193;N77354;06/09/2021;14/10/2021;06/12/2021;13/12/2021;;;harvested;;
1;3;;9507;N76775;06/09/2021;13/10/2021;;;;;dead;17/01/2022;
1;4;3;9774;N76663;07/09/2021;13/10/2021;25/11/2021;09/12/2021;;;harvested;;
1;5;3;9843;N76840;06/09/2021;14/10/2021;06/12/2021;13/12/2021;both;5,943921953;harvested;;
1;6;1;9830;N76736;07/09/2021;13/10/2021;15/11/2021;22/11/2021;principal;16;harvested;;
1;7;;6074;N77150;06/09/2021;13/10/2021;;;;;dead;17/01/2022;
1;8;;6244;N77384;06/09/2021;13/10/2021;;;;;dead;17/01/2022;vers
1;9;1;5353;N78792;07/09/2021;14/10/2021;22/11/2021;01/12/2021;both;7,113786609;harvested;;doutes sur date de recolte
1;10;3;9643;N77245;06/09/2021;13/10/2021;23/11/2021;08/12/2021;principal;21;harvested;;
1;11;;9838;N76784;06/09/2021;13/10/2021;;;;;dead;17/01/2022;
1;12;4;630;N77036;06/09/2021;14/10/2021;13/12/2021;21/12/2021;principal;20;harvested;;doutes sur date de recolte
1;13;1;9647;N76690;07/09/2021;13/10/2021;17/11/2021;24/11/2021;principal;14;harvested;;
1;14;4;7002;N76442;06/09/2021;13/10/2021;10/12/2021;21/12/2021;principal;17;harvested;;
1;15;3;9978;N76350;06/09/2021;14/10/2021;29/11/2021;08/12/2021;principal;22;harvested;;
1;16;;9520;N76670;06/09/2021;13/10/2021;;;;;dead;17/01/2022;
1;17;3;9744;N76944;06/09/2021;14/10/2021;29/11/2021;14/12/2021;secondary;18;harvested;;branche principale morte
1;18;;628;N78951;06/09/2021;14/10/2021;;;;;dead;26/10/2021;
1;19;;1317;N76665;07/09/2021;13/10/2021;;;;;dead;26/10/2021;
1;20;;8351;CS77154;06/09/2021;13/10/2021;;;;;dead;date inconnue;bas du frigo
1;21;1;9660;N77236;06/09/2021;14/10/2021;22/11/2021;29/11/2021;principal;15;harvested;;
1;22;3;9738;N76722;07/09/2021;13/10/2021;02/12/2021;08/12/2021;;;harvested;;vers
1;23;3;9523;N76700;07/09/2021;13/10/2021;03/12/2021;10/12/2021;principal;15;harvested;;
1;24;3;9834;N76768;07/09/2021;13/10/2021;29/11/2021;08/12/2021;principal;19;harvested;;
1;25;1;5800;N78791;07/09/2021;14/10/2021;16/11/2021;22/11/2021;principal;13;harvested;;doutes sur date de recolte
1;26;;6123;N78064;06/09/2021;13/10/2021;06/01/2022;;;;dead;17/01/2022;
1;27;1;9519;N78886;06/09/2021;14/10/2021;22/11/2021;29/11/2021;both;6,738664101;harvested;;
1;28;;8237;N76964;06/09/2021;22/10/2021;;;;;dead;17/01/2022;
1;29;5;9867;N77083;06/09/2021;22/10/2021;06/01/2022;12/01/2022;;;harvested;;
1;30;4;9543;N76886;06/09/2021;13/10/2021;07/12/2021;17/12/2021;;;harvested;;
1;31;1;9585;N77287;06/09/2021;13/10/2021;09/11/2021;18/11/2021;;;harvested;;
1;32;;9524;N78887;06/09/2021;22/10/2021;10/01/2022;;;;dead;17/01/2022;vers
1;33;3;932;N76765;07/09/2021;13/10/2021;07/12/2021;13/12/2021;principal;17;harvested;;doutes sur date de recolte
1;34;;9531;N76761;07/09/2021;13/10/2021;31/12/2021;;;;dead;17/01/2022;
1;35;2;6180;N77339;06/09/2021;13/10/2021;22/11/2021;07/12/2021;secondary;4;harvested;;
1;36;2;9791;N76914;06/09/2021;14/10/2021;24/11/2021;07/12/2021;principal;20;harvested;;vers
1;37;;9081;N77026;06/09/2021;14/10/2021;;;;;dead;17/01/2022;
1;38;;9106;N77003;06/09/2021;22/10/2021;;;;;dead;26/10/2021;
1;39;1;8365;N77201;06/09/2021;13/10/2021;22/11/2021;26/11/2021;;;harvested;;
1;40;;9871;N77117;06/09/2021;13/10/2021;;;;;probably dead;INTROUVABLE;
1;41;3;9807;N77240;06/09/2021;13/10/2021;03/12/2021;13/12/2021;principal;20;harvested;;
1;42;2;350;N77382;06/09/2021;13/10/2021;24/11/2021;02/12/2021;secondary;2,289428485;harvested;;doutes sur date de recolte
1;43;5;8240;N76987;06/09/2021;13/10/2021;10/01/2022;19/01/2022;principal;16;harvested;;vers
1;44;;6917;N76850;06/09/2021;13/10/2021;;;;;dead;date inconnue;
1;45;;6102;N77295;06/09/2021;13/10/2021;;;;;dead;17/01/2022;
1;46;4;9887;N77196;06/09/2021;13/10/2021;16/12/2021;23/12/2021;principal;17;harvested;;bas du frigo
1;47;;9846;N76849;06/09/2021;14/10/2021;;;;;dead;17/01/2022;
1;48;3;9782;N77057;06/09/2021;14/10/2021;01/12/2021;08/12/2021;principal;13;harvested;;
1;49;;7117;N76479;06/09/2021;14/10/2021;;;;;dead;28/10/2021;
1;50;;8326;N77042;06/09/2021;14/10/2021;;;;;dead;26/10/2021;
1;51;1;7337;N76601;07/09/2021;14/10/2021;22/11/2021;26/11/2021;principal;12;harvested;;
1;52;2;9962;CS76423;06/09/2021;13/10/2021;29/11/2021;07/12/2021;principal;18;harvested;;
1;53;;6024;N76864;06/09/2021;14/10/2021;;;;;dead;28/10/2021;
1;54;1;2278;N77255;06/09/2021;13/10/2021;22/11/2021;29/11/2021;principal;15;harvested;;doutes sur date de recolte
1;55;5;6214;CS78121;06/09/2021;13/10/2021;04/01/2022;11/01/2022;principal;13;harvested;;
1;56;1;6963;N78917;06/09/2021;14/10/2021;22/11/2021;26/11/2021;principal;11;harvested;;
1;57;1;9610;N77034;06/09/2021;14/10/2021;22/11/2021;29/11/2021;both;5,09164337;harvested;;vers
1;58;1;7413;N78856;06/09/2021;13/10/2021;22/11/2021;29/11/2021;principal;20;harvested;;
1;59;5;9343;N78896;06/09/2021;13/10/2021;03/01/2022;11/01/2022;principal;17;harvested;;vers
1;60;;9885;N77189;06/09/2021;13/10/2021;;;;;dead;26/10/2021;
1;61;;4958;N78814;06/09/2021;14/10/2021;17/01/2022;;;;dead;17/01/2022;
1;62;1;9781;N76990;06/09/2021;14/10/2021;22/11/2021;26/11/2021;principal;11;harvested;;vers
1;63;;6111;N77302;06/09/2021;13/10/2021;;;;;dead;17/01/2022;
1;64;;6086;N77267;06/09/2021;13/10/2021;18/01/2022;;;;dead;17/01/2022;
1;65;5;6209;CS77358;06/09/2021;13/10/2021;27/12/2021;03/01/2022;principal;15;harvested;;bas du frigo
1;66;4;9598;N78844;06/09/2021;13/10/2021;20/12/2021;27/12/2021;principal;15;harvested;;
1;67;2;9815;N76900;06/09/2021;14/10/2021;22/11/2021;03/12/2021;principal;15;harvested;;
1;68;2;9882;N77178;06/09/2021;13/10/2021;29/11/2021;07/12/2021;principal;19;harvested;;vers
1;69;3;9537;N76787;06/09/2021;13/10/2021;08/12/2021;14/12/2021;;;harvested;;
1;70;2;7387;N76625;07/09/2021;13/10/2021;25/11/2021;03/12/2021;principal;11;harvested;;
1;71;;8334;N77056;06/09/2021;14/10/2021;;;;;dead;26/10/2021;
1;72;5;10023;CS77284;06/09/2021;13/10/2021;27/12/2021;04/01/2022;principal;12;harvested;;
1;73;;6101;N78045;07/09/2021;13/10/2021;;;;;dead;17/01/2022;
1;74;3;915;N77040;06/09/2021;14/10/2021;29/11/2021;08/12/2021;principal;12;harvested;;doutes sur date de recolte
1;75;;6918;N76851;06/09/2021;14/10/2021;;;;;dead;26/10/2021;
1;76;3;9336;N76715;07/09/2021;13/10/2021;06/12/2021;10/12/2021;principal;14;harvested;;
1;77;;9617;N76960;06/09/2021;14/10/2021;;;;;dead;26/10/2021;
1;78;;8234;N76896;06/09/2021;14/10/2021;;;;;dead;26/10/2021;
1;79;;6151;N77328;06/09/2021;14/10/2021;;;;;dead;26/10/2021;
1;80;4;9663;N77357;06/09/2021;14/10/2021;07/12/2021;16/12/2021;principal;19;harvested;;
1;81;;9078;N77024;06/09/2021;14/10/2021;;;;;dead;26/10/2021;
1;82;1;9897;N77257;06/09/2021;13/10/2021;19/11/2021;23/11/2021;principal;11;harvested;;
1;83;1;7062;N76459;06/09/2021;14/10/2021;22/11/2021;01/12/2021;principal;12;harvested;;
1;84;3;9539;N76793;07/09/2021;13/10/2021;02/12/2021;10/12/2021;principal;20;harvested;;
1;85;1;9823;N76681;07/09/2021;13/10/2021;10/11/2021;18/11/2021;principal;13;harvested;;
1;86;4;9756;N77273;06/09/2021;13/10/2021;20/12/2021;27/12/2021;principal;15;harvested;;
1;87;;9314;N76883;06/09/2021;14/10/2021;;;;;dead;26/10/2021;
1;88;3;4884;N78811;06/09/2021;14/10/2021;30/11/2021;08/12/2021;principal;18;harvested;;doutes sur date de recolte
1;89;;9733;N76697;07/09/2021;13/10/2021;;;;;empty;;empty
1;90;4;7276;N76566;06/09/2021;14/10/2021;NA;17/12/2021;principal;15;harvested;;
1;91;;5856;N76806;06/09/2021;13/10/2021;10/01/2022;;;;dead;17/01/2022;
1;92;NA;9383;N76870;06/09/2021;14/10/2021;06/01/2022;12/01/2022;principal;12;probably lost;;doute sur le genotype noté 9382 sur leppendorf 
1;93;;9386;N76891;06/09/2021;14/10/2021;19/01/2022;;;;dead;17/01/2022;vers
1;94;5;9656;N77072;06/09/2021;14/10/2021;23/12/2021;29/12/2021;principal;12;harvested;;
1;95;3;1925;N77096;06/09/2021;14/10/2021;06/12/2021;13/12/2021;principal;15;harvested;;vers doutes sur date de recolte
1;96;5;9471;N78820;06/09/2021;14/10/2021;27/12/2021;05/01/2022;principal;22;harvested;;
1;97;;9709;N78878;07/09/2021;13/10/2021;18/11/2021;;;;probably dead;INTROUVABLE;
1;98;4;6940;N76557;06/09/2021;14/10/2021;17/12/2021;28/12/2021;principal;12;harvested;;
1;99;2;7396;N78857;07/09/2021;13/10/2021;29/11/2021;07/12/2021;secondary;9;harvested;;
1;100;;9511;N78835;06/09/2021;13/10/2021;;;;;dead;12/11/2021;
1;101;;9433;N77135;06/09/2021;NA;;;;;dead;17/01/2022;
1;102;1;7186;N76969;06/09/2021;13/10/2021;17/11/2021;22/11/2021;principal;15;harvested;;
1;103;1;7158;N76885;06/09/2021;13/10/2021;22/11/2021;23/11/2021;principal;15;harvested;;
1;104;;6184;N77343;06/09/2021;13/10/2021;23/12/2021;;;;probably dead;INTROUVABLE;
1;105;;8283;N76811;07/09/2021;13/10/2021;;;;;dead;17/01/2022;
1;106;4;9407;N76928;06/09/2021;14/10/2021;17/12/2021;23/12/2021;principal;13;harvested;;
1;107;3;430;N76496;06/09/2021;14/10/2021;02/12/2021;09/12/2021;principal;17;harvested;;doutes sur date de recolte
1;108;3;7307;N77182;06/09/2021;13/10/2021;06/12/2021;10/12/2021;secondary;1,333333333;harvested;;
1;109;;9599;N78846;06/09/2021;22/10/2021;;;;;dead;26/10/2021;
1;110;;9079;N77025;06/09/2021;14/10/2021;;;;;dead;09/11/2021;
1;111;;7461;N76897;06/09/2021;14/10/2021;;;;;dead;26/10/2021;
1;112;;6030;N76893;06/09/2021;14/10/2021;;;;;dead;17/01/2022;vers
1;113;4;9714;N76888;06/09/2021;14/10/2021;15/12/2021;23/12/2021;principal;16;harvested;;
1;114;3;6192;N77353;06/09/2021;14/10/2021;03/12/2021;13/12/2021;principal;22;harvested;;
1;115;2;5644;N78798;06/09/2021;14/10/2021;24/11/2021;07/12/2021;secondary;4;harvested;;doutes sur date de recolte
1;116;2;9928;N76703;07/09/2021;13/10/2021;25/11/2021;07/12/2021;principal;22;harvested;;
1;117;2;9103;N77000;06/09/2021;14/10/2021;29/11/2021;07/12/2021;secondary;3,333333333;harvested;;
1;118;2;9413;N76982;06/09/2021;14/10/2021;26/11/2021;07/12/2021;principal;24;harvested;;
1;119;2;7026;N76452;06/09/2021;14/10/2021;25/11/2021;07/12/2021;;;harvested;;
1;120;4;9888;N77197;06/09/2021;13/10/2021;15/12/2021;20/12/2021;principal;17;harvested;;
1;121;;6210;N77359;06/09/2021;14/10/2021;;;;;dead;12/11/2021;
1;122;3;7213;CS77020;06/09/2021;13/10/2021;25/11/2021;08/12/2021;principal;21;harvested;;
1;123;;992;N76652;07/09/2021;14/10/2021;11/01/2022;;;;dead;17/01/2022;
1;124;3;9529;N76741;06/09/2021;13/10/2021;29/11/2021;08/12/2021;principal;21;harvested;;
1;125;1;7382;N76622;06/09/2021;13/10/2021;18/11/2021;22/11/2021;;;harvested;;
1;126;;6064;CS77136;06/09/2021;13/10/2021;17/01/2022;;;;dead;17/01/2022;
1;127;;6035;N76931;06/09/2021;14/10/2021;;;;;dead;26/10/2021;
1;128;5;7008;N76447;06/09/2021;14/10/2021;31/12/2021;06/01/2022;principal;12;harvested;;vers
1;129;;766;N76473;06/09/2021;NA;;;;;dead;26/10/2021;
1;130;4;1061;N76727;07/09/2021;13/10/2021;16/12/2021;22/12/2021;principal;17;harvested;;
1;131;2;9833;N76764;07/09/2021;13/10/2021;24/11/2021;07/12/2021;secondary;4;harvested;;vers
1;132;;9594;N78837;06/09/2021;14/10/2021;12/01/2022;;;;dead;17/01/2022;malade
1;133;1;10002;N76405;06/09/2021;14/10/2021;15/11/2021;22/11/2021;principal;14;harvested;;
1;134;;9904;N78833;06/09/2021;14/10/2021;;;;;dead;17/01/2022;
1;135;4;9757;N77272;06/09/2021;13/10/2021;13/12/2021;20/12/2021;principal;23;harvested;;
1;136;2;7119;N76481;06/09/2021;14/10/2021;NA;07/12/2021;principal;18;harvested;;vers
1;137;4;6095;N78039;07/09/2021;13/10/2021;14/12/2021;22/12/2021;principal;19;harvested;;
1;138;4;9731;N77281;06/09/2021;13/10/2021;14/12/2021;22/12/2021;principal;18;harvested;;
1;139;;6931;N76537;06/09/2021;14/10/2021;;;;;empty;;empty
1;140;;9848;N76879;06/09/2021;14/10/2021;;;;;dead;17/01/2022;
1;141;;9547;N76930;06/09/2021;22/10/2021;;;;;dead;26/10/2021;
1;142;3;6013;N76830;07/09/2021;13/10/2021;13/12/2021;17/12/2021;principal;11;harvested;;vers
1;143;2;9522;N76695;06/09/2021;13/10/2021;22/11/2021;07/12/2021;both;14,33333333;harvested;;
1;144;;9551;N76955;06/09/2021;14/10/2021;;;;;dead;17/01/2022;
1;145;;2016;N77098;06/09/2021;14/10/2021;;;;;dead;26/10/2021;
1;146;1;9571;N78914;06/09/2021;14/10/2021;15/11/2021;22/11/2021;principal;18;harvested;;
1;147;;6016;N76834;07/09/2021;13/10/2021;;;;;dead;26/10/2021;
1;148;;9581;N77242;06/09/2021;13/10/2021;03/01/2022;;;;dead;17/01/2022;
1;149;1;772;N76560;07/09/2021;13/10/2021;15/11/2021;22/11/2021;principal;15;harvested;;doutes sur date de recolte
1;150;4;6195;CS77356;06/09/2021;13/10/2021;09/12/2021;16/12/2021;;;harvested;;bas du frigo
1;151;3;9790;N76881;06/09/2021;14/10/2021;24/11/2021;09/12/2021;principal;7;harvested;;err sur le rang
1;152;1;5907;N76818;07/09/2021;13/10/2021;18/11/2021;23/11/2021;principal;12;harvested;;
1;153;;6138;N77321;06/09/2021;14/10/2021;;;;;dead;26/10/2021;
1;154;1;9813;N76706;07/09/2021;13/10/2021;22/11/2021;01/12/2021;secondary;3,333333333;harvested;;
1;155;2;7013;N76445;06/09/2021;14/10/2021;29/11/2021;07/12/2021;principal;20;harvested;;
1;156;1;9779;N76682;07/09/2021;13/10/2021;18/11/2021;23/11/2021;principal;11;harvested;;
1;157;3;9630;N76958;06/09/2021;14/10/2021;25/11/2021;08/12/2021;principal;18;harvested;;
1;158;2;9761;N76449;06/09/2021;14/10/2021;29/11/2021;03/12/2021;principal;12;harvested;;
1;159;;9450;N77263;06/09/2021;13/10/2021;04/01/2022;;;;dead;17/01/2022;
1;160;2;9812;N77397;07/09/2021;13/10/2021;26/11/2021;07/12/2021;principal;23;harvested;;
1;161;;9665;N78908;06/09/2021;14/10/2021;30/11/2021;;;;probably dead;INTROUVABLE;vers
1;162;1;7268;N76563;07/09/2021;13/10/2021;18/11/2021;24/11/2021;principal;11;harvested;;vers
1;163;1;403;N78873;07/09/2021;13/10/2021;17/11/2021;23/11/2021;principal;17;harvested;;doutes sur date de recolte
1;164;;6987;N76431;06/09/2021;14/10/2021;;;;;dead;26/10/2021;
1;165;1;6424;N78875;07/09/2021;13/10/2021;18/11/2021;23/11/2021;principal;13;harvested;;
1;166;;9841;N76836;06/09/2021;22/10/2021;;;;;dead;16/11/2021;vers
1;167;3;9644;N78882;06/09/2021;14/10/2021;09/12/2021;14/12/2021;principal;13;harvested;;
1;168;1;6970;N76615;06/09/2021;13/10/2021;19/11/2021;25/11/2021;principal;11;harvested;;vers
1;169;;9532;N76762;07/09/2021;13/10/2021;;;;;dead;26/10/2021;
1;170;5;6237;N77373;06/09/2021;25/10/2021;27/12/2021;03/01/2022;principal;11;harvested;;double  bas du frigo  vers 
1;171;2;9789;N77140;06/09/2021;NA;25/11/2021;03/12/2021;principal;14;harvested;;
1;172;;9701;N76954;06/09/2021;14/10/2021;;;;;empty;;empty
1;173;1;7063;CS76740;06/09/2021;13/10/2021;22/11/2021;26/11/2021;principal;12;harvested;;
1;174;;9849;N76895;06/09/2021;14/10/2021;;;;;dead;26/10/2021;
1;175;2;9622;N76707;07/09/2021;13/10/2021;29/11/2021;03/12/2021;principal;13;harvested;;
1;176;3;9895;N77248;06/09/2021;13/10/2021;29/11/2021;08/12/2021;;;harvested;;
1;177;5;1006;N77636;07/09/2021;13/10/2021;24/12/2021;07/01/2022;principal;18;harvested;;doutes sur date de recolte
1;178;3;8343;N76558;06/09/2021;14/10/2021;30/11/2021;08/12/2021;principal;18;harvested;;
1;179;;6413;N78819;06/09/2021;14/10/2021;;;;;dead;17/01/2022;
1;180;;1829;N77077;06/09/2021;14/10/2021;10/01/2022;;;;dead;17/01/2022;vers
1;181;2;9814;N76855;06/09/2021;14/10/2021;29/11/2021;07/12/2021;principal;18;harvested;;vers
1;182;;9363;N76833;07/09/2021;13/10/2021;10/01/2022;;;;dead;17/01/2022;
1;183;2;9899;N77342;06/09/2021;14/10/2021;NA;03/12/2021;principal;13;harvested;;
1;184;;7343;N76603;06/09/2021;13/10/2021;;;;;dead;26/10/2021;
1;185;4;6396;N78776;07/09/2021;13/10/2021;13/12/2021;16/12/2021;principal;16;harvested;;
1;186;;9554;N77055;06/09/2021;13/10/2021;;;;;dead;date inconnue;
1;187;4;5768;N78786;07/09/2021;13/10/2021;16/12/2021;22/12/2021;principal;11;harvested;;
1;188;;9874;N77143;06/09/2021;13/10/2021;;;;;dead;26/10/2021;
1;189;3;9798;N76902;06/09/2021;14/10/2021;25/11/2021;08/12/2021;both;17,66666667;harvested;;
1;190;5;870;N77082;06/09/2021;14/10/2021;24/12/2021;03/01/2022;principal;16;harvested;;
1;191;2;6967;N76604;06/09/2021;13/10/2021;22/11/2021;07/12/2021;principal;24;harvested;;
1;192;;6109;N77301;06/09/2021;13/10/2021;20/01/2022;;;;dead;17/01/2022;
1;193;2;6966;N77266;06/09/2021;13/10/2021;23/11/2021;07/12/2021;secondary;9;harvested;;
1;194;;6148;N77325;06/09/2021;22/10/2021;;;;;dead;05/11/2021;
1;195;;1063;N76729;07/09/2021;13/10/2021;;;;;dead;26/10/2021;
1;196;4;6041;N77044;06/09/2021;14/10/2021;15/12/2021;21/12/2021;principal;16;harvested;;
1;197;1;9560;N77109;06/09/2021;13/10/2021;15/11/2021;22/11/2021;principal;18;harvested;;
1;198;4;6077;N78030;06/09/2021;13/10/2021;17/12/2021;24/12/2021;principal;12;harvested;;
1;199;;6009;N76826;06/09/2021;13/10/2021;;;;;dead;17/01/2022;
1;200;;9716;N77030;06/09/2021;14/10/2021;14/01/2022;;;;dead;17/01/2022;
1;201;;9452;N77265;06/09/2021;13/10/2021;;;;;dead;17/01/2022;
1;202;1;9515;N76650;07/09/2021;13/10/2021;12/11/2021;22/11/2021;principal;12;harvested;;
1;203;5;1313;N77658;07/09/2021;13/10/2021;29/12/2021;03/01/2022;principal;11;harvested;;
1;204;2;7177;N76520;06/09/2021;14/10/2021;25/11/2021;02/12/2021;principal;12;harvested;;vers
1;205;;9111;N77005;06/09/2021;22/10/2021;03/01/2022;;;;dead;17/01/2022;
1;206;5;8249;N78845;06/09/2021;13/10/2021;28/12/2021;03/01/2022;principal;15;harvested;;
1;207;3;9597;N78843;06/09/2021;14/10/2021;NA;08/12/2021;principal;18;harvested;;
1;208;1;9883;N77179;06/09/2021;13/10/2021;15/11/2021;22/11/2021;principal;13;harvested;;
1;209;4;6040;N76970;06/09/2021;14/10/2021;20/12/2021;23/12/2021;principal;12;harvested;;
1;210;3;1257;N77380;06/09/2021;13/10/2021;06/12/2021;13/12/2021;principal;13;harvested;;doutes sur date de recolte
1;211;;7411;N76630;06/09/2021;13/10/2021;;;;;dead;26/10/2021;
1;212;5;9918;N77237;06/09/2021;13/10/2021;20/12/2021;12/01/2022;principal;21;harvested;;
1;213;;6087;N78033;06/09/2021;13/10/2021;19/01/2022;;;;dead;17/01/2022;
1;214;3;7207;N76535;06/09/2021;14/10/2021;02/12/2021;08/12/2021;principal;14;harvested;;
1;215;;6235;N77372;06/09/2021;22/10/2021;;;;;dead;17/01/2022;
1;216;5;9579;N77232;06/09/2021;14/10/2021;31/12/2021;06/01/2022;principal;11;harvested;;
1;217;2;7349;CS76608;06/09/2021;13/10/2021;22/11/2021;02/12/2021;principal;21;harvested;;
1;218;;9824;N76702;07/09/2021;13/10/2021;;;;;dead;17/01/2022;
1;219;;6221;CS77366;06/09/2021;13/10/2021;19/01/2022;;;;dead;17/01/2022;
1;220;1;9900;N77386;06/09/2021;13/10/2021;10/11/2021;18/11/2021;principal;12;harvested;;
1;221;;9837;N76780;06/09/2021;13/10/2021;;;;;dead;26/10/2021;
1;222;;9766;N76629;06/09/2021;13/10/2021;;;;;dead;26/10/2021;
1;223;5;8246;N77124;06/09/2021;13/10/2021;23/12/2021;03/01/2022;principal;17;harvested;;
1;224;2;7287;N76569;06/09/2021;14/10/2021;26/11/2021;07/12/2021;principal;13;harvested;;vers
1;225;;9635;N77130;06/09/2021;13/10/2021;;;;;dead;26/10/2021;
1;226;3;9565;N77152;06/09/2021;13/10/2021;22/11/2021;08/12/2021;principal;14;harvested;;doute sur identite du genotype
1;226;4;9565;N77152;06/09/2021;13/10/2021;22/11/2021;20/12/2021;principal;18;harvested;;
1;227;;5741;N78783;07/09/2021;13/10/2021;;;;;dead;17/01/2022;
1;228;5;9641;N77203;06/09/2021;13/10/2021;21/12/2021;29/12/2021;principal;12;harvested;;vers
1;229;5;9764;N76581;06/09/2021;14/10/2021;03/01/2022;07/01/2022;principal;13;harvested;;pas de 4e feuille
1;230;;7164;CS76915;06/09/2021;13/10/2021;;;;;dead;17/01/2022;bas du frigo  vers
1;231;4;5836;N77906;07/09/2021;13/10/2021;13/12/2021;17/12/2021;principal;13;harvested;;
1;232;3;159;N77070;06/09/2021;13/10/2021;02/12/2021;08/12/2021;;;harvested;;vers doutes sur date de recolte
1;233;4;7102;N76474;06/09/2021;14/10/2021;20/12/2021;23/12/2021;principal;11;harvested;;
1;234;5;9732;N76909;06/09/2021;14/10/2021;03/01/2022;10/01/2022;principal;16;harvested;;vers
1;235;5;6201;N77348;06/09/2021;14/10/2021;03/01/2022;12/01/2022;principal;13;harvested;;vers
1;236;5;9840;N76792;07/09/2021;13/10/2021;30/12/2021;12/01/2022;principal;19;harvested;;
1;237;3;9892;N77231;06/09/2021;14/10/2021;06/12/2021;13/12/2021;principal;16;harvested;;
1;238;3;9125;N76876;06/09/2021;14/10/2021;06/12/2021;10/12/2021;principal;13;harvested;;
1;239;;6240;CS77375;06/09/2021;NA;;;;;empty;;empty
1;240;;9947;N76415;06/09/2021;13/10/2021;11/01/2022;;;;dead;17/01/2022;
1;241;NA;9544;N76894;06/09/2021;13/10/2021;15/11/2021;22/11/2021;principal;14;probably lost;;
1;242;;8242;N77039;06/09/2021;14/10/2021;;;;;dead;17/01/2022;
1;243;3;9845;N76848;06/09/2021;14/10/2021;06/12/2021;13/12/2021;principal;16;harvested;;vers
1;244;3;9710;N78879;07/09/2021;13/10/2021;09/12/2021;14/12/2021;principal;14;harvested;;
1;245;;6119;N78060;06/09/2021;13/10/2021;10/01/2022;;;;dead;17/01/2022;
1;246;;9601;N78849;06/09/2021;14/10/2021;06/01/2022;;;;dead;17/01/2022;
1;247;5;8244;N77174;06/09/2021;13/10/2021;28/12/2021;03/01/2022;principal;13;harvested;;vers
1;248;;9558;N77103;06/09/2021;13/10/2021;20/01/2022;;;;dead;17/01/2022;vers
1;249;;7354;N76612;06/09/2021;13/10/2021;13/01/2022;;;;dead;17/01/2022;vers
1;250;;6203;N77350;06/09/2021;14/10/2021;;;;;dead;17/01/2022;
1;251;;6903;N76454;06/09/2021;NA;;;;;empty;;empty
1;252;5;1254;N77379;06/09/2021;14/10/2021;10/01/2022;19/01/2022;principal;11;harvested;;vers
1;253;5;1166;N77651;07/09/2021;13/10/2021;04/01/2022;12/01/2022;principal;17;harvested;;
1;170;5;6237;N77373;06/09/2021;25/10/2021;03/01/2022;10/01/2022;principal;14;harvested;;
2;1;3;8077;N77191;06/09/2021;13/10/2021;08/12/2021;14/12/2021;principal;13;harvested;;vers
2;2;;9870;N77111;06/09/2021;22/10/2021;;;;;dead;17/01/2022;vers  pas de 4e feuille 
2;3;2;6039;N76937;06/09/2021;14/10/2021;01/12/2021;07/12/2021;principal;14;harvested;;
2;4;3;6907;N76770;07/09/2021;13/10/2021;08/12/2021;14/12/2021;principal;12;harvested;;
2;5;;7314;N76583;07/09/2021;14/10/2021;;;;;dead;05/11/2021;
2;6;2;9788;N76965;06/09/2021;14/10/2021;23/11/2021;03/12/2021;principal;16;harvested;;
2;7;;6100;N77294;06/09/2021;13/10/2021;03/01/2022;;;;dead;17/01/2022;
2;8;3;8236;N76941;06/09/2021;13/10/2021;06/12/2021;13/12/2021;principal;19;harvested;;
2;9;;9542;N76872;06/09/2021;13/10/2021;;;;;dead;17/01/2022;
2;10;5;9455;N77276;06/09/2021;13/10/2021;03/01/2022;10/01/2022;principal;15;harvested;;
2;11;5;9402;N76918;06/09/2021;14/10/2021;20/12/2021;28/12/2021;principal;17;harvested;;
2;12;2;7404;N76627;06/09/2021;13/10/2021;26/11/2021;06/12/2021;principal;19;harvested;;
2;13;1;6898;N76435;06/09/2021;13/10/2021;22/11/2021;01/12/2021;;;harvested;;
2;14;5;2171;N77164;06/09/2021;13/10/2021;03/01/2022;12/01/2022;secondary;9;harvested;;
2;15;2;10020;N76956;06/09/2021;14/10/2021;01/12/2021;06/12/2021;principal;13;harvested;;
2;16;;6034;N76932;06/09/2021;14/10/2021;;;;;dead;26/10/2021;
2;17;4;9602;N78850;06/09/2021;14/10/2021;20/12/2021;24/12/2021;principal;15;harvested;;vers
2;18;;6019;N76860;06/09/2021;22/10/2021;;;;;dead;28/10/2021;
2;19;;9850;N76917;06/09/2021;22/10/2021;;;;;dead;28/10/2021;
2;20;;9394;N76907;06/09/2021;22/10/2021;;;;;dead;05/11/2021;
2;21;5;5860;N77913;06/09/2021;13/10/2021;03/01/2022;13/01/2022;;;harvested;;
2;22;;6220;N77365;06/09/2021;14/10/2021;21/01/2022;;;;dead;17/01/2022;vers
2;23;;6097;N77291;06/09/2021;13/10/2021;;;;;dead;17/01/2022;vers
2;24;;1954;N77097;06/09/2021;14/10/2021;;;;;dead;26/10/2021;
2;25;;6830;N76994;06/09/2021;22/10/2021;;;;;dead;28/10/2021;
2;26;2;6929;N76532;06/09/2021;14/10/2021;23/11/2021;03/12/2021;principal;13;harvested;;
2;27;2;9836;N76777;06/09/2021;13/10/2021;25/11/2021;07/12/2021;principal;22;harvested;;
2;28;;6242;N77377;06/09/2021;14/10/2021;;;;;dead;17/01/2022;
2;29;4;9102;N76999;06/09/2021;14/10/2021;20/12/2021;27/12/2021;principal;16;harvested;;
2;30;3;9541;N76871;06/09/2021;22/10/2021;08/12/2021;14/12/2021;principal;12;harvested;;
2;31;1;6951;N76579;07/09/2021;13/10/2021;23/11/2021;30/11/2021;principal;15;harvested;;vers
2;32;1;7081;N78895;06/09/2021;14/10/2021;15/11/2021;22/11/2021;principal;15;harvested;;
2;33;;9576;N77213;06/09/2021;14/10/2021;;;;;dead;26/10/2021;
2;34;5;6118;N77307;06/09/2021;14/10/2021;22/12/2021;28/12/2021;principal;13;harvested;;vers
2;35;2;9825;N76714;07/09/2021;13/10/2021;30/11/2021;07/12/2021;principal;14;harvested;;
2;36;1;7028;N76444;06/09/2021;14/10/2021;22/11/2021;02/12/2021;principal;18;harvested;;
2;37;5;9567;N77159;06/09/2021;13/10/2021;06/01/2022;13/01/2022;principal;11;harvested;;
2;38;1;2317;N77278;06/09/2021;13/10/2021;23/11/2021;02/12/2021;principal;11;harvested;;doutes sur date de recolte
2;39;;9719;N76983;06/09/2021;14/10/2021;;;;;dead;26/10/2021;
2;40;;6145;N77324;06/09/2021;14/10/2021;;;;;dead;17/01/2022;
2;41;;6025;N76889;06/09/2021;13/10/2021;17/01/2022;;;;dead;17/01/2022;vers
2;42;3;9637;N77132;06/09/2021;13/10/2021;29/11/2021;13/12/2021;principal;17;harvested;;vers
2;43;;9616;N76984;06/09/2021;14/10/2021;;;;;dead;17/01/2022;vers
2;44;;6112;N77303;06/09/2021;13/10/2021;31/12/2021;;;;dead;17/01/2022;
2;45;3;9852;N76945;06/09/2021;14/10/2021;02/12/2021;10/12/2021;principal;12;harvested;;
2;46;;6113;N77304;06/09/2021;14/10/2021;;;;;empty;;empty
2;47;3;7525;N77218;06/09/2021;14/10/2021;02/12/2021;09/12/2021;principal;17;harvested;;
2;48;4;9533;CS76763;06/09/2021;13/10/2021;13/12/2021;23/12/2021;principal;20;harvested;;
2;49;4;9591;N78826;06/09/2021;14/10/2021;15/12/2021;21/12/2021;principal;14;harvested;;
2;50;3;9625;N76977;06/09/2021;14/10/2021;08/12/2021;14/12/2021;principal;11;harvested;;vers
2;51;5;9729;N77280;06/09/2021;13/10/2021;03/01/2022;12/01/2022;principal;11;harvested;;
2;52;2;9785;N76898;06/09/2021;14/10/2021;29/11/2021;06/12/2021;principal;18;harvested;;vers
2;53;1;6971;N77388;06/09/2021;13/10/2021;23/11/2021;02/12/2021;principal;11;harvested;;
2;54;2;7031;N76457;06/09/2021;14/10/2021;30/11/2021;06/12/2021;principal;13;harvested;;
2;55;;5865;N76809;07/09/2021;14/10/2021;;;;;dead;05/11/2021;
2;56;1;9534;N76774;07/09/2021;13/10/2021;08/11/2021;15/11/2021;principal;17,5;harvested;;
2;57;;9593;N78836;06/09/2021;14/10/2021;07/01/2022;;;;dead;17/01/2022;
2;58;;9708;N76962;06/09/2021;14/10/2021;;;;;dead;03/11/2021;
2;59;2;6944;N78913;06/09/2021;14/10/2021;22/11/2021;02/12/2021;principal;13;harvested;;
2;60;2;9938;N78854;07/09/2021;13/10/2021;24/11/2021;06/12/2021;principal;21;harvested;;
2;61;;6284;N78770;07/09/2021;13/10/2021;;;;;dead;17/01/2022;
2;62;;7203;N76534;06/09/2021;13/10/2021;;;;;empty;;empty
2;63;5;9755;N78828;06/09/2021;14/10/2021;03/01/2022;12/01/2022;principal;18;harvested;;vers
2;64;;5349;N78807;06/09/2021;14/10/2021;14/01/2022;;;;dead;17/01/2022;vers
2;65;1;8420;N76525;06/09/2021;14/10/2021;24/11/2021;02/12/2021;principal;13;harvested;;vers
2;66;;9099;N76953;06/09/2021;14/10/2021;;;;;dead;17/01/2022;
2;67;;5486;N78794;06/09/2021;14/10/2021;21/12/2021;;;;dead;17/01/2022;
2;68;2;8312;N78904;06/09/2021;14/10/2021;25/11/2021;03/12/2021;principal;12;harvested;;
2;69;1;9847;N76854;06/09/2021;14/10/2021;23/11/2021;29/11/2021;principal;12;harvested;;
2;70;3;7418;N78881;06/09/2021;14/10/2021;07/12/2021;13/12/2021;principal;17;harvested;;
2;71;3;7521;N77052;06/09/2021;14/10/2021;03/12/2021;08/12/2021;principal;13;harvested;;vers
2;72;;9451;N77264;06/09/2021;13/10/2021;21/01/2022;;;;dead;17/01/2022;
2;73;;9583;N77258;06/09/2021;13/10/2021;20/01/2022;;;;dead;17/01/2022;
2;74;;6974;N78818;06/09/2021;14/10/2021;;;;;dead;17/01/2022;
2;75;3;9827;N76719;07/09/2021;13/10/2021;01/12/2021;08/12/2021;principal;17;harvested;;
2;76;2;9612;N77033;06/09/2021;14/10/2021;29/11/2021;06/12/2021;principal;15;harvested;;
2;77;;6989;N76432;06/09/2021;14/10/2021;;;;;dead;26/10/2021;
2;78;;6071;N77146;06/09/2021;13/10/2021;18/01/2022;;;;dead;17/01/2022;
2;79;;8227;N77367;06/09/2021;13/10/2021;;;;;dead;17/01/2022;
2;80;;9802;N76991;06/09/2021;14/10/2021;;;;;dead;05/11/2021;
2;81;;9409;N76968;06/09/2021;14/10/2021;;;;;dead;17/01/2022;
2;82;;6128;N77313;06/09/2021;13/10/2021;;;;;dead;05/11/2021;
2;83;;8335;N77060;06/09/2021;14/10/2021;;;;;dead;17/01/2022;vers
2;84;1;7127;N76485;06/09/2021;13/10/2021;23/11/2021;26/11/2021;principal;12;harvested;;
2;85;;8171;N79029;06/09/2021;14/10/2021;;;;;dead;28/10/2021;
2;86;1;6943;N77126;06/09/2021;13/10/2021;22/11/2021;30/11/2021;principal;12;harvested;;vers
2;87;;9743;N76873;06/09/2021;14/10/2021;;;;;dead;26/10/2021;
2;88;2;9659;N77177;06/09/2021;13/10/2021;29/11/2021;10/12/2021;principal;18;harvested;;
2;89;;9796;N76680;07/09/2021;13/10/2021;;;;;dead;26/10/2021;
2;90;;5830;N76667;07/09/2021;13/10/2021;;;;;dead;date inconnue;
2;91;3;5772;N78787;07/09/2021;14/10/2021;06/12/2021;09/12/2021;both;10,66666667;harvested;;doutes sur date de recolte
2;92;5;9321;N76643;06/09/2021;13/10/2021;03/01/2022;12/01/2022;principal;13;harvested;;vers
2;93;3;9793;N77224;06/09/2021;14/10/2021;02/12/2021;09/12/2021;principal;15;harvested;;
2;94;1;6008;N76824;07/09/2021;14/10/2021;19/11/2021;25/11/2021;principal;12;harvested;;
2;95;1;8337;N76551;06/09/2021;14/10/2021;22/11/2021;29/11/2021;principal;13;harvested;;
2;96;;9517;N76659;07/09/2021;13/10/2021;;;;;dead;28/10/2021;
2;97;2;8214;N78901;06/09/2021;13/10/2021;23/11/2021;06/12/2021;principal;17;harvested;;vers
2;98;;9804;N77139;06/09/2021;NA;;;;;dead;26/10/2021;
2;99;;139;CS77014;06/09/2021;26/10/2021;;;;;dead;18/11/2021;
2;100;;9535;N76776;07/09/2021;13/10/2021;;;;;dead;17/01/2022;vers
2;101;1;7077;N76468;06/09/2021;14/10/2021;12/11/2021;22/11/2021;principal;17;harvested;;vers
2;102;4;6023;N76863;06/09/2021;14/10/2021;20/12/2021;27/12/2021;principal;17;harvested;;
2;103;;6194;N77355;06/09/2021;14/10/2021;;;;;dead;26/10/2021;
2;104;2;9619;N76691;07/09/2021;13/10/2021;22/11/2021;03/12/2021;principal;14;harvested;;vers
2;105;3;7133;N76489;06/09/2021;14/10/2021;03/12/2021;10/12/2021;principal;13;harvested;;
2;106;3;5893;N76816;07/09/2021;13/10/2021;06/12/2021;10/12/2021;principal;14;harvested;;
2;107;4;7126;N76484;06/09/2021;13/10/2021;20/12/2021;28/12/2021;principal;21;harvested;;
2;108;;7520;N76546;06/09/2021;14/10/2021;;;;;dead;26/10/2021;
2;109;5;9587;N77344;06/09/2021;13/10/2021;03/01/2022;21/01/2022;principal;31;harvested;;vers
2;110;NA;9770;N76966;06/09/2021;14/10/2021;22/11/2021;06/12/2021;secondary;2;probably lost;;
2;111;;9717;N76963;06/09/2021;14/10/2021;;;;;dead;17/01/2022;
2;112;4;9636;N77131;06/09/2021;13/10/2021;16/12/2021;23/12/2021;principal;11;harvested;;
2;113;5;5210;N78803;06/09/2021;14/10/2021;28/12/2021;04/01/2022;principal;11;harvested;;vers
2;114;5;9369;N76837;06/09/2021;14/10/2021;27/12/2021;05/01/2022;principal;17;harvested;;vers
2;115;3;9664;N78907;06/09/2021;14/10/2021;09/12/2021;13/12/2021;principal;12;harvested;;
2;116;5;9704;N77080;06/09/2021;13/10/2021;NA;04/01/2022;principal;13;harvested;;
2;117;;6134;N77318;06/09/2021;14/10/2021;;;;;dead;17/01/2022;
2;118;4;6976;N78823;06/09/2021;14/10/2021;13/12/2021;17/12/2021;principal;12;harvested;;
2;119;;6085;N77260;06/09/2021;13/10/2021;07/01/2022;;;;dead;17/01/2022;
2;120;2;7143;N76492;06/09/2021;14/10/2021;29/11/2021;03/12/2021;principal;12;harvested;;vers
2;121;2;9939;CS76347;06/09/2021;13/10/2021;25/11/2021;03/12/2021;principal;11;harvested;;
2;122;4;9370;N79035;06/09/2021;14/10/2021;16/12/2021;22/12/2021;principal;12;harvested;;
2;123;;9736;N77361;06/09/2021;14/10/2021;;;;;dead;29/10/2021;
2;124;1;8357;N76573;06/09/2021;13/10/2021;25/11/2021;02/12/2021;principal;15;harvested;;
2;125;2;9969;CS76425;06/09/2021;13/10/2021;29/11/2021;06/12/2021;principal;16;harvested;;vers
2;126;;6020;N76861;06/09/2021;14/10/2021;18/01/2022;;;;dead;17/01/2022;vers
2;127;;9121;N76685;07/09/2021;14/10/2021;;;;;dead;17/01/2022;
2;128;;9568;N77160;06/09/2021;13/10/2021;13/01/2022;;;;dead;17/01/2022;
2;129;3;5577;N78797;06/09/2021;14/10/2021;06/12/2021;13/12/2021;principal;15;harvested;;doutes sur date de recolte
2;130;5;9525;N76711;07/09/2021;13/10/2021;22/12/2021;12/01/2022;secondary;4;harvested;;
2;131;3;6992;N76436;06/09/2021;14/10/2021;02/12/2021;10/12/2021;;;harvested;;
2;132;5;9584;N77283;06/09/2021;13/10/2021;20/12/2021;12/01/2022;principal;20;harvested;;
2;133;;9339;N76720;07/09/2021;13/10/2021;17/01/2022;;;;dead;17/01/2022;
2;134;5;9632;N77016;06/09/2021;22/10/2021;27/12/2021;04/01/2022;principal;17;harvested;;
2;135;2;8307;N76938;06/09/2021;14/10/2021;01/12/2021;07/12/2021;principal;13;harvested;;
2;136;2;9649;N76713;06/09/2021;13/10/2021;30/11/2021;06/12/2021;principal;15;harvested;;
2;137;4;1853;N77099;06/09/2021;14/10/2021;15/12/2021;22/12/2021;principal;13;harvested;;
2;138;1;8264;N76451;06/09/2021;14/10/2021;22/11/2021;29/11/2021;principal;12;harvested;;vers
2;139;4;9686;N76751;07/09/2021;13/10/2021;13/12/2021;20/12/2021;principal;20;harvested;;vers
2;140;5;6010;N78000;06/09/2021;13/10/2021;23/12/2021;03/01/2022;principal;15;harvested;;
2;141;;7181;N76518;06/09/2021;14/10/2021;;;;;dead;26/10/2021;
2;142;;9820;N76671;06/09/2021;13/10/2021;;;;;dead;26/10/2021;
2;143;;9481;N78869;07/09/2021;13/10/2021;;;;;dead;17/01/2022;
2;144;2;7255;N76550;06/09/2021;13/10/2021;26/11/2021;06/12/2021;principal;22;harvested;;
2;145;;6975;N76621;07/09/2021;13/10/2021;;;;;dead;26/10/2021;
2;146;3;8366;N76584;07/09/2021;14/10/2021;02/12/2021;09/12/2021;both;11;harvested;;
2;147;;9416;N76986;06/09/2021;14/10/2021;;;;;dead;17/01/2022;
2;148;2;6979;N76628;06/09/2021;13/10/2021;06/12/2021;07/12/2021;principal;12;harvested;;
2;149;;6099;N77293;06/09/2021;13/10/2021;;;;;dead;17/01/2022;
2;150;4;9906;N77063;06/09/2021;14/10/2021;21/12/2021;27/12/2021;principal;16;harvested;;
2;151;1;7236;N76543;06/09/2021;14/10/2021;22/11/2021;02/12/2021;secondary;5;harvested;;
2;152;2;7296;N77170;06/09/2021;NA;29/11/2021;03/12/2021;principal;12;harvested;;
2;153;;9634;N77073;06/09/2021;22/10/2021;;;;;dead;28/10/2021;
2;154;2;9769;N76916;06/09/2021;14/10/2021;23/11/2021;02/12/2021;principal;14;harvested;;vers
2;155;1;763;N76522;06/09/2021;14/10/2021;16/11/2021;22/11/2021;principal;11;harvested;;doutes sur date de recolte
2;156;3;7378;N76620;07/09/2021;13/10/2021;13/12/2021;14/12/2021;principal;13;harvested;;
2;157;3;9935;N76694;07/09/2021;13/10/2021;06/12/2021;10/12/2021;principal;14;harvested;;
2;158;1;9298;N76832;07/09/2021;13/10/2021;23/11/2021;02/12/2021;principal;13;harvested;;
2;159;4;9521;N76689;07/09/2021;13/10/2021;09/12/2021;16/12/2021;principal;13;harvested;;
2;160;2;7072;N76464;06/09/2021;14/10/2021;01/12/2021;06/12/2021;principal;14;harvested;;doute
2;161;;6076;N77215;06/09/2021;14/10/2021;;;;;dead;17/01/2022;
2;162;1;9626;N76978;06/09/2021;14/10/2021;NA;01/12/2021;both;10;harvested;;
2;163;4;9595;N78838;06/09/2021;14/10/2021;13/12/2021;21/12/2021;principal;20;harvested;;
2;164;3;9699;N76974;06/09/2021;14/10/2021;07/12/2021;13/12/2021;principal;11;harvested;;
2;165;;9091;N77121;06/09/2021;13/10/2021;;;;;dead;26/10/2021;
2;166;NA;9821;N76674;06/09/2021;13/10/2021;NA;29/11/2021;principal;13;probably lost;;
2;167;;9514;N76647;07/09/2021;13/10/2021;;;;;dead;26/10/2021;
2;168;1;9800;N76903;06/09/2021;14/10/2021;26/11/2021;02/12/2021;principal;12;harvested;;vers
2;169;4;7316;N78916;06/09/2021;14/10/2021;13/12/2021;17/12/2021;principal;15;harvested;;
2;170;4;9027;N79034;06/09/2021;14/10/2021;20/12/2021;24/12/2021;principal;15;harvested;;doute sur id du genotype
2;171;3;7356;N76614;07/09/2021;13/10/2021;06/12/2021;13/12/2021;principal;20;harvested;;
2;172;;9780;N76856;06/09/2021;14/10/2021;;;;;dead;26/10/2021;
2;173;1;7394;N76626;06/09/2021;13/10/2021;22/11/2021;24/11/2021;principal;12;harvested;;
2;174;1;7250;N76549;06/09/2021;14/10/2021;22/11/2021;25/11/2021;principal;12;harvested;;
2;175;;6136;N77319;06/09/2021;14/10/2021;03/01/2022;;;;dead;17/01/2022;
2;176;1;6390;N78775;07/09/2021;13/10/2021;22/11/2021;29/11/2021;principal;13;harvested;;
2;177;5;9880;N77175;06/09/2021;13/10/2021;27/12/2021;06/01/2022;principal;17;harvested;;
2;178;3;7305;N78915;06/09/2021;14/10/2021;06/12/2021;13/12/2021;principal;17;harvested;;vers
2;179;1;9651;N76858;06/09/2021;14/10/2021;22/11/2021;25/11/2021;principal;12;harvested;;
2;180;5;9706;N76807;07/09/2021;14/10/2021;20/12/2021;05/01/2022;principal;21;harvested;;
2;181;1;9573;N77206;06/09/2021;13/10/2021;22/11/2021;01/12/2021;principal;18;harvested;;
2;182;2;9968;N76424;06/09/2021;14/10/2021;29/11/2021;06/12/2021;principal;18;harvested;;
2;183;4;9855;N77008;06/09/2021;14/10/2021;16/12/2021;22/12/2021;principal;14;harvested;;
2;184;;9737;N78815;06/09/2021;14/10/2021;03/01/2022;;;;dead;17/01/2022;vers
2;185;;9412;N76981;06/09/2021;14/10/2021;;;;;dead;05/11/2021;
2;186;2;9778;N76679;07/09/2021;13/10/2021;25/11/2021;03/12/2021;principal;12;harvested;;
2;187;3;7419;N76471;06/09/2021;14/10/2021;08/12/2021;14/12/2021;principal;14;harvested;;doute
2;188;1;9526;N76738;07/09/2021;13/10/2021;22/11/2021;30/11/2021;both;13;harvested;;
2;189;;9470;N77399;06/09/2021;13/10/2021;17/01/2022;;;;dead;17/01/2022;
2;190;;9371;N76852;06/09/2021;13/10/2021;;;;;dead;17/01/2022;
2;191;5;9747;N78870;07/09/2021;13/10/2021;30/12/2021;04/01/2022;;;harvested;;
2;192;;9894;N77243;06/09/2021;13/10/2021;29/12/2021;;;;dead;17/01/2022;
2;193;5;9730;N76696;07/09/2021;13/10/2021;20/12/2021;30/12/2021;;;harvested;;doute sur date de prelevement
2;194;1;9799;N76913;06/09/2021;14/10/2021;24/11/2021;29/11/2021;principal;13;harvested;;
2;195;;801;N76992;06/09/2021;14/10/2021;13/01/2022;;;;dead;17/01/2022;
2;196;3;9707;N77187;06/09/2021;13/10/2021;02/12/2021;10/12/2021;principal;17;harvested;;
2;197;;9851;N76942;06/09/2021;14/10/2021;;;;;dead;17/01/2022;
2;198;1;9776;N76857;06/09/2021;14/10/2021;22/11/2021;26/11/2021;principal;;harvested;;
2;199;;6107;N77299;06/09/2021;13/10/2021;;;;;dead;17/01/2022;vers
2;200;3;9723;N77252;06/09/2021;13/10/2021;01/12/2021;08/12/2021;principal;14;harvested;;
2;201;4;9089;N77119;06/09/2021;13/10/2021;14/12/2021;21/12/2021;principal;16;harvested;;
2;202;4;9437;N77195;06/09/2021;13/10/2021;16/12/2021;24/12/2021;principal;16;harvested;;
2;203;4;997;N76653;07/09/2021;14/10/2021;13/12/2021;20/12/2021;principal;21;harvested;;vers doutes sur date de recolte
2;204;2;7298;N76572;06/09/2021;13/10/2021;29/11/2021;06/12/2021;principal;17;harvested;;
2;205;;9877;N77165;06/09/2021;13/10/2021;;;;;dead;17/01/2022;vers
2;206;1;9559;N77107;06/09/2021;14/10/2021;22/11/2021;29/11/2021;principal;15;harvested;;
2;207;5;7014;N76441;06/09/2021;14/10/2021;27/12/2021;12/01/2022;secondary;5;harvested;;
2;208;1;9868;N77104;06/09/2021;13/10/2021;23/11/2021;02/12/2021;principal;12;harvested;;
2;209;;7424;N76519;06/09/2021;14/10/2021;;;;;dead;05/11/2021;
2;210;2;7218;N76540;06/09/2021;14/10/2021;29/11/2021;06/12/2021;principal;13;harvested;;
2;211;4;9380;N76865;06/09/2021;14/10/2021;20/12/2021;24/12/2021;principal;13;harvested;;vers
2;212;1;6923;N76940;06/09/2021;14/10/2021;22/11/2021;02/12/2021;principal;19;harvested;;
2;213;2;9853;N76996;06/09/2021;14/10/2021;29/11/2021;07/12/2021;principal;12;harvested;;
2;214;2;6188;N77345;06/09/2021;14/10/2021;26/11/2021;06/12/2021;principal;15;harvested;;vers
2;215;1;7328;N77247;06/09/2021;13/10/2021;10/11/2021;18/11/2021;principal;11;harvested;;
2;216;5;8376;N77234;06/09/2021;13/10/2021;23/12/2021;30/12/2021;principal;12;harvested;;
2;217;;9548;N76939;06/09/2021;14/10/2021;;;;;dead;17/01/2022;
2;218;;5867;N76810;07/09/2021;14/10/2021;;;;;dead;17/01/2022;vers
2;219;;6140;N77322;06/09/2021;14/10/2021;;;;;dead;26/10/2021;
2;220;bis3;8256;N76676;06/09/2021;13/10/2021;06/12/2021;10/12/2021 bis(13/12/2021);principal;20;harvested;;
2;221;;9589;N77378;06/09/2021;14/10/2021;;;;;dead;26/10/2021;
2;222;2;9801;N76904;06/09/2021;14/10/2021;22/11/2021;03/12/2021;principal;17;harvested;;
2;223;2;9797;N76899;06/09/2021;14/10/2021;24/11/2021;03/12/2021;principal;14;harvested;;
2;224;5;6038;N76935;06/09/2021;14/10/2021;23/12/2021;03/01/2022;principal;16;harvested;;vers
2;225;4;9562;N77115;06/09/2021;13/10/2021;08/12/2021;21/12/2021;principal;15;harvested;;vers
2;226;;9582;N77244;06/09/2021;13/10/2021;30/12/2021;;;;dead;17/01/2022;
2;227;2;7288;CS77156;06/09/2021;13/10/2021;03/12/2021;07/12/2021;principal;15;harvested;;
2;228;3;9771;N77172;06/09/2021;13/10/2021;06/12/2021;13/12/2021;principal;16;harvested;;
2;229;4;9588;N77371;06/09/2021;14/10/2021;20/12/2021;24/12/2021;principal;12;harvested;;vers
2;230;4;6036;N76934;06/09/2021;14/10/2021;20/12/2021;24/12/2021;principal;12;harvested;;vers
2;231;3;9803;N77113;06/09/2021;13/10/2021;25/11/2021;09/12/2021;secondary;5;harvested;;
2;232;;9332;N76688;07/09/2021;13/10/2021;10/01/2022;;;;dead;17/01/2022;
2;233;2;7282;N76568;06/09/2021;13/10/2021;22/11/2021;06/12/2021;secondary;4;harvested;;
2;234;1;5984;N76822;07/09/2021;14/10/2021;22/11/2021;26/11/2021;principal;12;harvested;;
2;235;;9586;N77340;06/09/2021;22/10/2021;;;;;dead;17/01/2022;vers
2;236;5;9405;N76927;06/09/2021;14/10/2021;22/12/2021;28/12/2021;principal;12;harvested;;
2;237;1;9697;N76802;07/09/2021;13/10/2021;22/11/2021;02/12/2021;principal;20;harvested;;
2;238;4;7223;N76541;06/09/2021;14/10/2021;14/12/2021;21/12/2021;principal;13;harvested;;vers
2;239;;9720;N77064;06/09/2021;14/10/2021;;;;;dead;26/10/2021;
2;240;5;6115;N77306;06/09/2021;14/10/2021;29/12/2021;05/01/2022;principal;11;harvested;;
2;241;;6174;N77337;06/09/2021;13/10/2021;;;;;dead;17/01/2022;vers
2;242;;7416;N76633;06/09/2021;13/10/2021;07/01/2022;;;;dead;17/01/2022;vers
2;243;;8222;N77043;06/09/2021;14/10/2021;07/01/2022;;;;dead;17/01/2022;vers
2;244;4;7477;N78853;07/09/2021;13/10/2021;14/12/2021;20/12/2021;principal;16;harvested;;
2;245;1;9509;N77207;06/09/2021;13/10/2021;18/11/2021;23/11/2021;principal;11;harvested;;
2;246;4;9546;N76929;06/09/2021;14/10/2021;22/12/2021;28/12/2021;principal;12;harvested;;
2;247;4;5832;N76669;07/09/2021;13/10/2021;20/12/2021;27/12/2021;principal;15;harvested;;vers
2;248;4;7092;N76469;06/09/2021;13/10/2021;14/12/2021;20/12/2021;principal;20;harvested;;
2;249;;6216;N77362;06/09/2021;14/10/2021;;;;;dead;17/01/2022;
2;250;2;7258;N76564;06/09/2021;14/10/2021;29/11/2021;07/12/2021;principal;17;harvested;;vers
2;251;3;5104;N78800;06/09/2021;14/10/2021;30/11/2021;10/12/2021;principal;12;harvested;;doutes sur date de recolte
2;252;;6043;N77049;06/09/2021;13/10/2021;;;;;dead;17/01/2022;
2;253;4;9925;N77226;06/09/2021;13/10/2021;NA;20/12/2021;principal;18;harvested;;
3;1;;7516;N78830;06/09/2021;14/10/2021;11/01/2022;;;;dead;17/01/2022;
3;2;;9530;N76742;07/09/2021;13/10/2021;;;;;dead;26/10/2021;
3;3;;9550;N76946;06/09/2021;25/10/2021;;;;;dead;17/01/2022;
3;4;4;2057;N77732;07/09/2021;13/10/2021;20/12/2021;27/12/2021;principal;15;harvested;;doutes sur date de recolte
3;5;1;7319;N76590;07/09/2021;14/10/2021;22/11/2021;26/11/2021;principal;11;harvested;;
3;6;4;9759;N76439;06/09/2021;14/10/2021;08/12/2021;20/12/2021;principal;23;harvested;;
3;7;3;6919;N76490;06/09/2021;14/10/2021;06/12/2021;10/12/2021;principal;13;harvested;;vers
3;8;4;5784;N78790;07/09/2021;14/10/2021;15/12/2021;15/12/2021;principal;15;harvested;;
3;9;3;7036;N78889;06/09/2021;14/10/2021;06/12/2021;13/12/2021;principal;16;harvested;;
3;10;4;9711;N76804;07/09/2021;13/10/2021;13/12/2021;20/12/2021;principal;20;harvested;;
3;11;4;8247;N77233;06/09/2021;NA;16/12/2021;23/12/2021;principal;16;harvested;;
3;12;3;7244;N76552;06/09/2021;14/10/2021;23/11/2021;08/12/2021;secondary;5,666666667;harvested;;
3;13;2;7209;N76538;06/09/2021;22/10/2021;29/11/2021;07/12/2021;principal;12;harvested;;
3;14;;5279;N79004;06/09/2021;14/10/2021;;;;;dead;26/10/2021;
3;15;;6218;N77364;06/09/2021;14/10/2021;;;;;dead;17/01/2022;
3;16;;6142;N77323;06/09/2021;14/10/2021;;;;;dead;26/10/2021;
3;17;;1066;N76730;07/09/2021;13/10/2021;10/01/2022;;;;dead;17/01/2022;vers
3;18;2;7514;N76593;07/09/2021;14/10/2021;30/11/2021;07/12/2021;principal;14;harvested;;
3;19;4;9557;N77102;06/09/2021;13/10/2021;22/12/2021;27/12/2021;principal;11;harvested;;vers
3;20;3;7280;N76567;06/09/2021;14/10/2021;29/11/2021;10/12/2021;principal;21;harvested;;
3;21;;6913;N76827;07/09/2021;14/10/2021;10/01/2022;;;;dead;17/01/2022;doute gen  6009 potentiellement
3;22;4;7320;CS76591;06/09/2021;13/10/2021;07/12/2021;20/12/2021;principal;21;harvested;;vers
3;23;;9890;N77217;06/09/2021;14/10/2021;;;;;dead;17/01/2022;
3;24;3;8235;N76924;06/09/2021;13/10/2021;08/12/2021;13/12/2021;principal;12;harvested;;vers
3;25;5;9638;N77133;06/09/2021;NA;20/12/2021;29/12/2021;principal;12;harvested;;
3;26;1;9725;N76844;06/09/2021;14/10/2021;19/11/2021;25/11/2021;principal;13;harvested;;
3;27;;6901;CS76710;06/09/2021;13/10/2021;;;;;probably dead;INTROUVABLE;
3;28;1;9609;N76645;06/09/2021;13/10/2021;22/11/2021;26/11/2021;;;harvested;;
3;29;3;7025;N76450;06/09/2021;14/10/2021;01/12/2021;08/12/2021;principal;16;harvested;;vers
3;30;5;6105;N77297;06/09/2021;13/10/2021;31/12/2021;05/01/2022;principal;11;harvested;;
3;31;5;9966;N76361;06/09/2021;13/10/2021;03/01/2022;10/01/2022;principal;13;harvested;;vers
3;32;3;6915;N76478;06/09/2021;13/10/2021;06/12/2021;10/12/2021;principal;13;harvested;;
3;33;;7430;N76559;06/09/2021;22/10/2021;21/12/2021;;;;dead;17/01/2022;
3;34;3;424;N76812;07/09/2021;13/10/2021;02/12/2021;10/12/2021;principal;17;harvested;;doutes sur date de recolte
3;35;5;7306;N76576;07/09/2021;13/10/2021;22/12/2021;03/01/2022;principal;23;harvested;;
3;36;;9903;N78829;06/09/2021;14/10/2021;14/01/2022;;;;dead;17/01/2022;
3;37;4;9545;N76920;06/09/2021;13/10/2021;14/12/2021;22/12/2021;;;harvested;;
3;38;4;9678;N77095;06/09/2021;14/10/2021;10/12/2021;16/12/2021;principal;14;harvested;;
3;39;4;9703;N77079;06/09/2021;14/10/2021;13/12/2021;20/12/2021;principal;19;harvested;;
3;40;5;8132;N77219;06/09/2021;14/10/2021;27/12/2021;04/01/2022;principal;11;harvested;;
3;41;;7003;N78888;06/09/2021;14/10/2021;;;;;dead;26/10/2021;
3;42;4;9503;N76640;06/09/2021;13/10/2021;13/12/2021;20/12/2021;principal;21;harvested;;
3;43;1;9657;N77078;06/09/2021;13/10/2021;16/11/2021;22/11/2021;principal;11;harvested;;vers
3;44;2;7067;CS76786;06/09/2021;13/10/2021;22/11/2021;06/12/2021;principal;24;harvested;;
3;45;2;6909;N76778;06/09/2021;13/10/2021;29/11/2021;03/12/2021;principal;11;harvested;;
3;46;2;9578;N77229;06/09/2021;14/10/2021;25/11/2021;02/12/2021;principal;14;harvested;;
3;47;2;351;N77383;06/09/2021;13/10/2021;01/12/2021;07/12/2021;principal;16;harvested;;doutes sur date de recolte
3;48;;9561;N77114;06/09/2021;13/10/2021;04/01/2022;;;;dead;17/01/2022;
3;49;3;4779;N78808;06/09/2021;14/10/2021;30/11/2021;10/12/2021;principal;19;harvested;;doutes sur date de recolte
3;50;1;7333;N76599;07/09/2021;14/10/2021;19/11/2021;24/11/2021;principal;13;harvested;;vers
3;51;;9669;N77086;06/09/2021;14/10/2021;;;;;dead;26/10/2021;
3;52;5;6122;N77308;06/09/2021;14/10/2021;24/12/2021;04/01/2022;principal;19;harvested;;
3;53;;9741;N77151;06/09/2021;13/10/2021;;;;;dead;26/10/2021;
3;54;;9901;N78824;06/09/2021;14/10/2021;03/01/2022;;;;dead;17/01/2022;
3;55;5;9672;N77089;06/09/2021;14/10/2021;22/12/2021;11/01/2022;principal;22;harvested;;
3;56;3;8427;N78552;07/09/2021;13/10/2021;06/12/2021;13/12/2021;principal;16;harvested;;vers
3;57;5;9518;N76660;06/09/2021;13/10/2021;03/01/2022;10/01/2022;principal;15;harvested;;vers
3;58;5;9574;N77209;06/09/2021;13/10/2021;21/12/2021;04/01/2022;principal;17;harvested;;bas du frigo
3;59;4;9735;N76699;07/09/2021;13/10/2021;10/12/2021;16/12/2021;principal;17;harvested;;
3;60;2;9811;N77395;07/09/2021;13/10/2021;30/11/2021;06/12/2021;principal;16;harvested;;
3;61;5;6092;N77289;06/09/2021;13/10/2021;30/12/2021;11/01/2022;principal;16;harvested;;vers
3;62;;9722;N76890;06/09/2021;14/10/2021;16/12/2021;;;;dead;17/01/2022;
3;63;4;9645;N76887;06/09/2021;14/10/2021;14/12/2021;20/12/2021;principal;18;harvested;;vers
3;64;4;9869;N77105;06/09/2021;13/10/2021;16/12/2021;23/12/2021;principal;13;harvested;;
3;65;2;8311;N78903;06/09/2021;13/10/2021;30/11/2021;06/12/2021;principal;16;harvested;;vers
3;66;;6945;N76562;07/09/2021;13/10/2021;;;;;dead;26/10/2021;
3;67;5;9069;N78861;07/09/2021;13/10/2021;24/12/2021;03/01/2022;principal;20;harvested;;vers
3;68;1;7327;N77246;06/09/2021;13/10/2021;16/11/2021;23/11/2021;principal;13;harvested;;
3;69;2;8285;N76815;06/09/2021;13/10/2021;29/11/2021;06/12/2021;principal;14;harvested;;
3;70;1;7347;N76605;06/09/2021;13/10/2021;19/11/2021;23/11/2021;principal;11;harvested;;
3;71;;6258;N78767;07/09/2021;13/10/2021;13/01/2022;;;;dead;17/01/2022;
3;72;4;6133;N77317;06/09/2021;14/10/2021;13/12/2021;22/12/2021;principal;23;harvested;;
3;73;;9549;N76943;06/09/2021;13/10/2021;21/12/2021;;;;dead;17/01/2022;
3;74;5;9427;N77122;06/09/2021;13/10/2021;20/12/2021;29/12/2021;;;harvested;;
3;75;;991;N76651;07/09/2021;13/10/2021;;;;;dead;17/01/2022;
3;76;5;9876;N77158;06/09/2021;13/10/2021;22/12/2021;04/01/2022;principal;17;harvested;;
3;77;1;9873;N77125;06/09/2021;13/10/2021;16/11/2021;22/11/2021;principal;15;harvested;;
3;78;;6069;N77137;06/09/2021;13/10/2021;04/01/2022;;;;dead;17/01/2022;
3;79;;1552;N77251;06/09/2021;NA;;;;;empty;;empty
3;80;2;765;N76607;06/09/2021;13/10/2021;19/11/2021;06/11/2021;principal;23;harvested;;doutes sur date de recolte
3;81;5;9631;N77015;06/09/2021;14/10/2021;28/12/2021;10/01/2022;principal;16;harvested;;vers
3;82;;5837;N76453;06/09/2021;NA;;;;;empty;;empty
3;83;;9527;N76739;07/09/2021;13/10/2021;;;;;dead;26/10/2021;
3;84;5;6173;N77336;06/09/2021;14/10/2021;24/12/2021;03/01/2022;principal;13;harvested;;vers
3;85;1;7163;N76500;06/09/2021;14/10/2021;22/11/2021;02/12/2021;principal;19;harvested;;vers
3;86;;6106;N77298;06/09/2021;13/10/2021;04/01/2022;;;;dead;17/01/2022;
3;87;;9933;N78839;06/09/2021;14/10/2021;;;;;dead;28/10/2021;
3;88;;6094;N77290;06/09/2021;13/10/2021;13/01/2022;;;;dead;17/01/2022;
3;89;4;9569;N77166;06/09/2021;13/10/2021;17/12/2021;24/12/2021;principal;15;harvested;;vers
3;90;4;9104;N77001;06/09/2021;14/10/2021;22/12/2021;27/12/2021;principal;11;harvested;;vers
3;91;2;9506;N76662;06/09/2021;13/10/2021;29/11/2021;02/12/2021;principal;11;harvested;;vers
3;92;1;9817;N76642;06/09/2021;13/10/2021;22/11/2021;29/11/2021;both;8;harvested;;
3;93;3;9611;N77032;06/09/2021;14/10/2021;06/12/2021;10/12/2021;;;harvested;;vers
3;94;;6070;N77145;06/09/2021;13/10/2021;10/01/2022;;;;dead;17/01/2022;vers
3;95;3;9786;N76901;06/09/2021;14/10/2021;06/12/2021;13/12/2021;principal;18;harvested;;vers
3;96;;9553;N77012;06/09/2021;14/10/2021;11/01/2022;;;;dead;17/01/2022;
3;97;5;9698;N76882;06/09/2021;14/10/2021;27/12/2021;12/01/2022;secondary;2;harvested;;
3;98;5;9382;N76869;06/09/2021;14/10/2021;;;;;dead;17/01/2021;erreur potentielle sur le nom du génotype note sur leppendorf 9383 
3;99;;6990;N76434;06/09/2021;14/10/2021;29/12/2021;;;;dead;17/01/2022;
3;100;2;8387;N77270;06/09/2021;13/10/2021;29/11/2021;06/12/2021;;;harvested;;
3;101;4;1062;N76728;07/09/2021;13/10/2021;16/12/2021;27/12/2021;;;harvested;;
3;102;4;9070;N78862;07/09/2021;13/10/2021;14/12/2021;21/12/2021;principal;14;harvested;;
3;103;5;5165;N78802;06/09/2021;14/10/2021;21/12/2021;05/01/2022;principal;13;harvested;;
3;104;5;6091;N78035;07/09/2021;13/10/2021;20/12/2021;29/12/2021;principal;13;harvested;;
3;105;4;9556;N77081;06/09/2021;22/10/2021;20/12/2021;24/12/2021;principal;13;harvested;;vers
3;106;NA;9508;N77108;06/09/2021;14/10/2021;13/12/2021;14/12/2021;principal;19;probably lost;;
3;107;;7323;N76594;07/09/2021;14/10/2021;;;;;empty;;empty
3;108;2;7071;N76463;06/09/2021;14/10/2021;29/11/2021;07/12/2021;principal;17;harvested;;
3;109;2;9713;N77271;06/09/2021;13/10/2021;24/11/2021;02/12/2021;;;harvested;;
3;110;;9898;N77259;06/09/2021;13/10/2021;03/01/2022;;;;dead;17/01/2022;
3;111;2;7372;N76616;07/09/2021;13/10/2021;30/11/2021;07/12/2021;;;harvested;;
3;112;2;9808;N77392;07/09/2021;13/10/2021;29/11/2021;06/12/2021;principal;16;harvested;;
3;113;5;1158;N76656;07/09/2021;14/10/2021;30/12/2021;05/01/2022;principal;12;harvested;;vers
3;114;2;9810;N77394;07/09/2021;13/10/2021;29/11/2021;02/12/2021;principal;11;harvested;;
3;115;4;6189;N77351;06/09/2021;14/10/2021;14/12/2021;20/12/2021;principal;22;harvested;;vers
3;116;;6231;CS77368;06/09/2021;13/10/2021;;;;;dead;17/01/2022;
3;117;2;7165;N76513;06/09/2021;13/10/2021;29/11/2021;03/12/2021;principal;12;harvested;;vers
3;118;5;9902;N78825;06/09/2021;14/10/2021;04/01/2022;10/01/2022;principal;12;harvested;;vers
3;119;1;9606;N76649;06/09/2021;13/10/2021;16/11/2021;22/11/2021;principal;11;harvested;;vers
3;120;;6169;N77333;06/09/2021;14/10/2021;05/01/2022;;;;dead;17/01/2022;
3;121;3;9718;N77256;06/09/2021;13/10/2021;NA;10/12/2021;principal;16;harvested;;vers
3;122;1;9944;CS76411;06/09/2021;13/10/2021;17/11/2021;25/11/2021;principal;12;harvested;;bas du frigo
3;123;5;8369;N77214;06/09/2021;14/10/2021;27/12/2021;30/12/2021;principal;15;harvested;;doute sur date de prelevement et rangs des fleurs
3;124;5;6172;N77335;06/09/2021;14/10/2021;04/01/2022;12/01/2022;principal;11;harvested;;
3;125;4;1070;N77643;07/09/2021;13/10/2021;10/12/2021;16/12/2021;principal;12;harvested;;vers doutes sur date de recolte
3;126;2;6922;N76498;06/09/2021;14/10/2021;25/11/2021;03/12/2021;principal;13;harvested;;
3;127;4;9881;N77176;06/09/2021;13/10/2021;21/12/2021;27/12/2021;principal;14;harvested;;
3;128;3;9806;N77223;06/09/2021;14/10/2021;06/12/2021;13/12/2021;principal;17;harvested;;vers
3;129;2;7273;CS77128;06/09/2021;13/10/2021;23/11/2021;06/12/2021;principal;20;harvested;;
3;130;2;9705;N76769;07/09/2021;13/10/2021;29/11/2021;06/12/2021;principal;15;harvested;;
3;131;5;9404;N76926;06/09/2021;14/10/2021;29/12/2021;06/01/2022;principal;13;harvested;;vers
3;132;1;9943;N76410;06/09/2021;13/10/2021;17/11/2021;22/11/2021;principal;11;harvested;;
3;133;2;7231;N77035;06/09/2021;14/10/2021;29/11/2021;06/12/2021;principal;15;harvested;;
3;134;;9075;N77023;06/09/2021;14/10/2021;;;;;dead;17/01/2022;
3;135;;9453;CS77274;06/09/2021;13/10/2021;;;;;dead;17/01/2022;bas du frigo
3;136;;9421;N77009;06/09/2021;14/10/2021;;;;;dead;17/01/2022;
3;137;1;9835;N76772;07/09/2021;13/10/2021;23/11/2021;30/11/2021;principal;12;harvested;;vers
3;138;;7717;N76972;06/09/2021;14/10/2021;;;;;dead;17/01/2022;vers
3;139;3;768;N76634;06/09/2021;13/10/2021;29/11/2021;13/12/2021;secondary;4,666666667;harvested;;doutes sur date de recolte
3;140;;9408;N76959;06/09/2021;14/10/2021;;;;;dead;17/01/2022;
3;141;;6131;N77315;06/09/2021;13/10/2021;;;;;dead;17/01/2022;
3;142;;6149;N77326;06/09/2021;14/10/2021;07/01/2022;;;;dead;17/01/2022;
3;143;2;9805;N77171;06/09/2021;13/10/2021;01/12/2021;06/12/2021;principal;13;harvested;;vers
3;144;3;6904;N76455;06/09/2021;14/10/2021;30/11/2021;13/12/2021;secondary;2;harvested;;
3;145;1;8386;N77268;06/09/2021;13/10/2021;23/11/2021;30/11/2021;principal;12;harvested;;vers
3;146;5;6073;N77147;06/09/2021;13/10/2021;27/12/2021;03/01/2022;principal;16;harvested;;
3;147;NA;9787;N76922;06/09/2021;14/10/2021;30/11/2021;10/12/2021;secondary;1,333333333;probably lost;;
3;148;;6217;N77363;06/09/2021;13/10/2021;13/01/2022;;;;dead;17/01/2022;
3;149;4;6011;N76828;07/09/2021;14/10/2021;14/12/2021;20/12/2021;principal;13;harvested;;
3;150;;9095;N76950;06/09/2021;14/10/2021;;;;;dead;17/01/2022;
3;151;3;5950;N76820;07/09/2021;14/10/2021;03/12/2021;10/12/2021;principal;17;harvested;;
3;152;4;8241;N77038;06/09/2021;14/10/2021;15/12/2021;21/12/2021;principal;13;harvested;;
3;153;;7000;N76428;06/09/2021;14/10/2021;;;;;probably dead;INTROUVABLE;
3;154;2;9937;N76760;07/09/2021;13/10/2021;24/11/2021;02/12/2021;secondary;2;harvested;;
3;155;;9323;N76644;06/09/2021;13/10/2021;;;;;dead;date inconnue;
3;156;4;6104;N77296;06/09/2021;13/10/2021;16/12/2021;24/12/2021;principal;13;harvested;;
3;157;;9615;N77163;06/09/2021;13/10/2021;;;;;dead;28/10/2021;
3;158;3;9777;N76880;06/09/2021;14/10/2021;24/11/2021;10/12/2021;both;24;harvested;;
3;159;5;9819;N76664;07/09/2021;13/10/2021;27/12/2021;03/01/2022;principal;15;harvested;;vers
3;160;3;9057;N78847;06/09/2021;13/10/2021;07/12/2021;13/12/2021;principal;12;harvested;;doute sur id du genotype noté initialement 9027  retrouvé grace à la date de récolte
3;161;3;7417;N78880;06/09/2021;14/10/2021;06/12/2021;13/12/2021;principal;18;harvested;;
3;162;;7147;N76493;06/09/2021;14/10/2021;;;;;dead;03/11/2021;
3;163;3;9792;N77058;06/09/2021;14/10/2021;30/11/2021;08/12/2021;principal;14;harvested;;
3;164;1;6958;N76582;06/09/2021;13/10/2021;NA;30/11/2021;principal;13;harvested;;
3;165;2;9513;N76646;07/09/2021;13/10/2021;22/11/2021;02/12/2021;principal;12;harvested;;
3;166;;6956;N76580;07/09/2021;13/10/2021;;;;;empty;;empty
3;167;;9905;N78840;06/09/2021;13/10/2021;;;;;dead;26/10/2021;
3;168;2;6042;N77048;06/09/2021;14/10/2021;24/11/2021;06/12/2021;principal;20;harvested;;
3;169;3;9891;N77230;06/09/2021;14/10/2021;01/12/2021;07/12/2021;principal;12;harvested;;vers
3;170;4;7130;N76486;06/09/2021;14/10/2021;16/12/2021;24/12/2021;principal;15;harvested;;
3;171;4;9768;N77225;06/09/2021;14/10/2021;13/12/2021;NA;;;harvested;;
3;172;2;9784;N76845;06/09/2021;14/10/2021;29/11/2021;03/12/2021;principal;11;harvested;;
3;173;1;9629;N76957;06/09/2021;14/10/2021;22/11/2021;30/11/2021;principal;11;harvested;;vers
3;174;4;9748;N78871;07/09/2021;13/10/2021;13/12/2021;16/12/2021;;;harvested;;
3;175;5;9754;N77269;06/09/2021;13/10/2021;28/12/2021;03/01/2022;principal;12;harvested;;
3;176;5;9564;N77129;06/09/2021;13/10/2021;03/01/2022;10/01/2022;principal;13;harvested;;
3;177;;8422;N76859;06/09/2021;14/10/2021;;;;;dead;17/01/2022;
3;178;4;9854;N76997;06/09/2021;14/10/2021;16/12/2021;23/12/2021;principal;12;harvested;;vers
3;179;3;7383;N76623;07/09/2021;13/10/2021;29/11/2021;10/12/2021;principal;23;harvested;;
3;180;2;9758;N76433;06/09/2021;14/10/2021;22/11/2021;07/12/2021;principal;10;harvested;;
3;181;;9749;N76971;06/09/2021;14/10/2021;;;;;dead;26/10/2021;
3;182;4;9826;N76717;07/09/2021;13/10/2021;13/12/2021;20/12/2021;principal;22;harvested;;
3;183;1;8419;N78855;07/09/2021;13/10/2021;22/11/2021;26/11/2021;principal;12;harvested;;
3;184;3;9831;N76743;07/09/2021;13/10/2021;01/12/2021;08/12/2021;;;harvested;;vers
3;185;5;9762;N76487;06/09/2021;14/10/2021;03/01/2022;13/01/2022;principal;14;harvested;;vers
3;186;3;6959;CS77210;06/09/2021;13/10/2021;06/12/2021;06/12/2021;principal;14;harvested;;vers
3;187;1;6911;N76789;06/09/2021;13/10/2021;12/11/2021;22/11/2021;both;12;harvested;;
3;188;;9596;N78841;06/09/2021;14/10/2021;;;;;dead;26/10/2021;
3;189;;1002;N76654;07/09/2021;14/10/2021;;;;;empty;;empty
3;190;5;6125;N77310;06/09/2021;13/10/2021;29/12/2021;07/01/2022;principal;15;harvested;;
3;191;5;6012;N76829;07/09/2021;13/10/2021;28/12/2021;06/01/2022;principal;15;harvested;;
3;192;;9381;N76868;06/09/2021;14/10/2021;05/01/2022;;;;dead;17/01/2022;vers
3;193;5;6137;N77320;06/09/2021;14/10/2021;27/12/2021;12/01/2022;secondary;2;harvested;;
3;194;4;7373;N77389;07/09/2021;13/10/2021;17/12/2021;22/12/2021;principal;12;harvested;;pas de 4e feuille
3;195;2;9879;N77169;06/09/2021;13/10/2021;22/11/2021;06/12/2021;principal;17;harvested;;
3;196;1;9839;N76785;06/09/2021;13/10/2021;18/11/2021;23/11/2021;principal;14;harvested;;vers
3;197;;4807;N78809;06/09/2021;14/10/2021;;;;;dead;17/01/2022;
3;198;;9886;N77190;06/09/2021;13/10/2021;;;;;dead;05/11/2021;
3;199;;6202;N77349;06/09/2021;14/10/2021;;;;;dead;17/01/2022;vers
3;200;2;6986;N76429;06/09/2021;14/10/2021;24/11/2021;06/12/2021;principal;23;harvested;;
3;201;5;6141;N78079;06/09/2021;13/10/2021;21/12/2021;03/01/2022;principal;20;harvested;;vers
3;202;4;7353;N76611;07/09/2021;13/10/2021;10/12/2021;20/12/2021;principal;21;harvested;;vers
3;203;;9454;N77275;06/09/2021;13/10/2021;;;;;dead;17/01/2022;
3;204;1;9822;N76675;06/09/2021;13/10/2021;22/11/2021;29/11/2021;;;harvested;;
3;205;4;9997;N76406;06/09/2021;14/10/2021;06/12/2021;22/12/2021;principal;11;harvested;;plante bizarre
3;206;4;9540;N76838;06/09/2021;14/10/2021;07/12/2021;16/12/2021;principal;19;harvested;;
3;207;;6938;N76555;06/09/2021;14/10/2021;;;;;dead;26/10/2021;
3;208;3;1890;N77101;06/09/2021;13/10/2021;01/12/2021;07/12/2021;principal;14;harvested;;vers doutes sur date de recolte
3;209;4;9536;N76782;06/09/2021;13/10/2021;15/12/2021;21/12/2021;principal;17;harvested;;
3;210;5;8231;N76726;07/09/2021;13/10/2021;03/01/2022;11/01/2022;principal;11;harvested;;
3;211;1;9726;N76853;06/09/2021;13/10/2021;17/11/2021;22/11/2021;principal;14;harvested;;vers
3;212;2;7162;N76515;06/09/2021;14/10/2021;01/12/2021;07/12/2021;principal;14;harvested;;vers
3;213;5;9555;CS77068;06/09/2021;13/10/2021;27/12/2021;06/01/2022;principal;15;harvested;;vers
3;214;;9878;N77167;06/09/2021;13/10/2021;04/01/2022;;;;dead;17/01/2022;
3;215;4;9832;N76759;06/09/2021;13/10/2021;06/12/2021;16/12/2021;principal;17;harvested;;
3;216;1;7217;N76545;06/09/2021;14/10/2021;22/11/2021;25/11/2021;principal;14;harvested;;
3;217;;9959;N76374;06/09/2021;14/10/2021;;;;;probably dead;INTROUVABLE;
3;218;;7169;N76512;06/09/2021;14/10/2021;18/01/2022;;;;dead;17/01/2022;vers
3;219;;9552;N76995;06/09/2021;14/10/2021;;;;;dead;17/01/2022;
3;220;1;9510;N77208;06/09/2021;13/10/2021;19/11/2021;29/11/2021;secondary;3,666666667;harvested;;vers
3;221;3;9910;N76725;06/09/2021;13/10/2021;07/12/2021;13/12/2021;principal;17;harvested;;vers
3;222;;8230;N76657;07/09/2021;13/10/2021;;;;;dead;17/01/2022;
3;223;2;5811;N78778;07/09/2021;13/10/2021;29/11/2021;06/12/2021;principal;15;harvested;;vers
3;224;;6968;CS76610;06/09/2021;13/10/2021;17/01/2022;;;;dead;17/01/2022;
3;225;1;9590;N77387;06/09/2021;13/10/2021;17/11/2021;25/11/2021;principal;13;harvested;;
3;226;2;9960;N76376;06/09/2021;14/10/2021;25/11/2021;06/12/2021;principal;12;harvested;;
3;227;;9866;N77076;06/09/2021;14/10/2021;13/01/2022;;;;dead;17/01/2022;
3;228;5;6897;N76430;06/09/2021;13/10/2021;30/12/2021;07/01/2022;principal;12;harvested;;
3;229;4;8243;N77173;06/09/2021;13/10/2021;13/12/2021;20/12/2021;principal;20;harvested;;
3;230;;9058;N78834;06/09/2021;13/10/2021;;;;;dead;17/01/2022;
3;231;5;6997;N76440;06/09/2021;14/10/2021;30/12/2021;13/01/2022;secondary;4;harvested;;vers
3;232;1;8354;N76571;07/09/2021;13/10/2021;22/11/2021;26/11/2021;principal;12;harvested;;
3;233;4;9772;N76925;06/09/2021;14/10/2021;06/12/2021;16/12/2021;principal;21;harvested;;
3;234;1;9512;N78842;06/09/2021;14/10/2021;15/11/2021;26/11/2021;principal;15;harvested;;
3;235;4;7125;CS78898;06/09/2021;13/10/2021;15/12/2021;20/12/2021;principal;13;harvested;;bas du frigo
3;236;;6017;N76835;06/09/2021;14/10/2021;18/01/2022;;;;dead;17/01/2022;
3;237;;5831;N76668;07/09/2021;13/10/2021;03/01/2022;;;;dead;17/01/2022;
3;238;4;9600;CS78848;06/09/2021;13/10/2021;08/12/2021;20/12/2021;principal;19;harvested;;vers
3;239;;9795;N78852;06/09/2021;14/10/2021;;;;;dead;26/10/2021;
3;240;2;6984;N76635;06/09/2021;13/10/2021;25/11/2021;06/12/2021;principal;17;harvested;;vers
3;241;;7208;N76539;06/09/2021;14/10/2021;;;;;empty;;empty
3;242;;5151;N78801;06/09/2021;14/10/2021;12/01/2022;;;;dead;17/01/2022;malade
3;243;;6096;N78040;07/09/2021;13/10/2021;19/01/2022;;;;dead;17/01/2022;vers
3;244;4;6957;N77192;06/09/2021;13/10/2021;14/12/2021;20/12/2021;secondary;5;harvested;;
3;245;;6177;N77338;06/09/2021;13/10/2021;05/01/2022;;;;dead;17/01/2022;
3;246;1;9653;N76878;06/09/2021;14/10/2021;22/11/2021;30/11/2021;secondary;4,333333333;harvested;;vers
3;247;4;6973;N78817;06/09/2021;14/10/2021;10/12/2021;16/12/2021;principal;15;harvested;;
3;248;5;6150;N77327;06/09/2021;14/10/2021;30/12/2021;07/01/2022;principal;16;harvested;;vers
3;249;;9577;N77216;06/09/2021;14/10/2021;;;;;dead;17/01/2022;vers
3;250;;6126;N77311;06/09/2021;13/10/2021;;;;;dead;17/01/2022;
3;251;;7106;N78897;06/09/2021;14/10/2021;;;;;dead;26/10/2021;
3;252;3;9794;N77391;07/09/2021;13/10/2021;06/12/2021;13/12/2021;principal;13;harvested;;
3;253;3;9775;N76701;07/09/2021;13/10/2021;03/12/2021;10/12/2021;principal;12,5;harvested;;
3;254;;1872;N77100;06/09/2021;14/10/2021;17/01/2022;;;;dead;17/01/2022;vers
3;206;5;9540;N76839;07/09/2021;15/10/2021;30/12/2021;05/01/2022;principal;11;harvested;;
3;224;;6968;CS76610;06/09/2021;13/10/2021;05/01/2022;;;;dead;17/01/2022;vers
