accession_id,FT.Diameter.Field,At2.CFU2,Leaf.serr.16,Seed.bank.133.91,Na23,Leaf.serr.10,Emco5,Leaf.roll.16,Leaf.roll.10,Bs,X2W,Rosette.Erect.22,Leaf.serr.22,Width.16,Storage.28.days,LY,avrRpm1,Width.10,Chlorosis.22,Storage.7.days,As2.CFU2,Co59,FW,Cu65,Anthocyanin.22,Width.22,Storage.56.days,YEL,FLC,FT16,FT10,FT.Duration.GH,Se82,LDV,Noco2,X8W.GH.LN,X0W,MT.GH,After.Vern.Growth,Aphid.number,LN22,Bs.CFU2,avrRpt2,Hypocotyl.length,Germ.22,Leaf.roll.22,Silique.16,X8W,FT.GH,DSDS50,Ca43,LC.Duration.GH,At1.CFU2,B11,Chlorosis.10,RP.GH,Chlorosis.16,LFS.GH,Germ.10,Germ.16,Anthocyanin.16,Anthocyanin.10,X0W.GH.FT,Ni60,P31,Emwa1,As75,Germ.in.dark,FRI,As.CFU2,Trichome.avg.C,Vern.Growth,Mo98,Hiks1,Bacterial.titer,Zn66,Trichome.avg.JA,LES,SD,Emoy.,K39,X0W.GH.LN,At2,At1,LN10,FT.Field,LN16,avrB,LD,Seedling.Growth,S34,Cd114,DW,Seed.Dormancy,Mn55,Silique.22,avrPphB,Fe56,X8W.GH.FT,X4W,Li7,FT22,As2,SDV,Mg25,Secondary.Dormancy,As
5837,25.1824,3.711,1,0,1159.9,0.5,1,1,1,5.333,28,0,1,8.5,15,0,1,4.5,1,2.75,5.055,1.47198,1.575,0.647707,0,10.5,81.3899,0,0.813,50,57,22.505,7.59213,25,1,15.8,44.7,14.6875,0.0599347,16.5,23,4.222,1,4.47,2,0,1.4,20.2,34.8845,41.2545,24580.4,72.08,5.331,80.9957,0,37.0721,1,57.1281,7,4,1,0,34.1,2.93497,8640.28,1,0.3294,4.16667,2.4135,3.528,15.3,0.00198257,1.43417,1,15.7,66.3228,23.3,0,75.6667,1,31498.1,21.6,0.167,0.5,21,158.042,28,1,41.875,0.00676544,11078,4.55296,0.0925,34,89.0445,0.9,1,62.4061,27.6,23.5,7.29728,43,0,42.3333,13203.2,1.47791,1
6008,26.0618,5.351,0,NA,NA,0.5,NA,0,1,2.333,16,0,0,8.2,NA,NA,NA,2.4,1,NA,5.055,NA,NA,NA,0,6.2,NA,NA,0.018,41,60,16.4742,NA,24.6667,NA,15,24.5,16.5362,NA,NA,13,3.781,NA,NA,2,0,NA,17.2,24.379,NA,NA,58.0526,3.102,NA,0,33.3679,1,41.0804,5,3,0,0,25.2,NA,NA,NA,NA,NA,0.243,4.451,NA,NA,NA,NA,NA,NA,NA,NA,69.6667,NA,NA,8.7,0,1.333,24,166.69,13,NA,26,NA,NA,NA,NA,NA,NA,NA,NA,NA,25.2,17.8,NA,24,0.5,58,NA,NA,0.167
6009,26.0843,4.406,0,-7.66e-20,554.938,0,1,0,0,1.5,125,1,0,7.8,98.4375,1,1,2.4,1,70.1875,5.144,1.45684,0.3424,0.953108,1,7.7,100,0,0.939,151,98,NA,7.72461,47,1,24.1,NA,NA,0.0877888,27.3,178,5.556,1,5.97,4,0,1.4,31.5,163.224,5.24274,26800.3,NA,3.936,75.7086,1,NA,1,NA,5,4,0,0,200,4.04426,8638.72,1,0.29967,65.0948,1.3987,5.091,69,0.00239152,1.53644,1,9.2,67.5195,46.5,1,NA,NA,27738,NA,4.6,1,31,180.792,79,1,200,0.009551,10806.1,3.2948,0.0304,2,118.62,0.9,0,62.6406,35.9,78.6,6.03735,250,0.25,74.6667,13658.8,0.499325,2.5
6016,21.4814,3.737,0,NA,NA,0,NA,0,0,4,78.2,1,0.75,6.5,NA,NA,NA,2.8,1,NA,4.675,NA,NA,NA,1,9.5,NA,NA,2.084,101,75,NA,NA,35,NA,NA,125,NA,NA,NA,64,4.981,NA,NA,2,0,NA,30.8,125.997,NA,NA,NA,3.82,NA,1,NA,1,NA,7,3,1,0,200,NA,NA,NA,NA,NA,1.89,4.577,NA,NA,NA,NA,NA,NA,NA,NA,200,NA,NA,NA,1.4,0.667,38,180.088,50,NA,83.0417,NA,NA,NA,NA,NA,NA,NA,NA,NA,NA,NA,NA,113,0.667,55,NA,NA,0.333
6040,28.4487,4.078,0,NA,NA,0.5,NA,0,0,1.333,72.4,1,0.5,6.2,NA,NA,NA,1.8,1,NA,4.816,NA,NA,NA,0,9.7,NA,NA,2.321,92,71,32.6043,NA,43.2,NA,30.4,125,13.1144,NA,NA,74,4.721,NA,NA,2,0,NA,33,65.1273,NA,NA,111.196,3.362,NA,0,45.7053,0,97.3101,7,3,0,0,86,NA,NA,NA,NA,NA,1.901,5.176,NA,NA,NA,NA,NA,NA,NA,NA,200,NA,NA,91.1,0.667,0.667,35,187.514,37,NA,200,NA,NA,NA,NA,NA,NA,NA,NA,NA,33.3,NA,NA,87,0.333,78,NA,NA,0.5
6042,29.1316,3.354,1,NA,NA,0.5,NA,0,0,5.5,17.6,0,1,8.5,NA,NA,NA,2,1,NA,4.714,NA,NA,NA,0,9,NA,NA,0.052,35,56,21.1135,NA,28,NA,16.1,27.3,16.9943,NA,NA,9,6.187,NA,NA,2,0,NA,16.6,24.4555,NA,NA,62.6891,5.325,NA,1,38.2066,1,45.6661,5,3,1,0,23,NA,NA,NA,NA,NA,0.425,4.391,NA,NA,NA,NA,NA,NA,NA,NA,83.3403,NA,NA,9.7,0.167,1.333,17,152.963,13,NA,29.1667,NA,NA,NA,NA,NA,NA,NA,NA,NA,26.4,NA,NA,29,0,53.6667,NA,NA,0.333
6043,27.0311,4.103,1,8.36e-20,389.432,0.75,1,0,0,1.5,125,1,1,7.2,98.4127,1,NA,3.8,0,56.75,3.835,1.29533,0.2332,0.992542,1,8.5,100,0,1.49,174,90,NA,7.62001,52.8333,0,37.9,125,NA,0.103636,38.3,180,4.848,1,5.17,2,0,1.5,NA,166.469,7.94253,24198.8,NA,5.117,71.1552,0,NA,1,NA,5,3,1,1,200,3.73757,10083.6,1,0.194808,42.1667,1.7791,4.589,43,0.00524101,2.27191,0,10.9,71.6353,42.5,1,200,NA,31362.8,NA,0.5,1.167,48,173.259,82.5,NA,200,NA,12277.1,3.83151,0.0234,0,108.039,0.9,0,63.4751,43.4,125,5.03345,250,0.667,99,11362.6,1.09419,0.667
6046,27.4397,3.613,0.75,-8.25e-20,570.525,0,1,0,0,3.75,NA,0.5,1,7.2,100,1,NA,3.2,0,35,5.177,1.31328,0.2529,1.10288,1,8.6,100,0,3.324,150,93,NA,8.51511,51.25,NA,38,NA,NA,0.170716,14.5,184,4.187,1,4.3,2,0,1.5,36.8,NA,12.4755,22636.6,NA,3.939,60.8062,0,NA,1,NA,5,4,1,0,200,4.06472,10502.2,1,0.274396,77.5,4.3861,4.757,28.5,0.0113693,2.32662,0,9,74.4334,49,1,200,0,29433.5,NA,0.833,1.833,44,170.863,94,1,200,NA,13350.3,3.5933,0.0232,0,100.548,0.9,0,69.1097,42,NA,4.89917,250,1.667,117.2,11143,0.516917,1
6064,21.7971,5.669,0.75,NA,NA,0.75,NA,0,0,6.333,125,1,1,6.2,NA,NA,NA,2.4,1,NA,4.127,NA,NA,NA,1,11.2,NA,NA,1.234,201,96,NA,NA,42,NA,27.6,125,NA,NA,NA,124,5.027,NA,NA,2,0,NA,26.9,166.221,NA,NA,NA,3.482,NA,1,NA,1,127.604,7,3,1,0,200,NA,NA,NA,NA,NA,0.838,4.323,NA,NA,NA,NA,NA,NA,NA,NA,200,NA,NA,NA,1.333,0.5,46,188.772,116,NA,200,NA,NA,NA,NA,NA,NA,NA,NA,NA,37.1,71.9,NA,250,1.833,NA,NA,NA,0
6074,31.2103,4.147,0.75,NA,NA,0.75,NA,0,0,5.75,125,1,0.75,7.2,NA,NA,NA,2.5,0,NA,5.657,NA,NA,NA,1,15,NA,NA,1.628,97,91,12.3641,NA,43.6,NA,NA,125,-0.492884,NA,NA,158,5.889,NA,NA,2,0,NA,43.8,103.574,NA,NA,115.924,3.985,NA,0,11.8976,0,116.162,7,3,0,0,200,NA,NA,NA,NA,NA,1.112,4.76,NA,NA,NA,NA,NA,NA,NA,NA,200,NA,NA,NA,1.8,3,37,174.899,42,NA,200,NA,NA,NA,NA,NA,NA,NA,NA,NA,NA,115.8,NA,123,2.833,135.333,NA,NA,4.2
6243,39.2225,4.965,0.5,NA,NA,0.5,NA,0,0,6.5,21.6,0,0,8.6,NA,NA,NA,2.7,1,NA,6.024,NA,NA,NA,0,12.7,NA,NA,0.248,41,56,27.1637,NA,24.75,NA,14.9,31.4,18.3128,NA,NA,15,3.204,NA,NA,2,0,NA,19.4,28.3952,NA,NA,73.2639,5.36,NA,0,45.1504,0,55.5621,7,3,0,0,27,NA,NA,NA,NA,NA,1.358,5.5,NA,NA,NA,NA,NA,NA,NA,NA,98.2014,NA,NA,14.3,1,2.833,23,163.691,16,NA,35.8403,NA,NA,NA,NA,NA,NA,NA,NA,NA,25.1,NA,NA,29,0.833,50,NA,NA,0.2
6709,35.3529,4.388,1,NA,NA,1,NA,0,0,7.167,24.8,0,1.5,6.2,NA,NA,NA,2,0,NA,5.742,NA,NA,NA,1,11,NA,NA,0.548,43,52,19.5004,NA,26.5,NA,16.4,37.4,21.7177,NA,NA,23,3.395,NA,NA,2,0,NA,17.1,25.4878,NA,NA,66.4341,3.771,NA,0,41.2736,0,44.8206,7,3,1,0,26.6,NA,NA,NA,NA,NA,1.069,3.221,NA,NA,NA,NA,NA,NA,NA,NA,96.7014,NA,NA,14,0,1.167,19,160.507,18,NA,33.6736,NA,NA,NA,NA,NA,NA,NA,NA,NA,24.6,NA,NA,39,2.5,61,NA,NA,1.5
6897,20.8338,4.596,0.5,11.1939,NA,0,1,0,1,7.667,49,1,0.5,7.3,0.25,0,NA,3.6,1,0,4.688,NA,0.5539,NA,0,11.5,0,0,2.867,58,62,34.1135,NA,25.5,1,22.1,72.5,12.6199,0.0712424,25.3,79,5.96,NA,5.89,3,0,1.4,21.8,50.0923,192.072,NA,97.2416,4.19,NA,0,47.049,1,84.3481,5,4,1,0,37.8,NA,NA,1,NA,NA,1.0283,2.638,13.3,0.00282226,NA,1,16.2,NA,22.8,0,200,1,NA,20.4,3,0.333,21,167.626,41,NA,45.2083,0.00811379,NA,NA,0.0425,65,NA,1.2,NA,NA,32.1,NA,NA,68,1.5,72.5,NA,NA,3.5
6898,42.1358,4.874,0,-6.98e-20,1002.97,0.5,0,0,1,6.833,15.2,0,0,5,95.75,1,1,4.2,0,87.675,5.564,1.27219,0.5814,1.03474,0,4.4,100,0,0.111,26,41,22.0552,6.52136,20.4,0,11.2,22.9,22.147,0.0730645,22.5,9,4.894,1,5.71,2,0,1.5,16.8,20.7882,7.13983,26768.5,65.0562,5.183,87.4363,0,44.2211,0,42.8175,5,3,0,0,21.8,3.06322,9518.03,1,0.192722,18.7262,1.3907,5.619,36.3,0.00170727,2.08173,0,11.6,90.4134,34.8,1,67.8333,0,26612.8,8,2,3.333,12,151.215,9,1,26.3403,0.00706085,9911.47,2.45775,0.0408,1,116.833,0.9,0,62.0876,21.9,20.8,7.39791,25,3.167,48.1667,13256.8,0.991412,0.833
6899,37.939,5.023,0.5,0,655.975,0,0,1,1,5.5,18.6,1,1,9.5,81.75,0,1,3.4,1,76.5994,5.968,1.36351,0.4619,0.992739,0,10.5,100,0,0.196,34,54,21.0746,9.37138,23.1667,NA,13.5,30.2,16.7447,0.249604,31.8,8,5.446,1,5.99,2,0,1.8,14.5,26.5923,4.58595,28355.2,64.646,5.844,96.7573,0,38.0255,1,47.7685,7,4,0,0,23.7,3.34824,7442.01,1,0.239331,0,0.3372,5.34,26.3,0.0134636,3.56447,0,11,57.9322,26.7,0,88.5208,0,26243.5,9.2,2.167,1.833,18,153.283,11,1,27.5,0.00983389,14046,2.66823,0.0301,0,73.2863,1.1,0,60.902,24.5,18.1,8.21425,25,1.833,79.3333,14316.5,0.664479,2.167
6900,21.1494,3.634,0,NA,927.769,0,NA,0,0,6.5,125,1,0,5.5,NA,1,0,2.6,1,NA,5.065,2.17381,0.2327,1.11941,0,7.5,NA,0,1.113,171,90,NA,6.46284,33.5,1,21.7,NA,NA,NA,10,156,4.67,1,4.98,2,0,1.4,25.2,165.154,NA,23560.6,NA,3.998,73.3522,0,NA,1,NA,5,3,0,0,200,3.47692,8715.8,1,0.15664,NA,2.7299,6.168,62.5,NA,1.54899,1,14.6,94.6996,58.5,1,200,1,36589.7,NA,1.667,3,48,182.283,76,0,200,NA,9975.02,4.87692,0.0202,1,139.611,0.9,0,63.5415,28.7,84.1,5.82627,250,4.5,107.5,11156.5,NA,4.833
6901,19.7076,2.672,0,0,900.858,0,1,0,0,6.667,NA,1,0,5.2,98.75,1,0,2.9,0,69.0335,3.611,2.17599,0.2804,1.11268,0,8.5,100,0,1.473,169,86,NA,6.90808,30.2,0,20,NA,NA,0.0568184,20,119,4.773,1,NA,3,0,1.4,31.8,NA,6.41757,23095.4,NA,2.026,67.1482,0,NA,0,NA,5,3,0,0,200,3.2793,8412.12,1,0.21755,37.0913,3.1047,2.262,52.5,0.000899734,1.40302,NA,12.6,89.5432,83,1,200,NA,38770.5,NA,3.5,2.333,36,182.402,74,0,200,0.00928937,10813.5,4.31325,0.0234,0,129.019,0.9,0,66.1153,36.5,78,5.44745,250,0.667,61.5,10988.5,1.24959,1.833
6903,26.7362,5.324,1,0,983.021,1,1,1,0,7.167,23.6,1,1,7.2,32.6437,0,1,3.6,1,5.31,5.6,1.06793,1.1484,0.945857,0,12,74.75,0,0.369,52,57,19.2801,6.58624,23.8333,1,16.9,37.1,13.3966,0.124493,35,20,4.05,0,4.43,2,0,1.6,17.9,35.4095,40.4731,29713.1,68.0131,4.359,71.9811,0,32.607,1,54.7303,7,4,1,0,30,3.16747,7699.4,1,0.191492,8.58e-15,1.5878,5.464,24.5,0.00449879,2.83033,1,11.5,75.7049,36.5,0,88.5139,1,29168.2,15.4,1,1.833,24,165.998,28,1,38.5278,0.00736033,11157.4,3.29561,0.0667,28,82.8817,1,0,66.1704,25.7,19.6,8.52958,38,0.5,56.8333,14715.9,1.97516,1.167
6904,36.9139,4.579,0.5,-10.6115,1855.96,0.75,1,0,1,8,41,1,0.5,7.3,0.75,0,1,4.4,1,1.64e-17,5.05,1.4102,0.4762,0.932638,0,9.4,7.19e-15,0,6.27,77,66,23.0071,7.99419,23.3333,1,17.4,76.2,17.7755,0.206641,28.5,69,2.829,1,5.76,3,1,1.5,17.1,48.3199,160.662,24642.1,91.7904,3.939,76.048,1,40.7945,0,73.9376,7,4,1,0,69.9,3.23229,8748.34,1,0.281173,NA,2.0591,4.719,NA,0.00879185,2.70963,1,16.9,81.9064,NA,0,110.042,1,43387.8,82.6,1.333,1.333,23,145.313,50,1,92.5347,0.00798701,13576.2,3.36302,0.035,73,89.2347,1.2,1,69.4283,26.4,24.5,6.17904,66,0.667,36.8333,12765.5,NA,2
6905,33.0302,4.984,1,0,2395.47,1,0,0,0,6.667,34.4,1,1,9.4,100,0,1,4.6,0,99.5,4.819,0.964807,0.8465,0.947949,1,11,100,0,0.445,50,65,21.3578,5.83629,35.1667,1,NA,43.5,18.7587,0.0988164,47.8,24,5.292,1,6.44,2,0,1.6,28.8,32.6968,3.51786,28944.5,73.4815,4.16,85.2091,0,40.4585,0,54.1202,5,3,0,0,37.1,2.84574,10756.7,0,0.229269,65.7616,1.1803,4.566,19,0.0022428,5.07866,1,15,66.8996,28.5,0,101.042,0,28356.6,25.1,0.833,0.333,28,181.049,33,1,32,0.00940748,8906.93,2.64163,0.0616,0,81.3005,1.2,1,57.258,NA,32,8.87523,44,0.5,76.3333,15083.1,0.879132,1.833
6906,28.4476,4.938,1,-9.96e-21,2331.95,0.5,1,0,0,6.833,23.2,1,1,6.5,23.329,0,0,4.8,1,0.8775,4.924,1.35197,0.2863,1.16088,1,7.5,87.8445,0,1.264,38,43,15.7219,8.25758,18.6667,1,12.5,44,18.6897,0.0611728,8,32,4.518,1,4.99,3,0,1.6,13.5,30.4244,37.63,25865.8,64.1611,5.421,61.7986,0,33.8987,1,46.1034,5,3,0,0,32.2,3.02628,9299.09,1,0.139104,79.6342,1.3541,3.557,2.5,0.00188348,3.07574,1,11.2,84.9882,11.3,0,61.8333,1,28791.5,20.2,5.5,4.167,14,114.658,25,0,28.6667,0.0102952,14401.2,5.16177,0.0186,119,108.04,1.1,1,65.0957,23.5,18.1,5.48502,46,1.833,27,12545.7,0.0329185,3.667
6907,40.0578,3.816,0.5,7.5,730.819,0,0,0,1,4.2,38,1,0.75,8.4,0,0,0,4.2,1,0,3.871,1.49043,0.9221,0.618611,0,8.9,38.5159,0,0.857,57,58,25.9337,7.1481,30.1667,0,21.3,50.1,14.4277,0.0858092,35.3,44,3.869,1,6.51,2,0,1.4,24.7,38.318,61.1331,25014.7,75.5732,3.343,84.521,0,39.7945,1,61.7463,5,3,0,0,35.4,3.12762,9426.05,0,0.190604,94.5517,1.4871,4.495,25.8,0.00394,1.13786,NA,16.7,62.0147,28.3,0,102.542,1,36131.4,28.1,0,0.333,21,167.833,53,0,46.8681,0.00811379,10406.1,3.05935,0.0655,55,81.5031,1.1,1,56.6081,32.3,31.1,7.32627,53,0,53.6667,13067.5,0.0148809,0
6908,28.1767,4.275,0.5,-8.5,707.215,1,1,0,1,9.833,27,1,1,8.2,1.5,0,1,4.2,1,0,4.795,1.44759,0.7504,0.671517,0,11.5,44.5,0,1.293,49,49,19.3303,8.22867,23,1,17.3,49.6,15.6732,0.159834,31.3,37,5.025,0,6.17,2,0,1.3,17.7,37.4853,60.0371,29527.8,71.5878,5.492,86.3505,0,34.4366,1,56.7456,5,4,1,0,32.1,3.37902,8922.27,1,0.204984,96.1538,1.3286,4.107,63.8,0.00834691,2.40806,1,13.9,61.6265,59.8,0,95.6333,1,35689.4,23,1.5,4.167,21,158.991,28,1,35.5069,0.00801586,13454.9,2.49995,0.0544,52,81.9706,0.7,1,67.582,26.9,25.1,5.93783,42,2.167,62.25,14003.1,-0.10582,2.833
6909,32.2605,5.717,0.75,0,745.12,0,0,1,1,9.75,21.6,0,1,9,89,0,1,4.5,1,6.82,5.692,1.21266,0.45,1.09639,0,11.2,100,0,0.127,32,51,19.7413,5.82137,23,0,15.1,30.7,17.2997,0.0931168,29.5,15,4.247,1,4.03,2,0,1.6,18.6,25.5152,18.6839,30113.3,62.6517,5.036,100.494,0,37.0544,1,45.2227,5,3,1,0,27.3,3.0836,6962.63,1,0.185904,5.75595,1.2302,5.779,32.5,0.00405641,3.3599,1,16.4,75.5202,48,0,93.825,1,26502.8,11.1,1.5,2.333,13,172.708,12,1,27.3333,0.00540535,10173.8,3.50076,0.0362,0,80.0905,1.2,1,58.0574,27.2,21.3,9.01691,32,3.5,56.8333,15464.6,0.162068,1.667
6910,22.5622,4.661,1,-19.0761,586.092,1,1,1,1,4,18.8,0,1.5,7,10.25,1,1,4.5,1,0.56,4.902,1.09542,0.9318,0.855692,0,9.5,23.8972,0,0.035,37,49,18.8578,7.22903,21.6667,1,11.9,29.5,17.1191,0.0865612,21.5,9,2.596,1,6.79,2,0,1.7,16.1,26.5463,115.145,28547.2,62.6798,3.706,90.0228,1,36.078,1,45.5713,5,3,1,1,27.9,1.52843,8029.28,1,0.215127,NA,0.3132,2.696,18.8,0.00344973,1.7212,1,16.9,66.9266,27,1,69.1667,1,29094.5,9.9,1.667,1,17,148.116,12,1,26.8333,0.00619291,11715,2.94058,0.0592,41,95.7139,1.4,1,58.6912,24.1,19.9,7.50998,26,3.833,34.5,13838.8,NA,0.5
6911,30.0511,3.304,0,9.80357,351.564,0,1,0,0,3.667,24.2,1,0,7,0,0,0,6,0,0,3.766,1.45922,0.5169,1.2111,0,11,0.5,0,2.179,53,46,20.3687,6.79051,22,0,8.3,43.6,17.5535,0.0894457,83.5,13,4.17,1,5.87,3,0,2.2,18,26.1398,94.0411,23833.3,63.9585,2.721,112.552,0,37.9699,0,46.7079,5,3,0,1,36.3,2.65262,8565.53,0,0.227395,84.4316,2.2244,3.664,104.3,0.0036819,6.00194,NA,15.4,71.8732,98,0,62,0,31630.8,15.5,0,0.5,12,111.225,18,0,31.6667,0.00536291,10368.3,3.13038,0.0378,NA,99.2434,1.9,1,57.8616,25,20.2,7.68306,39,0,26.3333,11183.9,0.532677,0.5
6913,21.671,4.325,0.75,0,539.845,0,1,0,0,2,125,1,0.75,7,100,1,1,4.3,0,90.25,4.157,1.74236,0.2607,1.33259,1,5.7,100,0,1.846,252,99,NA,6.72055,40.5,1,NA,125,NA,0.0626933,14.8,168,5.093,1,4.45,2,0,1.4,NA,NA,4.05943,26712.9,NA,2.719,63.2393,0,NA,0,NA,5,3,0,0,200,3.47805,9872.53,NA,0.220302,2.5431,2.115,4.824,78,0.00156395,2.45647,1,8.8,75.5593,55,1,200,0,26729.4,NA,0.667,1.5,34,179.799,88,NA,200,0.00892783,12490.2,4.13684,0.0219,NA,110.874,0.9,1,62.0428,NA,102.4,5.05784,250,2.167,NA,12236.8,1.69118,1
6914,33.1322,5.061,0.75,0,590.97,1,0,1,0,7,60,1,1,8.5,19,1,1,5,1,0,4.485,0.921377,0.6346,1.38797,1,10,73.9986,1,1.811,85,73,NA,6.1142,35.5,0,20.9,125,NA,0.105011,59,77,1.449,1,5.92,2,0,1.4,28.3,93.0026,43.6321,27561.5,NA,3.42,83.9293,0,NA,0,NA,7,3,0,0,75,3.26464,10274.4,NA,0.177794,100,0.8065,3.794,18,0.00508417,3.20529,0,12.8,66.5073,28,0,108.708,0,31905.6,86.1,3.167,1.5,41,178.057,41,1,140.354,0.0108297,10003.4,2.75307,0.0389,76,98.3896,0.9,0,61.8159,31.2,37.6,5.95605,99,1.5,53.5,13344.7,0,0.333
6915,29.6225,4.388,0.5,0,575.404,1,0,0,0,4.667,NA,1,0.5,8.5,44.25,0,1,5,1,7.25,5.093,1.37729,0.4683,1.2541,0,10.5,98.913,0,0.463,48,53,22.3189,6.46834,30.1667,NA,18.6,NA,15.6479,0.0908374,14,34,4.953,0,5.73,2,1,1.4,22.4,37.1818,31.2414,27517,75.8766,5.082,77.9073,0,38.3679,1,59.5483,5,3,0,1,37.8,2.70355,8306.73,NA,0.130999,58.0065,1.2478,4.401,14,0.00269385,2.60491,NA,10.2,69.0322,23.8,0,101.031,NA,28055.8,33.8,1.167,1,20,179.26,30,1,41.2014,0.00799193,10427.4,4.22232,0.0355,13,96.0096,1,0,58.8155,29.4,NA,8.08121,46,2,55.6667,13640.8,0.683034,0.333
6916,48.3825,5.215,0,0,904.067,1,1,0,0,6.667,20.2,0,0,6.6,30.9537,1,1,3.3,1,0,5.032,1.32304,0.2883,0.920254,0,10,78.6583,0,0.073,35,63,24.5358,6.98014,27.1667,1,17.8,26,17.6552,0.065165,11,9,4.398,1,5.31,3,0,1.8,20.3,24.7756,36.94,26843.3,66.9909,2.591,86.7946,0,41.5071,1,49.2125,7,4,0,0,24.7,3.10332,9429.25,1,0.248364,0,1.3893,4.021,39.3,0.00143809,2.21931,1,12.4,64.8759,53,1,89.6875,NA,33886.5,9.4,3.5,0.667,19,182.328,15,1,25.5,0.00637703,12079.9,2.58245,0.0188,9,111.142,1.3,0,58.1783,27,24.5,6.54445,26,1.667,68.3333,13502.1,2.28111,2.833
6917,31.6753,5.197,0.75,0,388.74,0,1,0,1,3.25,125,0,1,8.5,100,1,1,3.6,1,100,4.832,0.931158,0.3934,0.874065,1,10,100,0,1.287,222,121,NA,7.00888,52,1,28.9,125,NA,0.0929609,17.5,160,5.326,1,4.87,4,0,1.4,32.6,167.759,3.5,28506.1,NA,3.592,81.6757,0,NA,0,NA,7,4,0,0,200,3.20017,9200.61,1,0.226578,0,1.8538,5.136,43.3,0.00686527,4.32345,1,8.5,35.2087,42,1,200,1,31292.9,NA,4,1.167,85,183.293,148,1,200,NA,11294.1,2.74619,0.0323,NA,94.7804,0.9,0,62.2075,37.2,110.3,6.31293,230,1.333,171.5,13020.6,2.38095,0.833
6918,27.7529,5.177,1,0,676.315,0,1,0,1,4.667,125,0,1,9,100,1,0,4.5,1,95.25,4.087,1.606,0.5091,1.16506,1,9.5,100,0,0.951,135,108,NA,7.21779,53,0,NA,125,NA,0.0643379,50,185,6.242,1,5.59,3,0,1.5,42,168.038,3.70525,29129,NA,5.502,82.9351,0,NA,1,NA,5,3,1,0,200,3.9426,8620.92,1,0.3144,-5.07e-15,1.8848,4.875,33.8,0.00308827,4.52094,1,11.3,56.1557,47,1,200,NA,36467.8,NA,1.5,2.667,65,180.41,185,0,200,NA,11626.9,2.46896,0.037,NA,86.6567,0.9,0,63.2274,NA,76,5.91996,250,1.167,200,13886.3,2.38095,3
6919,32.3197,4.814,0.75,0,844.023,0.75,1,0,0,8,25.6,0,1.5,6.2,1.26e-14,0,0,3.9,1,1.68e-16,4.884,1.30022,0.433,0.979795,1,9.2,-2.63e-14,0,0.7,46,71,21.2413,5.53403,24.3333,0,16.5,42.3,16.0205,0.0724796,20.3,28,3.965,1,5.47,2,0,1.9,17.6,30.1221,NA,29045.4,66.5972,2.443,88.0203,0,36.7935,0,51.4199,7,4,0,0,31,3.14306,8757.08,NA,0.191414,74.7469,0.396,3.439,18.3,0.00224457,1.85329,0,16.2,56.6516,19.3,0,101.542,0,27183.5,19.9,0.5,0.667,24,167.811,38,0,34.6667,0.00597122,9265.86,3.94922,0.0353,47,80.0474,1.4,0,57.8821,25.3,21.5,7.78952,47,1.833,49.5,14293.7,1.02e-16,1.6
6920,30.1706,5.146,0,19.1176,708.384,0,1,1,0,7,55.6,1,0.5,10.3,0.5,0,1,6,0,0.25,4.756,1.52887,0.5068,0.888246,0,13,60.7948,0,0.802,98,71,38.7135,7.53855,44.6667,0,26.4,93.2,17.2558,0.158697,18.3,54,4.141,1,7.56,2,1,1.5,31.9,70.0326,52.3452,28540.2,125.834,4.506,72.746,0,55.8976,0,109.776,5,3,0,0,77.8,4.02286,7976,0,0.188075,64.561,0.9328,3.637,10.5,0.0125543,3.36044,1,10.6,78.2768,23,0,200,1,27921.9,92.6,0.167,0.5,30,184.898,52,1,157.681,NA,10148.2,4.02137,0.028,57,124.133,1,1,59.452,34.7,40.4,6.81711,75,0.5,66.1667,13114.9,0.035014,1.167
6921,31.1824,4.611,0,73.6761,516.647,0,1,0,0,4.5,NA,1,0.5,9.5,0,0,1,4.8,1,0,4.924,1.62837,0.9587,1.07789,0,12,65.8889,0,0.835,98,64,11.9388,6.45653,41.6667,0,27.8,NA,5.87399,0.0657992,58.5,48,4.623,1,8.11,2,1,1.5,NA,103.141,76.5499,25193.4,129.321,4.826,75.6708,0,20.7562,0,128.717,5,3,0,0,73.3,3.696,7963.66,0,0.228673,79.6053,0.9747,4.775,9.8,0.00240145,2.32382,1,11.7,77.238,15.5,0,200,1,28413,84.1,0.333,0.667,24,180.514,51,1,162.514,0.00780387,9542.18,5.67992,0.0678,61,131.024,1,1,61.2412,37.8,NA,6.63284,93,0.5,71,12323.3,0.148809,0.5
6922,31.8109,4.875,0.5,2.01e-15,581.727,NA,NA,0,0,4.333,20.6,0,1,8,2.75,1,1,3.7,0,1.17,4.081,1.2007,0.6559,1.11077,0,11,64.0081,0,0.125,31,48,20.175,7.24258,25,1,16.1,27.4,22.5222,0.0953724,50.5,16,4.257,1,4.37,2,0,1.6,18.7,26.1377,54.5074,26613.7,68.5261,3.207,77.5897,0,42.5834,0,46.1646,5,3,1,1,27.1,2.80752,7323.57,0,0.234358,96.9697,1.0577,4.482,42.5,0.00488398,3.64739,0,15.6,73.3824,32.5,1,70.1667,0,28742.4,11.7,0.333,2,14,163.525,12,1,27.5,0.00564339,11231.3,3.50373,0.0478,26,97.3252,1.1,1,61.1465,26.2,21.7,7.37713,32,1.5,45,12811.1,0.01294,1.833
6923,29.3017,5.616,0.5,-4.36921,1297.55,0.5,1,0,1,5.5,18.4,1,0.5,8,0,0,1,3.7,0,0,4.994,1.18305,0.745,0.877965,1,8.2,0.75,0,0.289,42,44,17.9923,6.63087,23,1,11.4,24.5,16.8704,0.187755,38.8,13,4.103,1,6.35,3,0,1.3,14.6,25.2733,249.489,30464.5,59.8314,5.186,79.2673,0,34.7265,1,42.6722,5,3,1,0,22.2,3.2433,7984.17,1,0.155949,NA,0.9374,4.638,17.5,0.00916443,2.05294,1,13.4,71.279,40,0,106.375,1,29668.1,8.8,0.333,0.5,17,151.954,12,1,25.1667,0.00660854,11124.3,2.68055,0.0502,43,85.9793,0.9,1,60.8902,24.5,16.8,7.48522,31,0,59.8,15605.4,NA,2.667
6924,36.843,4.042,1,-12.4236,1507.57,1,0,0,1,1.833,31,0,1,7.6,0.5,0,1,4,0,1.69e-17,5.516,1.23949,0.8687,0.778583,1,12.2,2.51225,0,0.071,40,49,19.6054,6.45294,24.3333,1,15.5,NA,13.9254,0.0227967,48.5,24,4.183,0,5.56,3,0,1.2,NA,29.4555,90.4933,27788.6,63.0842,5.012,86.7434,1,33.6305,0,48.975,5,3,1,1,29.7,4.25038,7558.51,1,0.199038,NA,1.0266,4.024,56.8,0.000508483,1.73558,0,16.7,53.902,66.3,0,84.1806,1,30609.4,15.2,1.333,0,17,157.11,23,1,28.8333,0.00469405,9054.04,3.33315,0.0579,58,95.9186,0.9,1,63.3004,27.2,NA,8.88149,47,0.667,48.3333,14656.5,NA,1
6926,30.6287,3.374,1,-16.0305,746.836,0,1,0,1,8.667,NA,1,1,10.2,0.25,0,0,4.2,0,0,4.738,1.0595,1.0076,0.911382,1,10.3,1.67045,0,0.383,45,49,22.1248,5.87971,22.6667,0,13.6,NA,9.46724,0.159702,19.3,19,4.252,0,4.57,2,0,1.5,NA,30.2434,75.9288,32882.9,62.0749,4.14,80.8552,0,31.7827,0,52.3083,5,3,1,0,31.9,1.72259,7875.98,1,0.179469,63.0065,0.6407,3.941,14,0.00885841,2.71156,0,17.3,63.5054,23.5,0,84.6736,1,32959.2,17.9,0.333,0.333,15,154.752,15,0,31.6667,0.00790856,9739.7,2.1644,0.0657,51,102.266,1,1,55.6318,26.3,NA,8.26216,41,0,35.8333,16303.8,0.21536,2.5
6927,37.9966,5.303,0.75,-3.99e-20,1660.81,0,1,1,1,6.667,NA,1,1,7.3,30.5,0,0,3.6,0,0,4.319,1.63076,0.9394,1.01656,1,9.2,93.0161,0,0.382,61,51,32.6717,6.77225,30.5,0,33.3,NA,6.70116,0.104024,38.8,89,3.713,1,6.14,2,0,1.5,48.6,66.3342,35.6898,27815.6,105.131,4.269,91.503,0,39.0218,1,99.1584,5,3,0,0,55.8,2.64198,7076.98,0,0.212029,96,1.8628,5.291,44.3,0.00367285,2.79611,0,13.4,83.308,33.3,0,200,0,32444.6,63.7,2.333,3.333,15,178.072,45,0,57.4417,0.00809296,9903.82,3.3593,0.0619,33,101.795,1.2,0,57.0251,37.9,NA,8.08508,72,1.333,72.8333,14760.7,0.0297619,1.5
6928,47.7742,5.258,0.75,0,584.367,0.75,1,1,1,6,53,1,1,9.5,43,0,0,4.2,0,0,4.257,1.3182,0.5096,0.879674,0,10.2,72.3729,0,0.068,57,55,26.2835,6.93459,30.1667,0,21,70.6,16.7439,0.0912306,50.5,41,4.122,0,7.14,3,0,1.4,33,39.0463,38.9181,29210.5,81.4212,3.761,87.545,0,42.6649,0,65.0698,7,3,0,0,45,2.90562,7047.64,0,0.130103,60.1919,1.0219,4.821,17.3,0.00213397,3.88612,1,15.7,80.7638,29.5,0,117.292,0,41767.1,49.7,2,2.167,19,155.385,44,0,38.5208,0.00778961,10500.8,2.46056,0.0334,15,88.3151,1.2,0,58.2837,33.3,47.5,7.40693,51,0.167,71,14468.9,0.435677,1.5
6929,22.4096,5.481,1.5,1.25,769.548,1,1,1,1,3.833,24,1,1.5,9.2,6.75,1,0,6.5,1,0,4.067,1.62973,0.6256,0.6212,0,11,46.4018,1,1.02,56,71,32.8167,7.16682,27.6,0,13.6,42.6,20.967,0.0449287,8,19,4.136,0,4.79,2,0,1.3,19.1,38.9847,57.4922,24057.8,92.7655,4.194,87.0221,0,54.2687,1,70.978,7,3,1,0,46.1,3.20546,8292.43,1,0.175484,26.3979,0.825,4.34,34.3,0.00100927,0.343309,1,14.2,56.5525,40.8,0,86.5069,1,31521.3,33,1.333,1.4,20,181.536,38,0,45.0417,0.00553213,9349.19,3.3356,0.044,60,127.691,1.1,0,54.2759,29.3,23.3,7.2846,44,0.5,42.8333,12689.5,1.3185,2.333
6930,23.3539,4.817,1,-7.93409,325.206,1.5,0,1,1,8.167,19.4,1,1.5,8.5,0,1,1,3.9,1,0,2.96,1.14853,0.5252,0.970273,0,9.5,0,1,0.463,54,49,25.408,6.13137,19.8333,0,11.6,23.6,16.9525,0.172235,69.8,23,2.755,1,4.91,2,1,1.6,13.3,34.1935,237.774,27965.7,76.4327,5.625,78.9994,0,42.5307,0,60.185,5,3,0,1,25.9,2.78069,10330.8,0,0.198215,NA,0.669,3.854,64.5,0.00490837,3.19875,0,12.7,70.7565,90,0,85.4167,0,36485.2,11.3,8.333,6.667,13,160.12,43,NA,35.6806,0.00874224,9213.44,3.04402,0.0352,106,105.148,1.2,0,60.2288,23.2,17,6.27819,40,8.5,33,13055.5,NA,5
6931,19.7697,3.838,1.5,-5.45815,505.445,1.5,1,0,0,8.333,20.6,1,1.5,8.9,0.25,1,1,4,1,0,4.651,1.96698,1.1964,0.906874,0,9.5,0,1,0.106,37,46,22.8269,6.54161,22,0,12.3,25.6,16.6227,0.0372286,6.7,15,4.414,1,4.96,2,1,1.4,14.4,34.5953,201.682,25300,74.2731,5.556,87.7403,0,39.6502,0,57.3211,5,3,0,0,25.6,3.95811,8046.88,1,0.210344,NA,0.512,4.854,72,0.0003968,0.430425,NA,15.4,83.1431,108.3,0,83.1806,0,28430.4,10.7,0.833,0.667,12,179.882,10,1,31,0.00891338,8800.86,5.03189,0.073,132,118.371,1,1,64.0566,24.6,16.8,6.77738,30,0.333,42.1667,12118.4,NA,0.833
6932,22.9508,5.237,0,0,596.563,0,1,1,0,9.5,22.2,0,0,8.5,100,0,1,4.6,1,65.93,5.838,1.3108,0.5183,0.91007,0,6.5,100,0,0.111,36,51,20.0586,7.54472,24.3333,1,14.2,27.8,17.4254,0.0884977,30.3,11,2.397,1,2.45,2,0,1.1,18.7,25.5313,9.15082,27958.6,62.7358,3.905,74.8292,0,37.3787,0,45.2915,5,3,0,1,27.7,3.03548,8710.26,1,0.163619,10.5152,0.3406,3.091,14.3,0.00296332,0.473442,1,14.7,87.7571,14.3,0,75.5069,1,28691.9,9,4.333,5.667,17,157.905,9,1,26.8333,0.0074048,11675.8,3.46722,0.0357,10,115.764,0.7,0,66.8647,29,21.2,6.07224,27,6.333,61.2,12687.5,0.224372,7.5
6933,27.6269,5.244,0,-14.5365,1168.21,0,1,0,1,2.167,27.4,1,0,9.2,7.52e-15,0,NA,5,0,-2.76e-15,4.487,1.88752,1.0496,0.692453,0,12,7.56835,0,2.597,52,56,21.0244,5.35802,22,0,8.8,68.8,13.7587,0.04144,27.5,65,4.409,NA,7.57,2,1,1.7,15.6,43.3479,99.6033,26287.3,78.8485,6.497,90.5571,0,35.1251,0,64.3985,7,3,0,1,49.8,2.73913,8637.58,0,0.183406,61.6826,1.3012,3.097,44.3,0.00260453,0.772302,1,16,63.4587,56.3,0,76,1,28851.9,37.8,1.333,1.167,19,145.696,42,NA,46.0347,0.00318022,8418.91,3.57353,0.0576,129,106.183,1.1,NA,63.9762,25,20.7,7.47188,55,0.167,37.6667,12748.8,-0.178571,1.333
6936,40.3564,3.775,0.5,7.45e-20,386.409,1,1,1,1,5.833,28.6,1,1,12,8.24e-17,0,NA,6,1,1.69e-17,4.785,1.35987,0.6955,0.986391,0,11.5,21.5474,0,1.378,54,67,21.4268,7.68037,24.5,1,17.2,48.2,13.613,0.0863639,18,39,3.985,1,NA,2,0,1.5,20,35.5469,66.5533,25314.4,69.4474,3.883,79.0679,0,35.2272,0,55.7537,5,3,1,1,42.4,2.61282,9329.64,1,0.203915,-6.89e-16,0.3965,3.05,13,0.00229307,3.19217,1,14.5,72.3438,18.8,0,91.5208,0,39663.8,34.4,1.667,2.167,28,159.259,42,0,48.0417,0.00736257,12724.3,2.19694,0.0531,56,84.8109,1,1,63.5729,25.5,24.6,8.98808,42,0.5,40.5,12782.9,0.804679,1.833
6937,46.5342,4.344,0.5,0,440.524,0.5,1,1,1,7.5,29.4,1,0.5,7.6,31.5,0,0,4.1,1,0.25,4.48,1.0442,0.9298,0.87429,0,12.2,95,0,0.081,50,65,27.7835,7.52783,30.6667,0,17.4,NA,11.5362,0.119093,54.5,20,4.211,1,5.81,2,0,2,22.8,39.7894,34.5888,27587.5,78.7114,5.736,84.4231,0,39.174,1,67.3863,7,3,1,0,36.9,2.58732,7705.2,NA,0.15294,46.741,0.3277,4.588,29,0.00376411,2.2981,0,17.1,53.348,19.3,0,83.5208,0,27901.3,25.6,0,2,20,174.804,42,0,37.3472,0.0108666,12848.6,2.92166,0.0597,17,85.1198,1.5,1,52.3538,29.8,27.6,8.10618,40,0,51.6667,14225.8,0.74033,3.167
6939,29.9232,3.473,0.5,0,348.793,NA,1,0,1,8.5,19.6,1,0,9,49.5,0,0,4,1,24.075,4.096,1.26202,1.2226,1.3176,0,8,73.949,0,0.185,32,49,18.4535,5.66647,22.5,1,13.7,26.5,18.0362,0.0548255,54,10,4.678,1,4.05,2,0,1.5,19,23.4698,34.9569,28371.5,59.1834,3.31,84.0903,0,36.0272,0,41.2441,7,3,0,0,23.8,2.60848,7990.24,1,0.12893,5.8e-15,1.1142,4.552,17.8,0.00202762,2.49408,0,16.5,76.4242,24.8,0,86.2167,1,35981.2,10.7,0,0.5,14,164.066,10,0,26.6667,0.00583208,9405.58,3.03187,0.0769,7,103.164,0.8,0,55.5852,25.6,20.3,7.0704,25,0,68,13146.4,0.927217,0.333
6940,42.3391,6.065,0.5,0,584.977,0.5,1,1,1,6.8,18.8,0,1,7.2,17.75,1,0,3.5,1,0,5.97,1.50139,0.2083,0.813964,0,5.2,64.7064,0,0.096,32,49,16.0894,7.09402,24.6667,1,12.5,29.4,22.0091,0.110865,27.8,9,4.514,1,5.61,2,0,1.5,18.2,24.4549,49.0854,26563.1,62.3651,4.988,86.2318,0,38.0073,1,40.03,7,4,1,1,28.7,3.38568,8229.41,1,0.185237,54.6162,1.2245,5.913,77.8,0.00837184,1.99603,1,12.7,77.3017,126.3,1,94.1944,1,26369.8,10.4,2.833,3.333,11,170.529,11,0,26.8333,0.00744506,11995.9,4.08082,0.0176,30,83.2488,1,0,57.0506,25.1,21.7,6.64438,28,1.833,70,12730.1,0.233298,5
6942,35.6868,4.203,0.5,-4.84817,413.179,1,1,0,1,8.5,20.4,0,0.5,9.6,44.9286,0,0,4.2,1,23.0175,4.755,1.16718,0.4429,1.28805,1,10.2,53.2292,0,0.144,29,46,21.586,5.59003,20.8333,0,14.8,33.1,17.9245,0.0526419,42.8,13,2.348,1,3.37,2,0,1.2,17.4,25.1234,89.5046,29194.1,64.0821,4.318,90.8149,0,39.3026,1,46.7273,5,3,0,0,24.2,2.26681,8306.62,1,0.204663,NA,1.0632,4.23,47,0.00276316,2.80967,1,13.7,71.3016,85,0,65,0,23882.5,10.9,0.333,0.167,15,165.273,10,0,25,0.00610056,9144.14,3.69369,0.0345,NA,128.499,0.9,1,55.6233,24.9,19.6,7.82603,29,0.167,60.1667,13671.3,NA,0.167
6943,30.8001,3.911,0.5,-16.2713,1177.18,0.5,1,0,1,6.333,19.8,1,0.75,9.6,8.5,1,1,3.6,1,10.7025,4.923,1.10439,0.4282,1.50463,1,9.6,26.0385,0,0.162,37,49,18.7025,6.62526,23.5,0,10.6,28.4,17.0501,0.112877,28,15,3.443,1,7.08,3,0,1.5,15.5,24.3945,72.0971,30856.9,60.3371,4.223,89.931,0,35.8733,0,43.0789,7,3,1,1,26,3.0288,7903.89,0,0.16987,66.0792,0.8388,4.452,34,0.00506638,10.3086,0,15.7,69.9686,67.5,1,NA,1,20773.1,12,0.167,0.5,15,153.086,13,1,31.6667,0.00648904,11160.3,2.39046,0.0301,5,116.607,1.1,1,60.1815,25.1,23.1,7.78761,32,1.5,51.3333,14717.5,-0.0992064,2.333
6944,39.6698,4.547,0.75,-0.379758,1227.55,1,0,0,1,6.333,17.4,1,0.75,8.5,2,1,0,3.6,0,1.95,4.374,1.22438,0.7187,0.88872,1,10.5,8.98741,0,0.203,37,49,25.277,6.81558,21.3333,1,11.1,24.7,17.0717,0.1469,25.3,12,4.507,1,5.8,3,0,1.4,14.3,24.4424,132.644,27738.5,64.7063,5.94,87.3489,0,38.997,1,50.1927,5,3,1,1,22.8,3.08774,7408.84,0,0.304926,40.8707,1.1036,3.492,22.5,0.00440226,1.52005,0,11.5,66.03,50.3,1,79.6083,0,32658.8,10,1,0.333,16,153.702,11,0,28,0.00910935,10267.9,3.0653,0.0493,38,72.6329,1,1,56.2749,24.3,17.4,9.44487,32,1.833,46.3333,14380.9,0.282494,1.833
6945,32.4302,2.899,0.5,-24.8829,803.264,1,1,0,1,2.833,NA,1,1,7,0.75,1,1,4,0,0,4.522,1.24515,0.4897,1.12772,0,10,51.8419,1,0.858,53,55,38.4033,6.48258,33,0,17.3,NA,11.4254,0.0672424,24.8,80,4.682,1,4.67,2,0,1.4,NA,40.4885,59.7406,25707.4,89.4564,1.86,89.3109,0,49.5743,0,78.6845,7,3,1,0,38.9,2.41416,8071.47,NA,0.178188,28.6276,1.258,4.935,13,0.00333583,2.83966,0,17.1,69.9305,28.3,0,104.292,0,32395.3,25.5,0,0.5,18,185.457,60,1,40.2014,0.00787941,9818.77,4.39092,0.0314,36,99.7562,1,1,60.4105,32.1,NA,6.40518,59,0.333,64.3333,12592.7,1.37259,0.333
6946,30.3183,5.347,0.75,-20.599,755.564,1,1,0,1,8.833,22,0,1.5,8,38.75,0,1,3.2,0,17.75,4.844,0.995625,0.9482,1.15746,1,10.1,38.0847,0,0.038,45,62,21.5941,8.26025,29.8333,1,17.8,NA,16.0501,0.141663,35.5,16,3.803,1,5.3,2,0,1.6,21.9,31.2434,80.6682,27199,69.1273,5.54,77.7418,0,37.8208,0,52.9199,7,3,0,0,27.7,2.69946,8228.81,0,0.207465,13.8889,0.816,4.847,19.5,0.00917359,3.35086,0,15.8,65.08,33.7,0,102.442,0,33190.6,16.1,0.333,0.667,22,176.671,27,1,32.8403,0.0084198,14455.5,3.23984,0.0629,NA,86.2196,1.1,0,52.2625,26.9,23.9,7.0931,34,0.833,64.8333,13177,1.80087,7
6951,21.7027,2.966,1,0,578.632,1,NA,0,0,5,24.4,1,1,6.5,32.5,0,1,5.5,1,5.8175,3.314,1.2611,0.5742,1.03861,0,9.2,97.5,0,0.661,50,68,20.8772,7.0328,25.6667,1,21.6,39.9,16.2029,0.111549,11.7,21,4.655,1,4.86,2,1,1.3,34.5,34.0625,34.9419,26931.5,71.4362,3.096,82.9171,0,37.3443,0,55.2288,7,4,1,0,35.5,3.58668,8440.93,1,0.20375,41.196,2.4586,3.445,10.8,0.00387895,1.70932,1,11.3,79.0024,14,0,87.5139,1,28530,28.5,3.333,3.667,26,154.813,31,1,44.0417,0.00723033,11101.2,4.35148,0.0387,28,100.746,1.4,0,63.0922,27.2,20.4,5.97522,35,0.833,47.1667,11996.1,1.28066,1.833
6956,28.3175,5.184,1,0,478.055,1.5,1,0,0,7,NA,1,1,6,5.5,0,1,3.1,1,0,4.353,1.09888,0.7196,1.14907,0,9.8,87.5,0,1.3,67,69,28.0164,6.52038,27.1667,NA,18.8,NA,12.0083,0.0569047,31,25,5.158,1,5.23,2,0,1.5,19.2,45.6066,44.6354,27790.3,85.6798,4.244,77.2234,1,40.0544,1,73.5789,7,4,0,0,42.5,3.17709,8426.8,NA,0.206845,98.2558,2.2153,4.977,37,0.00106702,2.56156,NA,14.2,61.7145,44.5,0,90.3542,NA,36331.4,38.7,4.5,4.667,26,160.55,39,1,51.2083,0.0100049,10323.5,2.7969,0.0576,33,104.307,1.3,0,62.1856,28.1,NA,7.41179,41,4.167,50,13800.5,0.18999,3.833
6957,24.3434,5.907,NA,NA,NA,1,NA,NA,0,8,47.2,0,0.75,NA,NA,NA,NA,1.5,0,NA,3.893,NA,NA,NA,0,9.8,NA,NA,2.175,NA,84,21.9776,NA,28.8333,NA,19.6,78.8,14.592,NA,NA,46,4.78,NA,NA,3,0,NA,24.1,54.4853,NA,NA,91.2753,2.068,NA,1,36.7066,NA,76.3725,7,NA,NA,0,45.1,NA,NA,NA,NA,NA,2.234,1.409,NA,NA,NA,NA,NA,NA,NA,NA,101.201,NA,NA,43.9,2,2.25,15,162.601,NA,NA,44.3681,NA,NA,NA,NA,NA,NA,NA,NA,NA,29.7,31.4,NA,55,1.5,47,NA,NA,0.333
6958,33.5628,2.397,0.5,-17.9362,350.8,0.75,0,1,1,2,19.4,0,1,10.8,8.19e-17,0,0,6.5,0,1.64e-17,4.92,0.895456,0.6112,0.718778,1,9.2,0.5,0,3.397,31,49,22.1637,6.01349,23.1667,NA,12.9,28.2,17.551,0.0627259,57.3,9,5.105,1,8.66,2,0,1.7,16.2,24.2279,105.459,27376.9,64.5282,3.56,88.1743,0,40.0871,1,46.3328,7,3,1,1,25.1,2.82238,8643.93,0,0.20429,8.31475,0.4204,3.441,17,0.00187969,3.96498,NA,17.2,62.8209,20,0,102.542,0,30890.2,10.1,0,0.667,16,163.167,14,0,27.1667,0.00812781,10825.2,3.23137,0.0498,64,93.7183,1.4,1,66.0522,25.5,19.7,6.20591,25,0.5,50,12985.6,1.05945,0
6959,32.813,4.384,0.5,1.17e-20,802.827,0,1,0,0,2,28.6,1,0.75,8.3,26.5,0,1,4.5,0,2.715,4.975,1.31166,0.6763,0.85146,0,10,77.9997,0,0.459,48,51,23.6135,6.50909,29.1667,1,16.5,38.5,13.7587,0.0428271,19,25,4.442,0,6.53,2,0,1.4,22.7,37.3504,39.5312,27933.5,74.998,5.316,93.9656,0,37.6396,0,61.1569,5,3,1,0,31.5,1.84432,8645.05,1,0.278088,52.261,0.6573,4.295,53,0.00149967,2.96959,1,16.6,65.4286,47.8,0,89.3542,1,27513.6,17.6,0.333,0,16,163.084,34,1,38.0208,0.00781034,11109.1,3.19226,0.0465,51,91.9871,1.2,0,54.3068,26.4,23.9,7.89534,42,0,52.3333,13895.9,0.182897,2.333
6960,30.7506,3.996,0.5,0,1002.33,0,1,0,1,5,16.4,0,0,9,4.75,0,1,4.5,1,1.62e-17,4.816,1.43443,0.8702,0.577113,0,7,55.9069,0,0.241,31,47,17.9194,7.49657,20.3333,1,13.1,23.1,17.8695,0.0809157,18,11,5.204,1,6.66,2,0,1.7,14.6,23.2136,54.9724,26476.9,58.8501,5.563,80.0964,0,35.7736,1,41.0774,5,3,0,1,NA,3.01029,9203.9,1,0.189935,75,0.7975,4.554,30.3,0.00452957,1.70817,1,16.9,59.0205,36.5,0,81.8403,1,36781.2,NA,0.2,1.833,13,150.914,12,1,24.6667,0.00747698,10968.8,4.10824,0.0598,41,66.385,1,1,57.8786,23,15,8.0747,25,0,38.8333,13935.5,1.43e-16,0.8
6961,35.8316,3.259,0.75,0,534.653,1,1,0,1,6.333,23.8,1,0.75,9.2,0.5,0,1,5.7,1,0,4.735,1.35202,0.7015,1.30293,1,10.5,41.6514,0,3.63,47,46,26.9776,5.6417,20.1667,0,10.4,73.6,7.07637,0.0584186,17,47,5.137,1,7.88,3,0,1.6,NA,55.5767,59.2843,27232.3,88.8256,5.271,72.9876,0,33.5888,0,82.5147,7,3,0,1,NA,3.17926,7063.76,0,0.243594,67.3207,1.009,5.288,30.5,0.00270936,3.78513,NA,15.6,68.9331,36.3,0,73.3333,1,27109.2,NA,0,3.333,17,139.717,39,1,46.5417,0.00784365,9244.37,3.96686,0.0438,123,117.526,1.1,1,59.0094,24,18.4,7.15265,56,0,31.6667,12516,0.177604,3.667
6962,27.0246,5.961,1,0,432.674,0.75,1,1,1,9.167,21.8,1,1.5,8.7,19.75,1,1,4.2,1,0.25,5.908,1.07026,1.194,0.748156,0,10,77.9613,1,0.063,42,52,29.1523,7.31158,24.5,1,11.2,30.2,13.7726,0.0660653,12.3,14,5.963,1,4.39,2,0,1.4,16.8,33.2733,42.8747,27567.9,76.7473,4.938,81.3822,0,43.2537,1,62.5239,5,3,0,0,28.6,3.02374,9230.09,1,0.169021,99.3902,1.0127,4.74,55.5,0.00277801,0.586854,0,11.5,54.3741,66.7,0,77,NA,31077.6,9.9,2,1.5,14,160.14,24,1,33.3403,0.00630921,12867.1,2.94181,0.0668,28,76.6223,1.1,0,56.1339,27.9,21.5,6.32962,33,3.333,38.8333,13823.2,0,3.667
6963,29.0857,5.282,1.5,-1.14569,412.438,1.5,1,0,1,3.5,29,1,1.5,11.4,0,1,1,11.6,1,0,5.207,1.91401,1.1988,0.639227,0,11,0,1,1.371,66,60,31.1332,7.58875,27,1,14.5,44.7,16.0415,0.122466,40,40,4.631,1,5.34,2,1,1.8,17.3,55.9095,146.961,27050.8,105.346,5.275,87.5103,0,47.2684,1,89.2917,5,3,0,0,41,2.3748,9446.04,1,0.275549,NA,0.6743,5.061,50.7,0.00502153,0.475395,1,15.8,76.0205,58.5,0,99.7917,0,24893.2,30.4,1.667,0.833,25,178.78,56,1,50.0417,0.00957579,10456.1,3.2904,0.0795,73,125.126,1.1,0,57.1146,28.7,21.9,7.34762,50,1,37.5,13030.2,NA,2.167
6964,28.9236,4.703,0.75,0,529.044,1,1,0,0,5.167,79,0,1,6.5,97.5,1,NA,4.2,1,26.4105,3.144,1.6636,0.3471,1.25946,0,7,100,0,0.771,97,93,NA,6.70706,32.6667,1,24.4,125,NA,0.0746892,16.5,172,5.97,NA,4.48,3,0,1.4,34.7,NA,13.663,26908.3,NA,4.333,83.7117,1,NA,1,NA,7,4,0,0,82,3.83342,7294.04,1,0.183214,17.7656,1.0586,4.837,45,0.00388476,2.49041,0,10.1,77.648,31.7,1,200,NA,27653.1,104.1,5.5,3.833,40,184.659,49,0,60.8417,0.00779191,9898.86,5.32958,0.0271,NA,118.78,0.9,0,60.7481,33.2,NA,6.12275,207,3,200,12143.3,1.80567,3.667
6965,25.7385,3.617,1,0.88459,724.816,0.5,1,0,1,2.8,111.4,0,1,6.8,9.48457,0,1,3.8,1,0,4.584,1.62849,0.3862,1.411,1,9.2,97.9452,0,1.793,129,102,NA,8.13804,40,NA,24.2,125,NA,0.100571,19,157,3.93,1,5.91,2,0,1.4,33.3,NA,40.6665,28834.4,NA,5.215,83.615,0,NA,1,NA,5,3,1,0,90.5,3.22326,8927.71,1,0.354187,2.77778,1.7159,4.316,41,0.00656676,3.31825,1,15.5,95.9298,38.5,0,200,1,26674.5,70.8,0.667,2.667,31,189.574,42,1,200,NA,11674.6,5.21119,0.0345,NA,162.192,1.2,0,70.9449,28.1,67.3,7.30584,81,2.167,80.6667,13530.4,2.24026,1
6966,34.3289,5.447,0.5,-0.142506,418.852,1,NA,0,1,3.5,27.8,1,0.75,9.5,0.25,0,1,4.5,1,0.1625,4.893,1.45765,0.8439,1.04914,1,11,3.25,0,0.995,58,53,22.9341,6.13705,23.8333,1,14.4,50.7,13.496,0.0637767,42.8,39,3.324,1,6.16,2,1,1.3,18.6,38.2272,79.6785,28080.4,74.6704,5.368,85.1255,0,36.4548,0,60.4505,5,3,1,0,36,3.48621,8285.46,1,0.132789,66.2946,0.8259,3.975,26.5,0.00171113,2.30568,0,15.4,80.6655,38.8,0,96.8611,1,27508.3,21.9,0.667,1.333,20,162.518,42,1,42.6944,0.00595601,9531.99,2.28019,0.0574,NA,133.705,1,1,59.9168,26.7,22.9,7.13936,50,0.333,46.8333,13884.5,-0.0595238,0
6967,34.9541,4.845,0,1.43e-19,591.743,0,NA,0,0,7.167,19,0,0,6,5.43182,1,0,3.4,0,0,4.475,1.3108,0.8527,0.922032,1,11,94,0,0.021,32,44,20.0746,6.19546,21.6667,0,12.3,24.6,20.6749,0.0845147,25.8,12,4.61,1,4.86,2,0,1.5,17.5,29.6221,42.1176,28650.9,70.47,4.789,88.2455,0,40.8352,0,49.7532,5,3,1,1,32,2.7842,6973.96,0,0.19309,100,0.798,5.451,30.7,0.0024827,1.44318,1,17.4,46.7386,46,1,76.6736,0,28068.5,11.4,0.5,2.167,13,154.254,9,0,26.8333,0.00645625,11618.9,4.1311,0.0577,28,80.6365,1.1,0,56.0769,26.5,19.7,8.91173,28,2.667,42,13892.7,0.0148809,2.167
6968,24.1876,3.514,1,-6.95e-20,1109.15,1,NA,0,0,4.833,98.2,1,1.5,9,100,0,1,4.3,0,31,3.773,0.968178,0.4225,1.30399,1,10.5,100,0,2.197,126,71,NA,7.58563,34.5,1,NA,125,NA,0.0852431,10,154,4.736,1,6.6,2,0,1.3,25,167.846,11.9694,24709.8,NA,2.906,81.2362,0,NA,0,NA,5,3,0,0,200,2.83815,8478.2,NA,0.238912,88.7821,1.0727,4.025,48,0.00399271,5.81113,1,10.6,69.4814,100,0,200,NA,35917.4,NA,0,0.333,25,163.08,61,1,200,0.0109474,10920.7,2.98374,0.0384,11,88.8028,0.9,0,58.4157,NA,43.4,8.71676,207,0,70.8333,12617.4,0.205765,0
6969,17.6955,3.617,1.5,0,395.23,1,NA,0,0,4.667,96.8,1,1.5,10.6,79.304,0,1,4.4,0,29.25,2.389,1.39585,0.3802,0.921147,1,11.2,100,0,2.777,122,70,NA,8.0068,33.1667,0,NA,125,NA,0.0720201,28.7,166,5.826,1,6.96,2,0,1.4,24.3,NA,18.1081,23592.8,NA,1.877,72.6329,0,NA,0,NA,5,3,1,0,NA,4.37405,9811.58,0,0.227909,82.0588,1.3021,3.193,74.7,0.000998095,4.1785,1,11.8,69.5433,74.8,0,200,NA,33142.8,83.1,0,0,23,168.641,60,1,200,0.00839784,11478.3,3.21377,0.0342,6,120.662,0.9,0,61.6512,NA,40.3,6.22714,250,0.667,77.5,11269.8,0.334821,0.167
6970,40.484,4.507,0.5,-15.2478,2352.5,0.75,1,1,1,5.167,26.4,1,0.5,11.5,0.5,0,1,6,0,1.71e-17,2.905,1.96705,0.8229,0.775569,1,12,13.2778,0,3.633,45,48,21.0358,7.01678,19.8333,0,10.6,77,14.5083,0.141393,34.8,55,4.744,0,5.31,2,0,1.7,18.8,37.7428,72.068,26907.3,73.3895,4.817,89.6705,0,35.5925,0,58.7379,5,3,1,1,44.3,4.01483,7202.17,0,0.207582,39.1317,1.2371,3.413,28.8,0.00776955,2.09299,1,11.5,75.4031,48.7,0,69.1667,NA,31155.4,33.6,1.333,2.333,16,136.865,40,1,43.2083,0.00800336,11235,4.08917,0.0534,129,101.255,1.3,1,57.7494,25.9,21.3,6.54306,44,0,32.3333,13111.2,-0.00595238,3
6971,35.6479,4.373,1,-41.4263,607.228,0.75,1,0,1,7,44.6,1,1,9,0,0,0,6.4,0,0,3.267,1.04466,0.5201,1.09694,0,11.7,8.75,0,2.26,57,51,30.1802,5.33383,19.5,0,10.4,80.5,9.98768,0.12325,54.3,63,4.402,1,6.63,2,0,1.5,17.4,64.2666,79.7412,28231.7,101.968,4.142,81.1996,0,40.1294,1,91.9012,5,3,0,0,67.8,2.94194,6753.18,1,0.173365,68.7626,1.5324,4.511,28.8,0.00458015,1.05054,0,14.5,78.0883,44.5,0,92.0278,1,34531,60.4,0,0.167,20,138.002,57,0,71.375,0.00614921,10167.2,3.64257,0.0417,127,111.873,1.1,1,61.2958,26.3,31.8,5.74506,93,0,39.8,13027.7,-0.04329,0.167
6972,37.6937,3.911,0.5,NA,1852.18,NA,0,0,1,7.667,26.4,0,0.5,8.5,NA,0,1,4.7,1,NA,3.583,1.00371,0.7344,1.08218,1,8.8,NA,0,0.06,49,63,21.6523,5.23964,31.3333,0,18,32.8,17.4952,NA,15,21,3.783,1,4.56,2,0,1.5,24,30.8641,NA,31446.9,70.7286,3.908,83.7956,0,39.5726,0,52.6034,5,3,1,0,33.3,1.7474,6974.11,0,0.179672,NA,0.2614,4.592,11.3,NA,4.66281,1,15.7,73.5402,25,0,73.3333,0,27982,17.9,0.167,0.833,23,160.559,34,1,35.1736,NA,8862.2,3.63817,0.046,7,92.7972,1.1,1,56.8189,28.9,25.4,8.05272,33,0.5,50.5,15462.9,NA,0
6973,29.7397,4.844,0,-20.0264,669.594,0.5,1,0,0,4.667,23.6,0,0,7.5,1.48967,0,0,3.2,1,1.72e-17,5.322,1.20461,0.8804,0.745657,0,10.2,4.63917,0,0.045,35,53,22.5358,5.78886,27,1,14.1,33.8,21.161,0.140898,16.5,28,3.87,1,4.45,2,0,1.5,21.4,28.6377,75.5528,28886.9,72.2789,4.056,88.9356,0,43.7211,1,51.2288,5,3,0,0,27.8,3.07762,8581.78,0,0.203723,NA,1.6034,4.848,26,0.00584478,1.27666,0,15.2,54.2823,40,0,65.8403,0,30609.3,14.6,0.333,2.333,14,170.599,15,0,29.6,0.00808728,9014.18,2.88922,0.0852,15,82.7146,1,1,60.5988,28.2,22.2,8.4187,35,0.667,59.5,14305.6,NA,0.667
6974,24.3518,5.593,1,41.7335,620.871,1,1,0,0,9.833,125,1,1,8,8.23e-17,0,1,4.3,1,1.69e-17,4.814,1.17056,0.606,0.844396,1,11.2,31.1765,0,1.346,151,103,NA,7.10884,55.6667,1,64,125,NA,0.117901,28.3,184,4.311,1,NA,2,1,1.4,58.5,162.694,82.8514,29933.4,NA,4.926,85.5871,0,NA,1,NA,5,3,1,0,200,1.68849,7249.14,0,0.247649,100,0.8484,3.8,17.3,0.0112321,7.08744,0,17.7,55.8415,19.8,0,200,NA,33573.4,NA,0.667,2.167,33,176.915,68,1,200,NA,10866.4,2.25452,0.0434,71,89.9086,0.9,1,61.3436,60.3,104,7.70959,250,0.333,161.333,15205.8,-0.0565476,4.667
6975,40.4546,5.589,0.5,0,586.547,0.75,1,0,1,2.833,22.4,0,1,7.5,0,0,1,4.6,0,0.86,5.629,1.58657,0.5893,0.961705,0,9.9,35,0,0.116,44,51,20.6717,6.62669,25,0,15.6,29,15.2726,0.152667,13.3,16,3.691,1,4.77,2,0,1.5,21.1,29.879,61.1927,25091.2,66.4477,6.24,73.3123,0,36.2918,1,50.6355,5,3,0,0,28.4,3.42578,8774.78,1,0.318137,0,0.7402,4.037,15.5,0.00746541,2.38345,0,14.1,60.7562,18.3,0,75.6667,0,26525.8,13.6,0.333,1.833,22,153.514,24,1,31,0.00546529,11282.4,4.6522,0.0415,32,96.3807,1.1,0,62.481,24.7,22.2,6.26983,37,0.667,50.3333,12320.7,0.733637,3.667
6976,31.1251,4.607,0.5,-8.65e-21,607.807,0,1,0,1,6.167,32.2,1,1,8,0.25,0,1,5.3,1,0,2.642,1.07914,0.5903,0.894926,1,9.5,14.1362,0,1.849,67,56,30.505,6.81892,25.1667,1,20,55.9,10.9393,0.15326,58.3,53,3.664,1,5.89,2,0,1.4,22.1,57.5152,70.1152,28337.7,99.605,4.383,92.981,0,41.7918,1,88.0881,5,3,1,0,NA,1.55754,7210.39,1,0.228886,54.2102,1.7096,3.73,31,0.00707893,3.4972,1,15.6,92.4971,21,0,110.042,1,29075.3,NA,0,0.167,25,154.921,55,1,54.4417,0.00678127,10510.1,3.13089,0.0421,46,97.9793,1.1,0,64.0691,29.2,25.6,8.2335,64,0,55.3333,13594.5,0.517361,1
6977,27.6969,NA,0,-50.8199,410.784,0,0,0,1,NA,NA,0,0,7,0.25,0,NA,5,0,1.73e-17,NA,1.07634,0.5519,1.03405,0,10.1,15.5562,0,1.182,32,49,17.3497,6.33097,23.5,1,13.9,NA,17.8268,0.193303,34.8,11,NA,NA,5.05,2,1,1.1,NA,23.7279,74.364,27426.8,58.4456,NA,90.8763,0,34.8932,0,41.0392,5,3,0,0,27.6,2.82263,7176.72,1,0.197792,NA,1.6562,NA,20.8,0.0103301,0.453475,1,14.1,53.2992,16,0,93.1944,1,31264.3,10.5,NA,NA,14,156.048,11,NA,28.3333,0.00489067,8922.6,3.2852,0.0421,46,105.976,0.8,NA,56.5321,29.3,NA,8.23319,27,NA,64.3333,13499.5,NA,NA
6978,15.9844,5.047,0.5,-22.8998,574.602,0.75,1,1,1,7.167,17.8,0,0.5,6.8,11.5,0,1,5.8,0,0.3075,5.141,1.50518,1.0433,1.27944,0,8,58.7685,0,0.11,32,49,25.3223,8.0959,21.8333,1,10.7,23.7,18.661,0.107253,57.7,9,5.215,1,5.9,2,0,1.4,15.3,23.244,52.301,21322.4,66.7732,4.526,78.2834,0,43.8026,0,48.426,7,3,0,1,NA,1.93173,8406.99,1,0.227396,0,1.1646,5.26,17.5,0.00118837,2.40895,1,10.6,86.2461,22,0,81.2,1,48152.9,6.8,1.333,1,14,166.427,10,1,23.6667,0.00698768,13195.5,4.69703,0.0678,19,102.084,1.2,1,68.0593,24.5,17.1,5.42278,26,2.333,52,10752.1,1.77924,2.833
6979,25.218,3.522,0.5,-2.19118,708.453,0,0,1,1,3.833,14.2,0,0,7.8,0.5,0,0,3.9,1,1.73e-17,3.401,1.15664,0.9346,1.25813,0,6.5,19.9638,0,0.055,28,44,21.3999,7.17959,20.8333,0,13.7,30.9,23.3408,0.159259,21.3,9,4.583,1,5.45,3,0,1.8,17.8,22.2447,69.2863,28396,66.1626,3.223,87.0065,0,44.3696,1,43.6478,5,3,1,0,21.9,3.15227,8365.65,0,0.176808,93.6508,0.3291,4.91,45.3,0.00403543,1.90759,0,13,64.8091,64,0,64.5,0,38359.3,8.9,0,1.333,11,159.232,9,0,23.3333,0.00971423,11234.4,2.81898,0.0628,75,78.3369,1.2,1,58.1081,21.2,17,6.92559,26,0.167,47.8333,13871.1,0.310245,1.167
6980,32.9445,3.205,1,18.659,1308.63,1,0,0,1,5.333,32.2,1,1,8.7,0,0,1,5.4,1,0,4.508,1.34012,0.3987,0.559085,0,13,35.3907,0,1.499,77,51,32.2413,6.78443,26.1667,1,20.7,69,20.7151,0.0848587,28.5,59,3.455,1,NA,3,1,1.4,18.2,55.1675,62.7901,28138.5,107.421,4.945,91.5512,0,52.5363,0,87.4597,5,3,1,0,61.7,3.3059,7493.85,0,0.24851,85.7906,0.7839,5.185,36,0.0042332,0.256469,1,13.7,60.9216,48.3,0,119.042,1,25717.6,79.5,1.333,1.667,23,162.115,56,1,99.0333,0.00810295,8939.66,3.91999,0.0347,42,105.731,1,0,61.5412,25.6,28,8.53716,62,0,57,14825.1,1.43e-16,2.167
6981,45.0437,4.153,0,-12.1569,817.912,0,1,1,1,3.333,14,0,0,6.2,75.5,0,1,4.7,1,45.595,2.981,1.12792,1.5106,1.09114,0,4.6,82,0,0.025,27,44,16.4388,6.69039,19.1667,1,12.1,NA,18.4393,0.0838324,26,7,3.413,1,4.16,2,0,1.7,15.5,22.4698,19.8747,30380.3,57.59,3.252,85.1185,0,35.0019,0,38.7379,7,3,0,0,22.9,3.2878,7421.11,0,0.139636,32.0261,0.4196,2.709,33.3,0.00326391,3.25223,0,14.8,63.4801,56,0,64.6667,0,32858,7.4,0.167,0.167,16,156.997,9,1,23.1667,0.00894701,12885,2.75479,0.0954,0,88.7662,1.1,1,57.5952,22.6,15.9,6.35086,26,0,33.1667,14323.5,1.46679,0
6982,28.1269,4.981,0.5,-15.2954,383.315,0.75,1,0,1,6.2,25.4,1,0.5,8.7,0.25,0,NA,3.7,1,0,5.137,1.48046,0.5879,1.00235,0,12,0,0,0.047,34,49,21.5552,6.45644,27.8333,1,12.6,32.9,18.0501,0.0997348,11,16,4.664,1,5.77,3,1,1.5,25.2,25.818,125.694,27502.1,65.7379,5.248,86.2444,0,39.7447,1,47.3022,7,4,0,0,NA,4.12086,7901.58,1,0.167937,NA,0.211,5.078,17.3,0.00233671,2.61674,1,15.8,54.2452,26.5,0,80.1667,1,31174.1,NA,0.667,0.833,16,161.454,12,0,28.8333,0.0068478,11282.6,2.57778,0.0376,65,87.9086,1,1,65.31,28.7,27.5,7.68068,29,0.333,43.8333,14053.7,NA,1.833
6983,34.3784,4.83,1,0,516.62,1,1,0,0,7.667,NA,1,1,9.5,58.2794,0,0,4.4,1,0,4.579,1.14389,0.3735,1.0249,0,12,100,0,0.702,69,71,18.8533,6.74116,32.2,0,28.9,NA,1.68512,0.101877,57.5,38,4.103,0,NA,5,1,1.5,42.2,92.9183,26.4935,27402.7,133.784,4.961,89.6565,0,36.0298,0,111.972,5,3,0,0,54.5,4.08471,8012.48,0,0.154916,97.6562,1.0985,4.895,25,0.00346754,2.17268,0,12.2,77.4302,26,0,200,NA,37172,58,0.833,1.167,19,180.723,54,0,59.7917,0.00944042,10290.2,2.86735,0.0276,37,82.6609,1.1,1,61.4866,41.7,NA,8.10169,80,0.333,88.5,14047.7,0,0.5
6984,42.2855,5.084,1,0,500.328,1,1,0,1,6,19.2,1,1,10,13.8636,0,1,3.2,0,0,5.652,1.27254,0.6028,0.877041,0,10.2,91.9439,0,0.044,40,53,20.2139,7.89894,21.1667,1,14.5,30.8,16.161,0.204754,45,12,3.09,0,5.27,2,0,1.6,16.7,29.2733,40.5351,25655.3,65.4269,5.1,90.5997,0,36.2501,0,49.3006,5,4,0,0,28.3,2.41885,6275.44,1,0.291744,46.0453,0.4455,4.57,10,0.00845758,2.38981,1,13.9,71.4148,12,0,86.3472,1,24253.1,10,0.167,3.167,16,163.089,14,1,27.8333,0.00874844,13258.1,4.38605,0.0445,20,117.846,1.3,0,51.9024,23.1,17.1,8.02143,27,0.5,44.1667,12346.9,0.736349,1.667
6985,37.9452,2.869,1,0,890.307,1,1,0,0,5.667,25,0,1,8,73.25,0,0,3.2,1,16.34,5.008,1.29449,1.2444,0.828791,0,11.2,100,0,0.336,41,56,21.4388,7.0313,21.8333,1,15.4,40.6,15.6749,0.074019,17.3,21,6.225,NA,3.79,3,0,1.4,16.5,32.3187,21.6954,26121,69.3558,5.613,67.147,0,37.0689,0,53.6263,7,4,0,0,36,2.7033,8381.77,1,0.291317,43.9062,1.7672,3.138,13.3,0.00171944,0.362084,1,9.2,67.0787,13.5,0,77,1,34778.7,18.7,0.333,2,18,156.511,21,0,36.8472,0.0090483,10937.3,4.76828,0.0848,16,102.022,1,1,58.9264,25.2,20.5,7.31474,39,0.167,47.3333,13120.2,0.814197,1.667
6988,34.9437,4.748,1,0.333333,NA,0.5,NA,0,1,8.333,45.8,0,1,11.8,-1.46e-14,NA,NA,3.2,0,-3.05e-14,3.739,NA,NA,NA,1,13,-4.59e-15,NA,3.049,70,48,22.9631,NA,25.75,NA,12.4,89,19.4876,0.122722,NA,55,6.461,NA,NA,2,0,NA,18.3,48.1207,264,NA,89.0329,3.555,NA,0,42.1481,0,69.8301,7,3,1,1,NA,NA,NA,NA,NA,NA,1.143,4.429,NA,0.00694769,NA,NA,NA,NA,NA,NA,200,NA,NA,NA,1.333,2.5,19,143.812,46,NA,64.7083,0.00667777,NA,NA,NA,NA,NA,NA,NA,NA,29.3,NA,NA,71,0,42.4,NA,NA,1.833
7000,NA,NA,NA,7.79e-14,NA,NA,NA,NA,NA,NA,NA,NA,NA,NA,0.75,NA,NA,NA,NA,0.155,NA,NA,NA,NA,NA,NA,68.3333,NA,NA,66.75,65,NA,NA,NA,NA,NA,NA,NA,0.0901052,NA,NA,NA,NA,NA,NA,NA,NA,NA,NA,50.7215,NA,NA,NA,NA,NA,NA,NA,NA,NA,NA,NA,NA,NA,NA,NA,NA,NA,-5.54e-14,NA,NA,NA,0.00198465,NA,NA,NA,NA,NA,NA,NA,NA,NA,NA,NA,NA,NA,NA,NA,NA,NA,0.00752489,NA,NA,NA,NA,NA,NA,NA,NA,NA,NA,NA,54.3,NA,NA,NA,1.29976,NA
7014,NA,NA,NA,NA,NA,NA,NA,NA,NA,NA,NA,NA,NA,NA,NA,NA,NA,NA,NA,NA,NA,NA,NA,NA,NA,NA,NA,NA,NA,90,92,NA,NA,NA,NA,NA,NA,NA,NA,NA,NA,NA,NA,NA,NA,NA,NA,NA,NA,NA,NA,NA,NA,NA,NA,NA,NA,NA,NA,NA,NA,NA,NA,NA,NA,NA,NA,NA,NA,NA,NA,NA,NA,NA,NA,NA,NA,NA,NA,NA,NA,NA,NA,NA,NA,NA,NA,NA,NA,NA,NA,NA,NA,NA,NA,NA,NA,NA,NA,NA,NA,95.3,NA,NA,NA,NA,NA
7033,29.5677,5.861,0.5,NA,NA,0,NA,1,1,7.833,NA,1,0.5,7.5,NA,NA,NA,2.4,0,NA,6.342,NA,NA,NA,0,13,NA,NA,NA,91,76,NA,NA,NA,NA,12,NA,NA,NA,NA,126,5.516,NA,NA,2,1,NA,NA,NA,NA,NA,NA,6.307,NA,1,NA,0,NA,5,3,0,0,29.5,NA,NA,NA,NA,NA,NA,3.354,NA,NA,NA,NA,NA,NA,NA,NA,NA,NA,NA,11,1.167,4.167,38,185.742,47,NA,NA,NA,NA,NA,NA,NA,NA,NA,NA,NA,32.9,NA,NA,126,3.333,NA,NA,NA,3.333
7062,NA,NA,NA,NA,NA,NA,NA,NA,NA,NA,NA,NA,NA,NA,NA,NA,NA,NA,NA,NA,NA,NA,NA,NA,NA,NA,NA,NA,NA,38.6667,46,NA,NA,NA,NA,NA,NA,NA,NA,NA,NA,NA,NA,NA,NA,NA,NA,NA,NA,NA,NA,NA,NA,NA,NA,NA,NA,NA,NA,NA,NA,NA,NA,NA,NA,NA,NA,NA,NA,NA,NA,NA,NA,NA,NA,NA,NA,NA,NA,NA,NA,NA,NA,NA,NA,NA,NA,NA,NA,NA,NA,NA,NA,NA,NA,NA,NA,NA,NA,NA,NA,29.8,NA,NA,NA,NA,NA
7064,NA,NA,NA,NA,NA,NA,NA,NA,NA,NA,NA,NA,NA,NA,NA,NA,NA,NA,NA,NA,NA,NA,NA,NA,NA,NA,NA,NA,NA,47.5,79,NA,NA,NA,NA,NA,NA,NA,NA,NA,NA,NA,NA,NA,NA,NA,NA,NA,NA,NA,NA,NA,NA,NA,NA,NA,NA,NA,NA,NA,NA,NA,NA,NA,NA,NA,NA,NA,NA,NA,NA,NA,NA,NA,NA,NA,NA,NA,NA,NA,NA,NA,NA,NA,NA,NA,NA,NA,NA,NA,NA,NA,NA,NA,NA,NA,NA,NA,NA,NA,NA,46,NA,NA,NA,NA,NA
7081,28.4205,5.265,0.5,NA,NA,0,NA,0,1,4,24.4,1,1,6,NA,NA,NA,2.5,0,NA,3.904,NA,NA,NA,0,9.4,NA,NA,0.849,48,46,18.6135,NA,27.4,NA,11.7,43.1,17.0501,NA,NA,38,5.589,NA,NA,3,0,NA,19,30.4263,NA,NA,66.2358,4.645,NA,0,35.8588,0,49.2441,5,3,0,0,NA,NA,NA,NA,NA,NA,0.934,4.2,NA,NA,NA,NA,NA,NA,NA,NA,76.2,NA,NA,NA,1.5,2.333,11,136.856,24,NA,45.0312,NA,NA,NA,NA,NA,NA,NA,NA,NA,25.7,18.8,NA,50,3.167,35,NA,NA,2.5
7094,NA,NA,NA,NA,NA,NA,NA,NA,NA,NA,NA,NA,NA,NA,NA,NA,NA,NA,NA,NA,NA,NA,NA,NA,NA,NA,NA,NA,NA,37,58.5,NA,NA,NA,NA,NA,NA,NA,NA,NA,NA,NA,NA,NA,NA,NA,NA,NA,NA,NA,NA,NA,NA,NA,NA,NA,NA,NA,NA,NA,NA,NA,NA,NA,NA,NA,NA,NA,NA,NA,NA,NA,NA,NA,NA,NA,NA,NA,NA,NA,NA,NA,NA,NA,NA,NA,NA,NA,NA,NA,NA,NA,NA,NA,NA,NA,NA,NA,NA,NA,NA,29.8,NA,NA,NA,NA,NA
7123,NA,NA,NA,NA,NA,NA,NA,NA,NA,NA,NA,NA,NA,NA,NA,NA,NA,NA,NA,NA,NA,NA,NA,NA,NA,NA,NA,NA,NA,42.5,59.5,NA,NA,NA,NA,NA,NA,NA,NA,NA,NA,NA,NA,NA,NA,NA,NA,NA,NA,NA,NA,NA,NA,NA,NA,NA,NA,NA,NA,NA,NA,NA,NA,NA,NA,NA,NA,NA,NA,NA,NA,NA,NA,NA,NA,NA,NA,NA,NA,NA,NA,NA,NA,NA,NA,NA,NA,NA,NA,NA,NA,NA,NA,NA,NA,NA,NA,NA,NA,NA,NA,30,NA,NA,NA,NA,NA
7147,NA,NA,NA,NA,NA,NA,NA,NA,NA,NA,NA,NA,NA,NA,NA,NA,NA,NA,NA,NA,NA,NA,NA,NA,NA,NA,NA,NA,NA,50.25,71,NA,NA,NA,NA,NA,NA,NA,NA,NA,NA,NA,NA,NA,NA,NA,NA,NA,NA,NA,NA,NA,NA,NA,NA,NA,NA,NA,NA,NA,NA,NA,NA,NA,NA,NA,NA,NA,NA,NA,NA,NA,NA,NA,NA,NA,NA,NA,NA,NA,NA,NA,NA,NA,NA,NA,NA,NA,NA,NA,NA,NA,NA,NA,NA,NA,NA,NA,NA,NA,NA,46,NA,NA,NA,NA,NA
7163,NA,NA,NA,NA,NA,NA,NA,NA,NA,NA,NA,NA,NA,NA,NA,NA,NA,NA,NA,NA,NA,NA,NA,NA,NA,NA,NA,NA,NA,39,57,NA,NA,NA,NA,NA,NA,NA,NA,NA,NA,NA,NA,NA,NA,NA,NA,NA,NA,NA,NA,NA,NA,NA,NA,NA,NA,NA,NA,NA,NA,NA,NA,NA,NA,NA,NA,NA,NA,NA,NA,NA,NA,NA,NA,NA,NA,NA,NA,NA,NA,NA,NA,NA,NA,NA,NA,NA,NA,NA,NA,NA,NA,NA,NA,NA,NA,NA,NA,NA,NA,27.8,NA,NA,NA,NA,NA
7231,NA,NA,NA,NA,NA,NA,NA,NA,NA,NA,NA,NA,NA,NA,NA,NA,NA,NA,NA,NA,NA,NA,NA,NA,NA,NA,NA,NA,NA,33.5,46,NA,NA,NA,NA,NA,NA,NA,NA,NA,NA,NA,NA,NA,NA,NA,NA,NA,NA,NA,NA,NA,NA,NA,NA,NA,NA,NA,NA,NA,NA,NA,NA,NA,NA,NA,NA,NA,NA,NA,NA,NA,NA,NA,NA,NA,NA,NA,NA,NA,NA,NA,NA,NA,NA,NA,NA,NA,NA,NA,NA,NA,NA,NA,NA,NA,NA,NA,NA,NA,NA,30,NA,NA,NA,NA,NA
7255,NA,NA,NA,NA,NA,NA,NA,NA,NA,NA,NA,NA,NA,NA,NA,NA,NA,NA,NA,NA,NA,NA,NA,NA,NA,NA,NA,NA,NA,35.5,46,NA,NA,NA,NA,NA,NA,NA,NA,NA,NA,NA,NA,NA,NA,NA,NA,NA,NA,NA,NA,NA,NA,NA,NA,NA,NA,NA,NA,NA,NA,NA,NA,NA,NA,NA,NA,NA,NA,NA,NA,NA,NA,NA,NA,NA,NA,NA,NA,NA,NA,NA,NA,NA,NA,NA,NA,NA,NA,NA,NA,NA,NA,NA,NA,NA,NA,NA,NA,NA,NA,30,NA,NA,NA,NA,NA
7275,NA,NA,NA,0,NA,NA,NA,NA,NA,NA,NA,NA,NA,NA,94.75,NA,NA,NA,NA,51.1225,NA,NA,NA,NA,NA,NA,95.25,NA,NA,29,46,NA,NA,NA,NA,NA,NA,NA,0.103317,NA,NA,NA,NA,NA,NA,NA,NA,NA,NA,10.7497,NA,NA,NA,NA,NA,NA,NA,NA,NA,NA,NA,NA,NA,NA,NA,NA,NA,25.2259,NA,NA,NA,0.00440452,NA,NA,NA,NA,NA,NA,NA,NA,NA,NA,NA,NA,NA,NA,NA,NA,NA,0.00869452,NA,NA,NA,NA,NA,NA,NA,NA,NA,NA,NA,27,NA,NA,NA,0.80237,NA
7282,NA,NA,NA,NA,NA,NA,NA,NA,NA,NA,NA,NA,NA,NA,NA,NA,NA,NA,NA,NA,NA,NA,NA,NA,NA,NA,NA,NA,NA,29,51,NA,NA,NA,NA,NA,NA,NA,NA,NA,NA,NA,NA,NA,NA,NA,NA,NA,NA,NA,NA,NA,NA,NA,NA,NA,NA,NA,NA,NA,NA,NA,NA,NA,NA,NA,NA,NA,NA,NA,NA,NA,NA,NA,NA,NA,NA,NA,NA,NA,NA,NA,NA,NA,NA,NA,NA,NA,NA,NA,NA,NA,NA,NA,NA,NA,NA,NA,NA,NA,NA,23.8,NA,NA,NA,NA,NA
7296,26.3666,5.537,0.5,NA,NA,0.75,NA,0,0,3.5,24.8,0,0.5,5.1,NA,NA,NA,2.1,1,NA,4.754,NA,NA,NA,0,11.5,NA,NA,0.109,54,70,22.1248,NA,27,NA,18.4,33.7,16.2587,NA,NA,26,2.662,NA,NA,2,0,NA,20.8,27.5158,NA,NA,66.0655,1.541,NA,0,38.5019,1,49.5468,5,3,0,0,30.7,NA,NA,NA,NA,NA,0.246,3.809,NA,NA,NA,NA,NA,NA,NA,NA,89.6806,NA,NA,16.9,3.8,5.667,20,173.993,23,NA,29.6667,NA,NA,NA,NA,NA,NA,NA,NA,NA,29.1,NA,NA,45,4,NA,NA,NA,3
7306,NA,NA,NA,NA,NA,NA,NA,NA,NA,NA,NA,NA,NA,NA,NA,NA,NA,NA,NA,NA,NA,NA,NA,NA,NA,NA,NA,NA,NA,50.25,60,NA,NA,NA,NA,NA,NA,NA,NA,NA,NA,NA,NA,NA,NA,NA,NA,NA,NA,NA,NA,NA,NA,NA,NA,NA,NA,NA,NA,NA,NA,NA,NA,NA,NA,NA,NA,NA,NA,NA,NA,NA,NA,NA,NA,NA,NA,NA,NA,NA,NA,NA,NA,NA,NA,NA,NA,NA,NA,NA,NA,NA,NA,NA,NA,NA,NA,NA,NA,NA,NA,67,NA,NA,NA,NA,NA
7323,27.2099,4.142,1.5,NA,NA,1.5,NA,0,0,6.833,25.8,0,1.5,8.6,NA,NA,NA,2.7,1,NA,3.723,NA,NA,NA,0,10.5,NA,NA,NA,59,56,21.6831,NA,29.75,NA,14.9,44.7,14.8695,NA,NA,54,4.366,NA,NA,2,0,NA,16.4,42.2279,NA,NA,78.8989,3.203,NA,0,36.6305,1,63.8725,5,3,1,0,42.6,NA,NA,NA,NA,NA,NA,5.407,NA,NA,NA,NA,NA,NA,NA,NA,81.3403,NA,NA,30.7,0.5,1.167,18,169.36,43,NA,29.5208,NA,NA,NA,NA,NA,NA,NA,NA,NA,26,NA,NA,51,1.333,37.1667,NA,NA,2.167
7346,NA,NA,NA,NA,NA,NA,NA,NA,NA,NA,NA,NA,NA,NA,NA,NA,NA,NA,NA,NA,NA,NA,NA,NA,NA,NA,NA,NA,NA,43,64,NA,NA,NA,NA,NA,NA,NA,NA,NA,NA,NA,NA,NA,NA,NA,NA,NA,NA,NA,NA,NA,NA,NA,NA,NA,NA,NA,NA,NA,NA,NA,NA,NA,NA,NA,NA,NA,NA,NA,NA,NA,NA,NA,NA,NA,NA,NA,NA,NA,NA,NA,NA,NA,NA,NA,NA,NA,NA,NA,NA,NA,NA,NA,NA,NA,NA,NA,NA,NA,NA,42.8,NA,NA,NA,NA,NA
7418,NA,NA,NA,-7.74523,NA,NA,NA,NA,NA,NA,NA,NA,NA,NA,7.49713,NA,NA,NA,NA,1.83,NA,NA,NA,NA,NA,NA,34.3144,NA,NA,38.25,63,NA,NA,NA,NA,NA,NA,NA,0.0852892,NA,NA,NA,NA,NA,NA,NA,NA,NA,NA,66.5472,NA,NA,NA,NA,NA,NA,NA,NA,NA,NA,NA,NA,NA,NA,NA,NA,NA,65.295,NA,NA,NA,0.00345496,NA,NA,NA,NA,NA,NA,NA,NA,NA,NA,NA,NA,NA,NA,NA,NA,NA,0.0104682,NA,NA,NA,NA,NA,NA,NA,NA,NA,NA,NA,39,NA,NA,NA,0.191739,NA
7424,NA,NA,NA,NA,NA,NA,NA,NA,NA,NA,NA,NA,NA,NA,NA,NA,NA,NA,NA,NA,NA,NA,NA,NA,NA,NA,NA,NA,NA,30,43,NA,NA,NA,NA,NA,NA,NA,NA,NA,NA,NA,NA,NA,NA,NA,NA,NA,NA,NA,NA,NA,NA,NA,NA,NA,NA,NA,NA,NA,NA,NA,NA,NA,NA,NA,NA,NA,NA,NA,NA,NA,NA,NA,NA,NA,NA,NA,NA,NA,NA,NA,NA,NA,NA,NA,NA,NA,NA,NA,NA,NA,NA,NA,NA,NA,NA,NA,NA,NA,NA,26,NA,NA,NA,NA,NA
7438,23.0631,4.927,1.5,0,1054.63,1,1,1,0,9.5,35.4,1,1.5,10.5,26,1,1,4.4,1,0.25,5.004,1.22319,0.462,0.765262,0,9.8,82.2881,0,1.552,63,75,36.6217,5.14048,28,1,17.4,66.1,6.42255,0.0479769,16.5,62,4.4,1,2.59,3,1,1.5,20.7,65.1371,40.1786,26847.6,103.392,6.398,99.2999,0,42.0919,1,98.3839,5,3,0,0,48.2,3.05737,8689.42,1,0.182282,65.1936,1.3951,5.676,36.5,0.00173384,1.84594,1,14,52.7462,48.7,1,93.0417,1,28063.9,46.2,2.667,2.5,32,169.45,25,1,85.3681,0.00644253,7855.89,3.72003,0.0379,15,82.5645,1.1,NA,59.8843,26.6,25.9,8.79528,79,1.167,44.8333,14232.2,0.45541,5.167
7460,NA,NA,NA,NA,NA,NA,NA,NA,NA,NA,NA,NA,NA,NA,NA,NA,NA,NA,NA,NA,NA,NA,NA,NA,NA,NA,NA,NA,NA,34.75,49,NA,NA,NA,NA,NA,NA,NA,NA,NA,NA,NA,NA,NA,NA,NA,NA,NA,NA,NA,NA,NA,NA,NA,NA,NA,NA,NA,NA,NA,NA,NA,NA,NA,NA,NA,NA,NA,NA,NA,NA,NA,NA,NA,NA,NA,NA,NA,NA,NA,NA,NA,NA,NA,NA,NA,NA,NA,NA,NA,NA,NA,NA,NA,NA,NA,NA,NA,NA,NA,NA,23.3,NA,NA,NA,NA,NA
7461,22.972,4.257,NA,NA,NA,NA,NA,NA,NA,6.333,26.6,NA,NA,NA,NA,NA,NA,NA,NA,NA,4.847,NA,NA,NA,NA,NA,NA,NA,0.469,51,61,20.5084,NA,24.6,NA,13,37.2,16.4393,NA,NA,NA,5.141,NA,NA,NA,NA,NA,20,30.9704,NA,NA,67.9176,5.513,NA,NA,36.9783,NA,51.2685,NA,NA,NA,NA,28.6,NA,NA,NA,NA,NA,0.563,3.284,NA,NA,NA,NA,NA,NA,NA,NA,114.375,NA,NA,12.9,2.5,4.667,NA,161.331,NA,NA,33.1667,NA,NA,NA,NA,NA,NA,NA,NA,NA,26.4,22.7,NA,41,1.5,47,NA,NA,3.167
7477,NA,NA,NA,NA,NA,NA,NA,NA,NA,NA,NA,NA,NA,NA,NA,NA,NA,NA,NA,NA,NA,NA,NA,NA,NA,NA,NA,NA,NA,43,59,NA,NA,NA,NA,NA,NA,NA,NA,NA,NA,NA,NA,NA,NA,NA,NA,NA,NA,NA,NA,NA,NA,NA,NA,NA,NA,NA,NA,NA,NA,NA,NA,NA,NA,NA,NA,NA,NA,NA,NA,NA,NA,NA,NA,NA,NA,NA,NA,NA,NA,NA,NA,NA,NA,NA,NA,NA,NA,NA,NA,NA,NA,NA,NA,NA,NA,NA,NA,NA,NA,43,NA,NA,NA,NA,NA
7514,29.6386,5.033,0.75,0,656.583,0.5,1,1,1,6.667,NA,1,0.75,10.2,2.25,0,1,4.4,0,0,5.449,1.12292,0.5443,0.991962,0,8.5,39.4715,0,0.183,51,58,28.3384,5.49192,29.5,1,19.9,NA,16.0781,0.210135,40.8,36,4.729,1,6.83,2,0,1.5,NA,42.2876,60.3526,29139.2,87.3148,3.444,96.3732,0,44.7157,0,70.66,5,3,0,0,36.2,2.02803,8023.02,1,0.211443,0.757576,0.2262,3.913,14.5,0.00892155,2.94235,1,14.9,75.0596,24.8,0,98.6333,1,34816.7,24.8,0.667,2,23,177.659,39,1,41.8611,0.00964662,9357.45,3.153,0.0408,43,85.2427,1.1,0,58.1779,29,NA,7.92362,47,1.5,69.2,15069.4,0.213331,0.167
7515,38.3884,3.769,0.75,0,1496.29,0.5,1,1,1,7.167,96.3,1,1,7.4,23,0,0,3.2,0,0,4.148,1.34332,0.5211,0.94131,0,9.2,100,0,0.272,62,49,35.9741,5.91192,29.3333,0,32.9,98.9,4.96781,0.116485,52,50,3.41,1,6.14,3,0,1.3,60,63.0945,36.0707,29760.5,104.753,5.063,76.7302,0,41.1499,1,99.0068,5,3,0,0,55.9,3.39796,8432.19,1,0.116564,100,0.9646,5.476,29,0.00465553,2.77691,0,11.3,82.0124,42.5,0,NA,0,38059.3,59.5,0.5,2.167,15,179.864,42,0,50.6417,0.0077915,11003.3,2.75081,0.039,NA,83.7355,1.2,0,66.2101,42.8,78.5,5.62546,60,1.5,NA,14419.4,0,1.667
7516,35.8317,3.653,0,10.0114,499.046,0.75,NA,0,0,6.333,125,0,0,10.2,4.01852,0,0,5,1,0.25,5.03,1.29368,0.8888,0.912057,1,9.5,58.9705,0,1.092,167,100,NA,4.74145,42.8333,0,26,NA,NA,0.184087,46,150,5.323,0,4.71,3,0,1.6,37.1,NA,56.7535,24810.1,NA,4.824,77.7681,0,NA,0,NA,5,4,1,1,200,2.83003,8155.59,1,0.213212,82.1207,0.3914,3.155,45.3,0.0171913,5.09417,NA,18.4,62.7563,56.8,0,200,NA,38315,NA,0,0.833,33,180.269,71,0,200,NA,7735.71,3.72882,0.0536,NA,89.9171,0.9,0,69.0681,39.8,85.2,8.06508,250,0.5,126,12161.1,0.34889,1.667
7517,25.2455,4.391,0,-3.46e-20,812.197,0.75,1,1,1,6.167,125,0,0,10.5,39.791,0,1,5.3,1,0.765306,4.178,1.50526,0.4508,0.88028,1,11,98.75,0,1.91,160,107,NA,6.62902,NA,1,NA,125,NA,0.0580288,NA,108,3.733,0,NA,3,1,1.5,40.6,165.903,33.2444,28043.6,NA,3.232,92.4676,0,NA,1,NA,5,4,1,1,200,3.10274,7573.13,1,0.161554,95.5487,2.6742,4.764,25,0.00980668,0.463806,1,15.9,69.7013,37,0,200,NA,36556.2,NA,0,0.833,41,167.3,82,1,200,NA,11494.6,4.18738,0.0305,NA,99.9706,0.9,0,62.4274,NA,86.5,6.68487,207,0,182.667,11468,0,1.5
7518,22.7254,4.566,0,32.0814,518.178,1,0,1,1,5.5,NA,0,0,10.5,0,0,1,5.2,1,0,5.406,1.67487,0.4864,1.31245,1,9.1,9.66667,0,1.715,116,103,NA,8.52906,35.3333,0,21.6,NA,NA,0.0439369,31.3,140,2.645,1,4.06,3,0,1.5,NA,NA,182.529,24677.3,NA,3.113,69.3657,0,NA,1,NA,5,4,1,0,96.5,2.59104,9406.92,1,0.236109,NA,1.6083,3.292,34.3,0.0010572,0.627909,0,10.1,94.7422,50.3,0,200,1,26632.2,76.8,0,1,39,186.142,38,1,185.34,0.0061608,12247.5,3.70996,0.0382,73,120.211,0.9,1,66.5038,35.1,NA,6.13828,113,1.5,77.25,11671.3,NA,1.333
7519,21.1823,4.514,1,0,419.812,0.5,1,1,1,9.333,45.6,1,1,10.8,0,1,NA,4.3,0,0,4.91,1.18282,0.5059,1.3408,0,10.5,47.1564,0,1.143,71,76,24.1911,6.51689,33.1667,0,20.4,75.8,9.38736,0.143638,29.3,66,1.128,1,4.32,2,0,1.2,24.9,91.3035,58.2276,31749.2,115.082,5.724,70.0779,1,31.2714,1,108.213,5,4,1,0,NA,3.46026,8888.57,1,0.203826,95.504,1.5632,5.578,24.5,0.00672797,2.26843,0,12.7,62.2678,46,1,109.875,1,23241.6,82.6,4.167,5,44,190.138,49,NA,101.868,0.00710958,10417.5,2.45849,0.0378,70,91.7464,0.9,1,57.451,31.9,32.6,8.10553,68,1.667,52.6,15545.6,0.0297619,4
7520,31.5892,3.93,0.5,2.06e-15,685.172,0.5,1,0,1,4.833,23,0,0.5,8.2,42.6667,0,1,4.8,1,2.94,4.943,0.924026,0.8293,0.856325,1,9,100,0,0.155,42,60,18.5552,5.55925,26,1,16.3,36.2,17.5781,0.11761,29,21,6.356,1,4.38,3,0,1.6,18.1,31.4996,32.3125,27402.1,68.0526,5.401,92.0903,0,36.3208,0,49.9612,5,4,0,0,30.8,2.61753,8195.5,0,0.219892,37.7419,2.0038,4.939,14.8,0.00542096,1.04138,1,14.3,56.1096,14.3,0,95.0417,0,29078.1,17.7,0,0.5,22,184.569,21,1,36.8403,0.00917688,9007.09,3.10253,0.0675,13,95.6083,1,1,55.8079,28.4,24.7,9.06489,33,0,60.8333,14202.2,1.19853,1.333
7521,32.5831,4.295,0.5,6.91e-21,916.191,1.5,1,0,0,8.167,26.4,0,0.5,8,99.5,0,1,5,1,62.8872,5.067,0.792676,0.7159,0.962472,1,10.5,100,0,1.111,52,60,24.7915,5.34789,25.1667,1,16.4,48.9,15.0231,0.0648571,15,44,3.164,0,4.93,2,0,1.4,18.9,43.4256,7.25115,29127.2,83.5842,5.331,84.9821,1,40.1016,1,68.1967,5,4,0,0,32,1.32314,7868.13,0,0.232191,1.83e-16,3.6373,4.429,22,0.00159179,3.22599,0,15.6,62.0633,36,0,110.292,NA,31714.9,18.2,0.333,0.5,24,170.608,37,1,36.3472,0.00809512,9493.19,2.31668,0.0472,6,121.675,1,1,65.5412,28.1,22.5,7.14112,50,0,59.8333,14068.2,0.785265,2
7522,18.1528,5.532,1,4.70369,822.483,1,1,0,0,9.833,54.6,1,1,6.5,0,0,0,3.4,0,0,5.056,1.28535,0.8546,1.04726,0,5,0,0,2.695,62,83,30.4662,6.45885,34.6667,1,18.2,90.5,15.0353,0.0778504,25.7,52,5.223,1,4.7,2,0,1.6,28.5,59.6371,182.523,27445.4,104.979,5.874,94.3633,0,45.4022,1,90.1982,5,3,0,0,NA,2.06145,6788.66,1,0.194139,NA,1.0036,4.165,23.3,0.00101092,3.84714,1,13.3,80.5205,19,0,93.2333,NA,29567.3,NA,3.5,3.5,25,176.851,58,0,63.4417,0.00736444,11546.7,3.20787,0.0501,122,77.9728,1.5,1,60.1803,34,49.8,8.63673,64,1.333,58,14237,NA,6.2
7523,32.181,5.152,0.75,2.67857,482.76,0.75,1,0,0,6,45.8,1,1,8.4,5.75,0,NA,3.1,0,0,5.217,1.00767,1.1058,0.798251,0,9.7,76.2662,0,0.889,60,57,17.9388,5.09902,27.6667,1,20,86.7,11.6864,0.0766036,16,51,3.338,1,5.29,2,0,1.5,24.2,92.2434,45.8356,32937.3,120.382,3.826,91.9594,0,28.7373,1,110.102,5,3,0,0,58.4,1.67689,7615.41,0,0.124485,92.0833,1.8292,4.324,53.8,0.00390185,3.00749,1,13,79.8934,40,0,200,0,28554,76.4,1.667,1.333,20,180.59,50,0,63.8417,0.00677704,7435.12,2.70447,0.0766,37,108.643,1.4,0,61.9715,28.9,42,7.75999,60,0.667,68.6667,15589.3,0,0.5
7524,43.5212,4.376,0.75,0,650.47,0,NA,1,1,8.333,NA,1,1,8.2,33.5,0,0,2.7,0,0,5.237,1.09275,1.0361,1.32372,1,7.6,97.5,0,0.572,55,51,29.083,5.8813,24.1667,NA,30.4,NA,10.212,0.0681841,21.5,80,2.896,0,5.97,2,0,1.3,NA,64.1773,34.2053,29034.3,103.769,2.796,101.303,0,39.3815,1,93.528,5,3,0,0,54.1,2.84462,7149.32,NA,0.175889,80.1555,2.0003,5.075,24.8,0.0026201,2.35355,NA,14.1,65.5009,36,0,200,NA,37883.3,61.5,1.5,2,15,178.862,51,0,47.0278,0.00633838,9025.78,3.09897,0.0703,13,90.4392,1.5,0,57.9917,36.5,NA,8.60066,73,2.167,67.2,14447.9,0.0510204,2.667
7525,39.4279,5.347,0,-43.1652,NA,0,1,1,1,8.333,25.8,1,1,7.9,4.75,0,1,3,0,0,5.462,NA,1.1286,NA,1,8.4,31.5769,0,0.138,41,46,19.1054,NA,24.1667,0,16.5,41.1,18.0362,0.0528131,66.3,30,3.688,0,4.43,2,0,1.4,20.1,31.425,66.7748,NA,68.5318,4.431,NA,0,37.145,1,50.4276,5,3,0,0,31.8,NA,NA,0,NA,NA,0.7095,4.065,27.3,0.00209178,NA,0,13.8,NA,51.8,0,115.542,0,NA,15.4,1,0.667,15,162.033,18,1,31.5,0.00620613,NA,NA,0.0777,43,NA,1,1,NA,26.9,22.9,NA,43,0.8,78.5,NA,NA,1.8
7526,27.0369,3.335,0.5,4.32e-16,1295.14,0.5,1,1,1,5,NA,1,1,8,15.4,0,0,3.5,1,-4.25e-15,4.481,1.32145,0.6675,1.27986,0,10.7,82.2222,0,0.181,60,53,36.3303,6.24214,29.1667,0,31.3,NA,10.4812,0.151147,36.5,31,3.947,1,5.03,2,0,1.6,NA,55.0003,46.7985,27637.7,102.247,5.15,84.1626,0,47.0635,0,91.2379,5,3,0,0,49.3,3.76133,8549.19,0,0.138026,96.1155,0.7381,4.383,35,0.00556702,2.63265,NA,12.4,81.6843,38.3,0,200,0,36372.2,59.4,1,1.833,17,180.167,54,0,52.0417,0.00622614,10166.5,2.8832,0.0486,8,82.0072,1.1,0,62.1557,36.5,NA,6.47943,87,0.5,74.4,14320.7,0.109524,0.333
8213,29.8788,5.517,0.75,28.9785,998.867,0.5,0,0,1,8.167,17,0,0.75,6,0.25,0,1,5,0,0,5.706,1.51997,1.3293,1.08796,0,8.5,0,0,0.335,29,44,16.3999,6.01421,18.8333,0,10.4,31.6,16.8958,0.0932407,25.5,11,3.538,1,4.63,2,0,1.5,18.2,24.4698,134.413,25090.5,57.4318,5.463,97.2421,0,32.3076,1,40.6584,5,3,1,1,23.4,2.74811,10904.7,0,0.230791,48.3814,1.1361,4.922,34.5,0.00463918,4.11131,0,16.4,58.684,39,0,65.1667,1,36756,10.3,2.5,3.167,15,126.735,10,1,25,0.00726701,9440.34,3.00015,0.0774,79,69.3662,1,1,53.915,25.1,20,7.13425,27,3.167,37,13492.5,0.0988183,2.333
8214,35.406,3.318,1,0,681.613,0.5,1,0,1,4.333,27.4,1,1,7.5,19.75,1,1,3.5,0,1.185,3.055,1.07219,0.2463,1.4351,0,10.5,88.0653,0,0.96,48,51,23.248,7.61052,25.8333,1,16,46,15.051,0.0995303,12.3,22,2.748,0,6.35,3,0,1.6,19.1,35.4244,39.3506,21909,73.3745,4.577,84.535,0,38.1124,1,57.9582,7,4,0,1,31,3.49482,9050.24,0,0.197736,77.6094,1.1831,3.815,43.8,0.00148823,3.17274,1,15.9,78.5553,44.8,1,94.7014,0,34925.9,19.9,0,1.333,15,160.017,29,1,37.6806,0.00913833,12751.3,3.41204,0.0204,21,89.6207,1.2,1,63.6286,25,NA,6.01191,42,0.167,45.8333,11776.2,0.200399,2.5
8215,42.3132,5.763,0.5,-23.5386,1884.19,1,1,0,1,5.667,22.8,1,1.5,9,3.41346,1,NA,4,0,0.68,5.823,1.44974,1.0197,0.591849,1,11,17.2798,0,0.839,45,51,16.4776,7.6038,24,0,15,NA,16.8298,0.0481773,22.3,25,5.552,NA,5.92,3,0,1.4,17.9,29.091,73.1861,28227.1,62.924,6.248,87.0448,0,33.4555,0,45.4444,7,3,1,1,NA,4.31711,9390.08,NA,0.317678,-1.17e-18,1.3153,5.237,39,0.00239166,1.85663,1,14.6,67.2983,47.8,1,103.035,0,26409.9,14.1,1,3.333,18,154.676,22,NA,33.6667,0.0097348,12597.9,3.5362,0.0647,23,72.4784,1,NA,57.3965,25.3,20.4,5.96445,37,1,59.6667,14386.9,0.294366,4.333
8222,21.8225,5.456,0.5,NA,NA,1,NA,0,1,4.6,69.7,1,0.5,8,NA,NA,NA,3,1,NA,5.262,NA,NA,NA,1,13.2,NA,NA,1.265,98,90,15.2843,NA,41.25,NA,22.4,125,11.8221,NA,NA,43,3.992,NA,NA,2,0,NA,25.4,126.273,NA,NA,106.381,6.544,NA,1,29.0168,1,121.668,7,3,1,0,83.9,NA,NA,NA,NA,NA,0.767,5.428,NA,NA,NA,NA,NA,NA,NA,NA,200,NA,NA,89.7,2.667,3.833,35,173.074,44,NA,200,NA,NA,NA,NA,NA,NA,NA,NA,NA,61.5,NA,NA,90,3.6,72.5,NA,NA,2.333
8230,23.4475,5.461,1,NA,NA,0,NA,0,1,6.667,21.2,1,1.5,7.5,NA,NA,NA,2,1,NA,5.307,NA,NA,NA,0,11,NA,NA,2.941,163,97,NA,NA,46.8,NA,20.5,125,NA,NA,NA,160,2.838,NA,NA,2,0,NA,18.5,NA,NA,NA,NA,3.769,NA,0,NA,0,NA,7,3,0,0,200,NA,NA,NA,NA,NA,2.489,3.597,NA,NA,NA,NA,NA,NA,NA,NA,200,NA,NA,NA,0.833,1.333,47,171.934,96,NA,200,NA,NA,NA,NA,NA,NA,NA,NA,NA,35.2,NA,NA,216,0.667,200,NA,NA,3.667
8231,32.9899,3.782,1,NA,NA,0.5,NA,0,1,8.667,116.4,0,1,6.5,NA,NA,NA,2,1,NA,5.084,NA,NA,NA,0,9.2,NA,NA,1.882,116,91,NA,NA,NA,NA,22.5,NA,NA,NA,NA,90,4.774,NA,NA,2,0,NA,27.1,92.2244,NA,NA,NA,3.445,NA,0,NA,1,NA,5,3,0,0,NA,NA,NA,NA,NA,NA,0.903,4.093,NA,NA,NA,NA,NA,NA,NA,NA,NA,NA,NA,NA,0.5,2.5,42,180.884,60,NA,95.0417,NA,NA,NA,NA,NA,NA,NA,NA,NA,32,63.8,NA,126,0.167,NA,NA,NA,1.333
8233,45.994,5.053,1,NA,NA,0.5,NA,0,1,1.667,73.6,0,1,6.3,NA,NA,NA,2.5,1,NA,4.975,NA,NA,NA,0,11.5,NA,NA,0.627,79,59,27.6007,NA,46,NA,43.4,125,5.98704,NA,NA,62,5.114,NA,NA,2,0,NA,37.4,74.4652,NA,NA,107.756,2.763,NA,1,40.348,1,102.199,7,3,0,0,123,NA,NA,NA,NA,NA,1.875,4.988,NA,NA,NA,NA,NA,NA,NA,NA,NA,NA,NA,68.5,0.833,2.5,24,181.484,43,NA,41.5208,NA,NA,NA,NA,NA,NA,NA,NA,NA,49.4,51.4,NA,73,1.833,NA,NA,NA,2
8235,39.6814,5.465,0.75,NA,NA,1.5,NA,0,1,8,33.8,0,1.5,5.6,NA,NA,NA,2.7,1,NA,5.152,NA,NA,NA,0,10.5,NA,NA,1.169,71,60,33.7558,NA,23.75,NA,15.5,55.4,10.7429,NA,NA,52,4.218,NA,NA,2,0,NA,18.2,63.244,NA,NA,110.32,4.401,NA,0,44.0541,1,100.115,7,3,1,0,49.3,NA,NA,NA,NA,NA,0.825,5.055,NA,NA,NA,NA,NA,NA,NA,NA,NA,NA,NA,48.3,0.833,1,22,176.566,45,NA,21,NA,NA,NA,NA,NA,NA,NA,NA,NA,29,25.6,NA,58,1,NA,NA,NA,0
8236,41.9794,3.272,0.75,NA,NA,0.5,NA,0,0,2,23.2,0,0.75,8,NA,NA,NA,2,1,NA,5.576,NA,NA,NA,0,12.5,NA,NA,0.114,44,91,19.3497,NA,27,NA,15.5,35.7,15.6034,NA,NA,15,4.264,NA,NA,2,1,NA,18.9,30.3491,NA,NA,64.2208,3.043,NA,0,34.2844,0,49.6661,7,3,0,0,33.3,NA,NA,NA,NA,NA,1.072,3.688,NA,NA,NA,NA,NA,NA,NA,NA,97.8681,NA,NA,16.9,0.5,0.833,21,177.386,21,NA,35.6736,NA,NA,NA,NA,NA,NA,NA,NA,NA,27.8,NA,NA,31,0.167,60,NA,NA,0.333
8237,NA,3.982,1,NA,NA,0.5,NA,0,0,5.167,125,NA,NA,6.6,NA,NA,NA,0.7,NA,NA,3.825,NA,NA,NA,0,NA,NA,NA,1.063,43,97,NA,NA,38.4,NA,NA,125,NA,NA,NA,NA,5.209,NA,NA,4,NA,NA,25,NA,NA,NA,NA,3.269,NA,0,NA,0,NA,7,3,1,0,200,NA,NA,NA,NA,NA,1.385,3.998,NA,NA,NA,NA,NA,NA,NA,NA,200,NA,NA,NA,0,0.667,32,NA,23,NA,200,NA,NA,NA,NA,NA,NA,NA,NA,NA,NA,94.8,NA,NA,0.5,128.5,NA,NA,2.167
8239,34.8574,5.077,0.5,NA,NA,0.5,NA,0,1,10,22.4,0,0.5,9.5,NA,NA,NA,2.7,1,NA,3.723,NA,NA,NA,1,10.5,NA,NA,0.062,37,52,19.8578,NA,25.3333,NA,17,31.6,19.5501,NA,NA,14,5.39,NA,NA,2,0,NA,21,28.5456,NA,NA,68.457,4.47,NA,0,39.6777,0,48.5086,7,3,0,0,28,NA,NA,NA,NA,NA,2.269,3.212,NA,NA,NA,NA,NA,NA,NA,NA,91.7014,NA,NA,12.1,1.167,1.833,18,163.14,14,NA,28.5,NA,NA,NA,NA,NA,NA,NA,NA,NA,30,22.6,NA,29,1.333,55.8,NA,NA,1.667
8240,24.1065,2.826,1,NA,NA,0.5,NA,0,0,5.5,114.6,1,1.5,7.5,NA,NA,NA,2.3,1,NA,3.985,NA,NA,NA,0,11.2,NA,NA,1.434,122,93,NA,NA,42.5,NA,NA,125,NA,NA,NA,224,4.439,NA,NA,2,0,NA,40.9,NA,NA,NA,NA,3.905,NA,0,NA,1,NA,7,3,0,0,NA,NA,NA,NA,NA,NA,0.86,4.088,NA,NA,NA,NA,NA,NA,NA,NA,200,NA,NA,NA,1.2,2,43,174.339,84,NA,200,NA,NA,NA,NA,NA,NA,NA,NA,NA,NA,125,NA,250,1.667,200,NA,NA,4
8241,25.6275,3.637,0.75,NA,NA,1,NA,1,0,3.333,33.4,1,0.75,10,NA,NA,NA,3.8,1,NA,4.724,NA,NA,NA,0,16,NA,NA,0.37,66,73,30.7219,NA,37,NA,25.3,55.3,10.7168,NA,NA,29,3.639,NA,NA,2,1,NA,31,52.2428,NA,NA,93.9326,2.449,NA,0,41.578,0,82.9444,7,3,0,0,49.3,NA,NA,NA,NA,NA,1.146,3.977,NA,NA,NA,NA,NA,NA,NA,NA,157.021,NA,NA,42,0.667,0.833,37,189.027,50,NA,NA,NA,NA,NA,NA,NA,NA,NA,NA,NA,40,NA,NA,43,0.5,73.5,NA,NA,0.333
8242,25.6702,4.999,0.5,NA,NA,0.5,NA,0,1,3.5,125,0,0.75,7.6,NA,NA,NA,3,1,NA,6.03,NA,NA,NA,1,8.8,NA,NA,1.248,100,120,NA,NA,48.8333,NA,38.8,NA,NA,NA,NA,254,4.589,NA,NA,2,0,NA,44,NA,NA,NA,NA,3.877,NA,0,NA,0,NA,5,3,0,0,NA,NA,NA,NA,NA,NA,0.636,5.007,NA,NA,NA,NA,NA,NA,NA,NA,200,NA,NA,NA,2.667,0.667,50,190.945,44,NA,200,NA,NA,NA,NA,NA,NA,NA,NA,NA,39.7,116.2,NA,250,3.833,200,NA,NA,1.167
8243,38.5269,3.815,1,NA,NA,1,NA,0,1,6.333,36.2,1,1.5,7.2,NA,NA,NA,3.2,1,NA,4.82,NA,NA,NA,0,10.6,NA,NA,3.598,69,66,25.6035,NA,28.5,NA,NA,87.4,12.145,NA,NA,39,2.623,NA,NA,2,0,NA,19.6,66.8893,NA,NA,103.919,5.468,NA,1,37.451,1,92.7519,7,3,0,0,NA,NA,NA,NA,NA,NA,0.958,4.851,NA,NA,NA,NA,NA,NA,NA,NA,200,NA,NA,NA,0.167,2.833,62,157.749,58,NA,93.0417,NA,NA,NA,NA,NA,NA,NA,NA,NA,NA,29.3,NA,51,1.333,NA,NA,NA,1.167
8245,47.589,5.548,1,NA,NA,0.75,NA,0,1,8.167,28,0,1,7.4,NA,NA,NA,2.2,0,NA,4.163,NA,NA,NA,0,11.5,NA,NA,0.362,47,46,19.9856,NA,25,NA,15.6,43,16.7447,NA,NA,38,3.779,NA,NA,2,0,NA,18.4,27.2739,NA,NA,64.3989,5.304,NA,0,37.011,0,47.4199,7,3,0,0,29,NA,NA,NA,NA,NA,0.76,4.44,NA,NA,NA,NA,NA,NA,NA,NA,83,NA,NA,16.1,0.333,1.167,18,158.899,30,NA,34.25,NA,NA,NA,NA,NA,NA,NA,NA,NA,25.6,21,NA,47,0.333,33.6667,NA,NA,2.5
8247,30.4749,4.662,1,NA,NA,1,NA,1,1,6.667,77,1,1,7,NA,NA,NA,2.7,1,NA,4.58,NA,NA,NA,1,9,NA,NA,3.151,93,87,NA,NA,44.75,NA,27.7,125,NA,NA,NA,78,5.058,NA,NA,2,1,NA,27.5,159.843,NA,NA,NA,4.803,NA,0,NA,0,NA,5,3,1,0,94.1,NA,NA,NA,NA,NA,2.093,5.032,NA,NA,NA,NA,NA,NA,NA,NA,200,NA,NA,110.8,0.167,1.833,42,183.634,70,NA,200,NA,NA,NA,NA,NA,NA,NA,NA,NA,33.6,NA,NA,96,1,70.8333,NA,NA,2.333
8249,24.4577,5.166,0,NA,NA,0,NA,0,0,2.667,89.8,0,0,5.2,NA,NA,NA,2.1,1,NA,4.41,NA,NA,NA,1,7.5,NA,NA,1.183,98,81,21.3641,NA,41.1667,NA,NA,49.8,1.92336,NA,NA,60,5.051,NA,NA,2,0,NA,20.5,103.671,NA,NA,134.407,4.354,NA,0,23.1694,1,132.992,7,3,1,0,55,NA,NA,NA,NA,NA,1.281,5.594,NA,NA,NA,NA,NA,NA,NA,NA,200,NA,NA,95.4,2.833,3.667,33,174.311,42,NA,200,NA,NA,NA,NA,NA,NA,NA,NA,NA,NA,125,NA,109,1.6,NA,NA,NA,3.167
8254,30.045,3.149,0.75,-25.0219,NA,0.75,NA,0,0,8.167,24.8,0,0.75,8,4,NA,NA,2.5,0,1.5625,5.072,NA,NA,NA,0,12,7.73214,NA,1.106,52,52,20.3578,NA,22.8333,NA,14,37.6,15.6923,0.0835819,NA,31,2.702,NA,NA,2,0,NA,16.4,30.0917,107.442,NA,68.3449,3.967,NA,0,37.4278,0,50.611,7,3,1,1,29.4,NA,NA,NA,NA,43.373,1.494,4.604,NA,0.0028279,NA,NA,NA,NA,NA,NA,86.5069,NA,NA,13,0,0.167,16,163.438,28,NA,33.8403,0.00705699,NA,NA,NA,NA,NA,NA,NA,NA,25.3,22.2,NA,48,1.667,51,NA,0.120893,0.5
8256,40.6357,5.402,0.75,NA,NA,0.75,NA,0,1,5,22.6,0,1,7,NA,NA,NA,2.3,1,NA,5.3,NA,NA,NA,1,12.2,NA,NA,0.037,41,61,21.7333,NA,36.3333,NA,19,33,17.6479,NA,NA,10,3.817,NA,NA,2,0,NA,27.3,25.9406,NA,NA,65.4793,5.135,NA,0,39.5399,1,47.5698,7,3,1,0,29.4,NA,NA,NA,NA,NA,1.79,5.966,NA,NA,NA,NA,NA,NA,NA,NA,85.3472,NA,NA,13.7,2,1.833,19,180.994,15,NA,28.8333,NA,NA,NA,NA,NA,NA,NA,NA,NA,27.3,NA,NA,26,0.167,53.6667,NA,NA,1.5
8258,37.9897,4.983,0.75,NA,NA,0.5,NA,1,1,8.167,28.2,0,1,8.6,NA,NA,NA,2,1,NA,5.123,NA,NA,NA,0,14.5,NA,NA,0.338,63,73,39.3497,NA,35.6,NA,18.2,41.5,13.2363,NA,NA,31,4.007,NA,NA,2,1,NA,26.3,32.6669,NA,NA,89.3249,4.935,NA,0,55.5133,0,71.9444,7,3,0,0,32.3,NA,NA,NA,NA,NA,1.019,5.554,NA,NA,NA,NA,NA,NA,NA,NA,111.708,NA,NA,16.1,1.5,1.333,31,180.4,38,NA,34,NA,NA,NA,NA,NA,NA,NA,NA,NA,28.5,NA,NA,34,2.667,71,NA,NA,2.5
8259,28.0289,3.075,1,NA,NA,0.75,NA,1,1,9.167,27,0,1,10.3,NA,NA,NA,2.2,1,NA,5.082,NA,NA,NA,0,14.8,NA,NA,0.364,51,73,23.9354,NA,31.8,NA,17.1,38.5,17.0205,NA,NA,18,4.334,NA,NA,2,1,NA,26.5,28.6838,NA,NA,70.8352,4.587,NA,0,41.9178,0,53.4914,7,3,0,0,33.1,NA,NA,NA,NA,NA,0.883,5.733,NA,NA,NA,NA,NA,NA,NA,NA,106.031,NA,NA,16.6,2.333,2.833,32,177.328,37,NA,37.3472,NA,NA,NA,NA,NA,NA,NA,NA,NA,29.9,NA,NA,33,0.167,62.8333,NA,NA,3.833
8264,38.8142,4.928,1,-5.5,NA,0.5,NA,0,0,8.333,NA,1,1,7.8,2.86438,NA,NA,2.6,1,0.48075,5.084,NA,NA,NA,0,10.6,48.8039,NA,NA,68,46,31.7243,NA,22.3333,NA,NA,NA,10.272,0.115429,NA,82,4.511,NA,NA,2,0,NA,18.3,74.3236,58.0819,NA,110.352,4.585,NA,1,41.4036,1,101.273,7,3,0,1,NA,NA,NA,NA,NA,75.2855,NA,4.003,NA,0.00487822,NA,NA,NA,NA,NA,NA,106.542,NA,NA,NA,1.833,2.833,17,151.293,42,NA,55.0333,0.00846379,NA,NA,NA,NA,NA,NA,NA,NA,NA,NA,NA,108,2.5,37.4,NA,0.265873,0.833
8265,30.8804,5.411,0,1.90476,NA,0.5,NA,0,0,6.833,20.6,0,0,6.5,-2.62e-14,NA,NA,2.2,0,-1.22e-14,5.189,NA,NA,NA,0,9.2,83.9789,NA,0.088,30,44,19.916,NA,24.6,NA,15.7,26.5,18.2858,0.199848,NA,10,4.867,NA,NA,2,0,NA,NA,23.5002,45.7694,NA,62.0282,3.957,NA,0,38.3588,0,43.5881,7,3,0,0,24.1,NA,NA,NA,NA,94.8148,1.345,3.963,NA,0.0100823,NA,NA,NA,NA,NA,NA,77.3333,NA,NA,11.1,1,1.5,14,161.735,9,NA,25,0.0109144,NA,NA,NA,NA,NA,NA,NA,NA,26.4,20,NA,29,0.333,48.5,NA,0.15873,2.333
8266,23.8987,NA,1,NA,NA,1,NA,0,0,NA,NA,1,0.75,6,NA,NA,NA,2.2,1,NA,NA,NA,NA,NA,1,9.5,NA,NA,1.266,180,99,NA,NA,35,NA,61.1,NA,NA,NA,NA,156,NA,NA,NA,2,0,NA,NA,167.71,NA,NA,NA,NA,NA,1,NA,1,NA,5,3,1,0,200,NA,NA,NA,NA,NA,0.701,NA,NA,NA,NA,NA,NA,NA,NA,NA,NA,NA,NA,NA,NA,NA,48,189.44,116,NA,200,NA,NA,NA,NA,NA,NA,NA,NA,NA,50,NA,NA,250,NA,NA,NA,NA,NA
8270,33.8613,3.949,0.75,-1.06108,NA,0.5,NA,0,0,8.5,25.6,0,1,7,2.75,NA,NA,2.6,0,0,5.399,NA,NA,NA,1,11,35.0002,NA,0.482,51,49,20.7219,NA,24.5,NA,15.5,38.9,18.065,0.0947512,NA,26,3.729,NA,NA,2,0,NA,19.1,30.3037,64.0557,NA,69.7997,2.995,NA,0,39.2393,0,51.0392,7,3,0,0,33.9,NA,NA,NA,NA,96.6667,NA,4.664,NA,0.00341979,NA,NA,NA,NA,NA,NA,92.6875,NA,NA,18.9,0,0.167,20,165.781,32,NA,33.8,0.00873811,NA,NA,NA,NA,NA,NA,NA,NA,26.3,22.2,NA,45,0.333,47.6667,NA,0.0658134,0.4
8271,27.64,3.085,1.5,NA,NA,1.5,NA,0,0,5.667,23.8,0,1.5,6.6,NA,NA,NA,2,1,NA,5.255,NA,NA,NA,1,8.2,NA,NA,0.146,41,49,24.5802,NA,26.1667,NA,13.8,33.1,17.479,NA,NA,11,3.752,NA,NA,2,0,NA,22.8,29.5171,NA,NA,71.681,5.592,NA,0,41.9706,1,54.506,7,4,1,0,29.1,NA,NA,NA,NA,NA,1.714,5.066,NA,NA,NA,NA,NA,NA,NA,NA,92.7014,NA,NA,11.5,0.333,3.167,15,179.205,14,NA,28.1667,NA,NA,NA,NA,NA,NA,NA,NA,NA,29.3,22.1,NA,29,0.667,56.5,NA,NA,2.333
8274,37.4564,4.015,0.5,0,NA,0.5,NA,0,0,8.5,55.8,1,0.75,8,11.25,NA,NA,2.2,1,0,5.646,NA,NA,NA,0,9.5,71.466,NA,NA,87,74,30.8578,NA,32.6,NA,19.7,NA,8.16857,0.143972,NA,64,4.621,NA,NA,3,0,NA,24.2,61.2333,47.2924,NA,98.6859,5.911,NA,0,38.5749,1,91.7826,7,3,1,0,57.9,NA,NA,NA,NA,89.7727,NA,4.34,NA,0.0058051,NA,NA,NA,NA,NA,NA,93.0417,NA,NA,63.6,2,4.5,51,150.84,53,NA,63.0417,0.00677704,NA,NA,NA,NA,NA,NA,NA,NA,28.4,NA,NA,89,3.167,56.5,NA,0.169275,3.5
8275,33.0282,4.912,1,NA,NA,1.5,NA,0,0,5.6,32.8,0,1.5,6.2,NA,NA,NA,2.5,0,NA,5.291,NA,NA,NA,1,9,NA,NA,0.899,52,68,21.416,NA,29,NA,17.2,41.3,17.0362,NA,NA,29,3.938,NA,NA,3,0,NA,25.8,27.5456,NA,NA,66.5619,4.778,NA,1,38.7537,0,49.1278,7,3,1,0,34.4,NA,NA,NA,NA,NA,0.704,3.416,NA,NA,NA,NA,NA,NA,NA,NA,105.042,NA,NA,11.3,0.5,2.333,30,166.058,27,NA,34.5,NA,NA,NA,NA,NA,NA,NA,NA,NA,31.1,NA,NA,51,1.5,81,NA,NA,2
8283,35.7086,4.539,1,NA,NA,0.5,NA,0,0,2.75,NA,0,1.5,8.4,NA,NA,NA,2.1,1,NA,3.999,NA,NA,NA,1,10.5,NA,NA,2.073,84,71,20.3714,NA,34.2,NA,NA,NA,25.9367,NA,NA,298,5.612,NA,NA,2,0,NA,25.4,32.4035,NA,NA,72.239,4.759,NA,0,42.3136,0,52.4478,7,3,1,0,200,NA,NA,NA,NA,NA,1.85,4.631,NA,NA,NA,NA,NA,NA,NA,NA,200,NA,NA,NA,0,1.333,37,178.506,47,NA,200,NA,NA,NA,NA,NA,NA,NA,NA,NA,NA,NA,NA,250,1.333,131.6,NA,NA,0.6
8284,33.8761,NA,0.75,NA,NA,0.5,NA,0,0,NA,29,1,1,8.2,NA,NA,NA,2.6,0,NA,NA,NA,NA,NA,0,10,NA,NA,0.85,72,61,27.0325,NA,30,NA,18.3,66.3,9.77454,NA,NA,41,NA,NA,NA,2,1,NA,21.2,78.3485,NA,NA,108.406,NA,NA,0,37.1374,0,98.0968,7,3,1,0,NA,NA,NA,NA,NA,NA,0.696,NA,NA,NA,NA,NA,NA,NA,NA,NA,89.825,NA,NA,48.3,NA,NA,18,171.937,47,NA,77.0417,NA,NA,NA,NA,NA,NA,NA,NA,NA,28.9,NA,NA,41,NA,67.3333,NA,NA,NA
8285,36.359,4.375,0.75,NA,NA,1,NA,0,0,3.833,22.4,0,0.75,5.8,NA,NA,NA,1.9,1,NA,4.47,NA,NA,NA,1,13.6,NA,NA,0.06,51,70,16.9662,NA,23.5,NA,15.3,36.5,16.9664,NA,NA,42,4.174,NA,NA,2,0,NA,18.3,28.0015,NA,NA,61.9456,3.652,NA,0,34.0019,1,45.1416,7,3,1,0,28,NA,NA,NA,NA,NA,0.623,5.118,NA,NA,NA,NA,NA,NA,NA,NA,88.3403,NA,NA,13.5,0,0.333,28,165.986,31,NA,35.8403,NA,NA,NA,NA,NA,NA,NA,NA,NA,28.2,20.8,NA,37,0.5,59,NA,NA,1.333
8290,26.9066,2.858,1.5,NA,NA,1,NA,0,1,0.5,22.4,0,1,8.7,NA,NA,NA,2.7,1,NA,3.242,NA,NA,NA,1,12.6,NA,NA,0.157,41,50,19.3802,NA,23.3333,NA,13.6,26.7,16.946,NA,NA,11,4.095,NA,NA,2,0,NA,16.1,25.0504,NA,NA,61.4767,4.464,NA,0,36.3533,1,44.4216,7,3,1,1,25.7,NA,NA,NA,NA,NA,0.402,3.553,NA,NA,NA,NA,NA,NA,NA,NA,71.5,NA,NA,12,0.333,2.833,18,149.589,12,NA,27.3333,NA,NA,NA,NA,NA,NA,NA,NA,NA,23,21.8,NA,28,0,33.6,NA,NA,1.5
8296,36.7109,4.214,0,-0.331981,NA,0,NA,0,1,7.333,19,0,0,10,0,NA,NA,2.2,0,0,4.862,NA,NA,NA,0,11.7,2.88461,NA,0.127,29,45,20.9147,NA,23.8333,NA,12,26.6,16.3006,0.164413,NA,10,3.178,NA,NA,2,0,NA,18,22.0923,76.4238,NA,58.5728,4.386,NA,1,36.8841,0,42.4169,7,3,1,1,26.5,NA,NA,NA,NA,19.6824,1.152,4.377,NA,0.00630456,NA,NA,NA,NA,NA,NA,77.6667,NA,NA,11.1,0.167,0.5,13,157.395,11,NA,29.3403,0.0075125,NA,NA,NA,NA,NA,NA,NA,NA,NA,19.3,NA,28,0.667,56.8333,NA,1.11559,0
8297,33.0638,4.079,0.5,0,NA,0.5,NA,0,1,8.833,67.3,0,0.5,7.5,54.25,NA,NA,3,1,0,4.821,NA,NA,NA,1,7.5,100,NA,4.352,104,73,NA,NA,27,NA,22.3,NA,NA,0.161973,NA,264,4.263,NA,NA,3,0,NA,NA,148.301,28.0075,NA,NA,5.639,NA,1,NA,1,NA,5,3,1,0,200,NA,NA,NA,NA,78.7292,1.253,4.3,NA,0.0106649,NA,NA,NA,NA,NA,NA,200,NA,NA,NA,0.833,3.833,40,170.385,55,NA,200,NA,NA,NA,NA,NA,NA,NA,NA,NA,31.8,58,NA,247,2.167,68.6667,NA,0.778446,2.667
8300,28.3226,3.467,0.5,NA,NA,0.5,NA,0,1,5.333,NA,0,0.5,7.6,NA,NA,NA,2.6,1,NA,4.561,NA,NA,NA,1,9.9,NA,NA,0.175,51,61,21.7801,NA,27.6667,NA,15.1,NA,15.5501,NA,NA,25,5.401,NA,NA,2,0,NA,NA,29.3336,NA,NA,67.0282,4.614,NA,0,37.5255,0,51.1431,7,3,1,1,28.4,NA,NA,NA,NA,NA,NA,4.415,NA,NA,NA,NA,NA,NA,NA,NA,88.0208,NA,NA,14.5,0.333,1.333,31,159.506,28,NA,35.4083,NA,NA,NA,NA,NA,NA,NA,NA,NA,25.9,NA,NA,40,0.333,92,NA,NA,0.667
8306,26.0793,5.719,0.75,NA,NA,1,NA,0,0,7.4,125,1,0.75,6.2,NA,NA,NA,2.8,1,NA,4.87,NA,NA,NA,0,8.5,NA,NA,0.81,49,96,NA,NA,37.8,NA,24.5,125,NA,NA,NA,230,3.3,NA,NA,2,0,NA,33.4,NA,NA,NA,NA,5.86,NA,1,NA,1,NA,5,3,0,1,200,NA,NA,NA,NA,NA,0.804,4.917,NA,NA,NA,NA,NA,NA,NA,NA,200,NA,NA,NA,4.167,6.167,50,198.006,34,NA,72.0417,NA,NA,NA,NA,NA,NA,NA,NA,NA,34.8,79.5,NA,250,2.5,100.167,NA,NA,3
8310,42.2638,4.982,0.5,NA,NA,0,NA,0,1,5.667,18,0,0.5,10.5,NA,NA,NA,2.5,1,NA,5.499,NA,NA,NA,1,12.3,NA,NA,0.184,31,49,20.2413,NA,31,NA,13.6,26.4,17.3556,NA,NA,13,5.158,NA,NA,2,0,NA,15.8,22.198,NA,NA,59.9176,3.916,NA,0,37.7066,0,42.5071,7,3,1,0,24.1,NA,NA,NA,NA,NA,0.737,3.972,NA,NA,NA,NA,NA,NA,NA,NA,77.3403,NA,NA,10.3,0.333,1,16,175.56,13,NA,26,NA,NA,NA,NA,NA,NA,NA,NA,NA,24.6,16,NA,28,1.167,57.5,NA,NA,0.333
8311,30.8413,4.516,0.5,NA,NA,0,NA,0,1,7.167,NA,1,0.5,7.5,NA,NA,NA,2.7,0,NA,4.212,NA,NA,NA,0,11.8,NA,NA,1.516,51,49,23.7801,NA,22,NA,15.3,NA,13.4664,NA,NA,38,3.395,NA,NA,2,0,NA,NA,57.4866,NA,NA,94.6834,3.74,NA,0,37.2972,0,81.4429,5,3,0,0,36.2,NA,NA,NA,NA,NA,1.009,3.141,NA,NA,NA,NA,NA,NA,NA,NA,114.792,NA,NA,24.9,0,0.667,14,157.679,31,NA,30.5,NA,NA,NA,NA,NA,NA,NA,NA,NA,25.1,NA,NA,48,0,57,NA,NA,2.333
8312,41.6808,3.616,0.5,NA,NA,0.5,NA,0,1,2,25.8,0,0.5,9.5,NA,NA,NA,2.5,0,NA,4.829,NA,NA,NA,0,15.5,NA,NA,0.328,41,66,20.0164,NA,25,NA,19.6,34.1,16.6758,NA,NA,13,3.492,NA,NA,2,1,NA,20.9,26.152,NA,NA,63.3615,2.965,NA,0,37.011,0,46.1187,7,3,0,0,30.1,NA,NA,NA,NA,NA,0.449,4.643,NA,NA,NA,NA,NA,NA,NA,NA,81,NA,NA,16.8,0,0.333,38,162.635,15,NA,29.8333,NA,NA,NA,NA,NA,NA,NA,NA,NA,29,21.6,NA,35,1.167,46.8,NA,NA,1.833
8313,37.0768,3.8,0.5,NA,NA,0.75,NA,1,0,3.667,20.2,0,0.5,6.3,NA,NA,NA,2,0,NA,4.919,NA,NA,NA,1,6,NA,NA,0.136,35,49,18.2801,NA,25,NA,13.8,27.9,16.6182,NA,NA,10,4.712,NA,NA,2,1,NA,18.2,23.4704,NA,NA,57.9456,3.896,NA,0,34.6359,0,41.8251,7,3,0,0,NA,NA,NA,NA,NA,NA,0.33,4.298,NA,NA,NA,NA,NA,NA,NA,NA,100.208,NA,NA,9.3,0,1,18,178.431,10,NA,26,NA,NA,NA,NA,NA,NA,NA,NA,NA,24.7,18.4,NA,27,0.333,58.3333,NA,NA,2
8314,36.2145,4.661,1,0,NA,0.75,NA,0,1,0.5,21,0,1.5,7.2,2.21239,NA,NA,2.2,0,0,4.084,NA,NA,NA,0,12,34.3533,NA,1.222,41,64,19.5358,NA,27,NA,14.2,32.1,17.5641,0.11431,NA,17,5.563,NA,NA,2,1,NA,15.2,24.7577,61.956,NA,62.1424,3.221,NA,0,37.2447,0,44.2303,7,3,0,0,27.3,NA,NA,NA,NA,99.0741,0.571,4.279,NA,0.00325392,NA,NA,NA,NA,NA,NA,77.6667,NA,NA,13.1,0,1.333,41,159.145,16,NA,29.4,0.00981058,NA,NA,NA,NA,NA,NA,NA,NA,24.2,17.9,NA,37,0.167,36.5,NA,0,0
8323,25.4153,4.045,1,NA,NA,0.5,NA,0,0,3.5,26,0,1,5.5,NA,NA,NA,1.7,1,NA,5.387,NA,NA,NA,1,9.5,NA,NA,NA,41,51,20.4696,NA,24,NA,16.6,37.9,21.2151,NA,NA,15,3.575,NA,NA,4,0,NA,20.7,27.0308,NA,NA,66.3922,5.464,NA,0,41.0036,1,46.9446,7,3,1,0,27.7,NA,NA,NA,NA,NA,NA,4.639,NA,NA,NA,NA,NA,NA,NA,NA,117.701,NA,NA,13.6,0,0.667,13,162.387,12,NA,NA,NA,NA,NA,NA,NA,NA,NA,NA,NA,24.1,20.8,NA,36,0.2,58.8333,NA,NA,0.5
8325,37.1283,4.284,0,NA,NA,0.5,NA,0,0,5.167,19,0,0,6.5,NA,NA,NA,2.5,0,NA,4.566,NA,NA,NA,0,8,NA,NA,0.043,41,49,21.5438,NA,22.8333,NA,13.8,22.2,16.0772,NA,NA,9,4.676,NA,NA,2,0,NA,15.1,24.6072,NA,NA,62.2602,4.314,NA,0,37.6686,0,46.3725,7,3,0,0,22.2,NA,NA,NA,NA,NA,1.476,3.859,NA,NA,NA,NA,NA,NA,NA,NA,77,NA,NA,10.2,0,1.667,14,172.019,12,NA,29.6667,NA,NA,NA,NA,NA,NA,NA,NA,NA,24.4,18,NA,27,0.667,47,NA,NA,1.667
8326,31.6563,5.343,1.5,NA,NA,1.5,NA,0,0,8,NA,1,1.5,9.6,NA,NA,NA,3,1,NA,5.457,NA,NA,NA,0,13,NA,NA,0.245,58,67,22.7702,NA,34.8,NA,18.1,NA,14.0425,NA,NA,31,5.371,NA,NA,3,0,NA,25,42.1228,NA,NA,78.8016,4.662,NA,0,37.0967,0,64.6037,7,4,0,0,47.4,NA,NA,NA,NA,NA,1.468,4.258,NA,NA,NA,NA,NA,NA,NA,NA,98.0417,NA,NA,40.8,1.833,2.167,30,178.751,44,NA,41.8681,NA,NA,NA,NA,NA,NA,NA,NA,NA,32.7,NA,NA,49,1.5,73,NA,NA,1.667
8329,37.1783,2.909,0.5,-7.51e-20,NA,0,NA,0,1,6,19.2,0,0.5,7.2,98.25,NA,NA,2.1,1,65.315,3.458,NA,NA,NA,0,9.5,100,NA,0.102,31,46,18.3999,NA,24.3333,NA,11.5,27,24.3424,0.180164,NA,11,4.983,NA,NA,2,0,NA,15.4,26.425,7.23394,NA,69.4513,3.075,NA,0,42.9494,1,44.6814,5,3,1,0,23.2,NA,NA,NA,NA,1.46199,0.32,4.655,NA,0.00914439,NA,NA,NA,NA,NA,NA,74.0083,NA,NA,10.9,0.5,0.333,12,159.643,10,NA,26.6667,0.00749875,NA,NA,NA,NA,NA,NA,NA,NA,24.5,17.8,NA,26,0,39,NA,1.03566,1.333
8334,38.6035,4.295,1,NA,NA,0.5,NA,0,0,3.833,34.6,0,1,7.2,NA,NA,NA,2.5,0,NA,4.93,NA,NA,NA,0,12.5,NA,NA,1.69,52,64,25.5827,NA,25.8333,NA,16.2,56.4,16.147,NA,NA,31,3.508,NA,NA,2,0,NA,22.1,36.1066,NA,NA,78.2042,5.194,NA,1,41.9349,0,61.8893,7,3,0,0,41.8,NA,NA,NA,NA,NA,1.398,4.231,NA,NA,NA,NA,NA,NA,NA,NA,92.2417,NA,NA,27.2,0.667,1.167,21,165.091,25,NA,40.825,NA,NA,NA,NA,NA,NA,NA,NA,NA,29.3,NA,NA,51,0.333,60.4,NA,NA,0.333
8335,27.5767,5.012,0.75,NA,NA,0.75,NA,0,0,2.6,NA,0,0.75,6.2,NA,NA,NA,2,1,NA,2.832,NA,NA,NA,1,9,NA,NA,2.782,129,104,31.8478,NA,49.8,NA,NA,NA,13.5708,NA,NA,140,5.463,NA,NA,2,0,NA,NA,33.8426,NA,NA,79.066,2.688,NA,1,45.5603,1,65.1732,7,3,1,0,200,NA,NA,NA,NA,NA,1.914,3.656,NA,NA,NA,NA,NA,NA,NA,NA,200,NA,NA,NA,2,1.333,48,190.365,68,NA,200,NA,NA,NA,NA,NA,NA,NA,NA,NA,NA,73,NA,250,0,83.3333,NA,NA,0.333
8337,40.7572,5.503,0.75,NA,NA,1,NA,0,0,2.167,35.6,1,1,6,NA,NA,NA,2.7,1,NA,4.159,NA,NA,NA,0,7.2,NA,NA,NA,74,70,24.8196,NA,28.5,NA,19,75,12.4783,NA,NA,49,4.51,NA,NA,3,0,NA,17.8,81.9393,NA,NA,109.924,3.403,NA,0,36.4753,1,101.685,7,3,0,0,NA,NA,NA,NA,NA,NA,NA,3.813,NA,NA,NA,NA,NA,NA,NA,NA,111.375,NA,NA,NA,1.333,3.167,33,157.687,47,NA,82.0417,NA,NA,NA,NA,NA,NA,NA,NA,NA,29,NA,NA,78,1.833,36.25,NA,NA,2.167
8343,39.144,3.79,1,NA,NA,0.75,NA,1,1,3.667,30.6,0,1,9.5,NA,NA,NA,2.4,0,NA,4.43,NA,NA,NA,0,13.7,NA,NA,0.166,45,62,16.7219,NA,25,NA,16.4,36.3,16.8843,NA,NA,19,4.945,NA,NA,2,0,NA,20.3,27.9406,NA,NA,62.1611,3.03,NA,0,34.0345,0,44.7211,5,3,0,0,30.9,NA,NA,NA,NA,NA,0.283,4.252,NA,NA,NA,NA,NA,NA,NA,NA,86.0139,NA,NA,17.1,0,0,21,157.926,31,NA,33.6667,NA,NA,NA,NA,NA,NA,NA,NA,NA,27.7,25.9,NA,26,0,46,NA,NA,0.2
8351,31.5653,4.586,1,NA,NA,1,NA,0,0,6.5,125,1,1,5.6,NA,NA,NA,2.6,0,NA,4.366,NA,NA,NA,0,8.6,NA,NA,2.07,112,78,NA,NA,36,NA,22,NA,NA,NA,NA,262,4.359,NA,NA,2,0,NA,31.4,NA,NA,NA,NA,4.791,NA,0,NA,0,NA,5,3,0,0,NA,NA,NA,NA,NA,NA,0.723,5.197,NA,NA,NA,NA,NA,NA,NA,NA,200,NA,NA,NA,0.5,1.167,38,168.185,59,NA,200,NA,NA,NA,NA,NA,NA,NA,NA,NA,34.4,69.4,NA,250,3.167,95,NA,NA,0.8
8353,32.4466,4.551,1,NA,NA,0.5,NA,0,0,0.667,15.6,0,1.5,6.2,NA,NA,NA,2.4,0,NA,3.909,NA,NA,NA,0,7.5,NA,NA,NA,40,41,17.4386,NA,19.3333,NA,9.1,25.3,16.8416,NA,NA,15,4.834,NA,NA,2,1,NA,14.2,24.1196,NA,NA,58.0806,4.253,NA,0,34.5982,0,40.9688,5,3,0,0,26,NA,NA,NA,NA,NA,NA,5.054,NA,NA,NA,NA,NA,NA,NA,NA,60.6667,NA,NA,12.2,0.833,2,9,91.9233,12,NA,27,NA,NA,NA,NA,NA,NA,NA,NA,NA,23.8,15.4,NA,37,0,27.6,NA,NA,0.167
8354,19.0269,5.461,0.5,0,NA,1,NA,0,1,7.833,21.4,0,0.5,7.2,66.75,NA,NA,2.2,0,56.05,3.093,NA,NA,NA,0,6.4,100,NA,0.361,45,70,22.0552,NA,27.5,NA,15,27.4,16.0083,0.0820875,NA,12,5.754,NA,NA,2,1,NA,18.2,29.8491,18.9253,NA,68.0131,6.548,NA,0,38.1305,0,51.9123,5,3,0,0,33.6,NA,NA,NA,NA,3.67647,0.469,5.202,NA,0.00142789,NA,NA,NA,NA,NA,NA,NA,NA,NA,15.1,1.5,3.333,26,168.001,17,NA,34.3472,0.0050109,NA,NA,NA,NA,NA,NA,NA,NA,29,NA,NA,29,5.167,NA,NA,1.84043,0.833
8357,40.2655,2.288,1,NA,NA,1,NA,0,1,6.667,30.2,0,1,6.2,NA,NA,NA,3.4,1,NA,4.427,NA,NA,NA,1,7.5,NA,NA,NA,NA,NA,22.8384,NA,25.6667,NA,14.7,52.8,12.7866,NA,NA,53,4.802,NA,NA,2,0,NA,18.2,50.925,NA,NA,87.1424,2.837,NA,0,35.9965,1,73.9046,5,3,1,0,50.9,NA,NA,NA,NA,NA,NA,3.753,NA,NA,NA,NA,NA,NA,NA,NA,78,NA,NA,69.5,0.667,0.833,18,150.249,36,NA,52.5417,NA,NA,NA,NA,NA,NA,NA,NA,NA,25.6,NA,NA,NA,0.833,40.2,NA,NA,0.833
8365,33.4013,4.47,1,NA,NA,1,NA,0,0,8.333,19.2,0,1.5,8,NA,NA,NA,2.7,0,NA,4.28,NA,NA,NA,1,9,NA,NA,NA,33,51,18.0244,NA,30.5,NA,15.4,25.2,15.9507,NA,NA,10,4.92,NA,NA,2,0,NA,18.9,26.091,NA,NA,59.3838,4.845,NA,0,33.4982,0,44.215,5,3,0,0,26.3,NA,NA,NA,NA,NA,NA,3.643,NA,NA,NA,NA,NA,NA,NA,NA,72.3333,NA,NA,12.2,3,2.833,16,154.76,12,NA,27.5,NA,NA,NA,NA,NA,NA,NA,NA,NA,32.2,NA,NA,26,0.333,44.6,NA,NA,1.833
8366,42.3477,NA,NA,NA,NA,NA,NA,NA,NA,NA,NA,NA,NA,NA,NA,NA,NA,NA,NA,NA,NA,NA,NA,NA,NA,NA,NA,NA,NA,NA,NA,21.7333,NA,NA,NA,NA,NA,19.2481,NA,NA,NA,NA,NA,NA,NA,NA,NA,NA,24.8802,NA,NA,67.6388,NA,NA,NA,42.1759,NA,46.5377,NA,NA,NA,NA,NA,NA,NA,NA,NA,NA,NA,NA,NA,NA,NA,NA,NA,NA,NA,NA,NA,NA,NA,NA,NA,NA,NA,185.556,NA,NA,NA,NA,NA,NA,NA,NA,NA,NA,NA,NA,NA,NA,NA,NA,NA,NA,NA,NA,NA
8369,24.1912,5.174,1,NA,NA,0.5,NA,0,0,7.167,NA,1,1,5.8,NA,NA,NA,2.7,1,NA,5.246,NA,NA,NA,1,8,NA,NA,3.065,67,76,NA,NA,41,NA,21.6,NA,NA,NA,NA,58,4.799,NA,NA,2,0,NA,NA,168.936,NA,NA,NA,5.453,NA,0,NA,1,NA,5,3,1,1,69.2,NA,NA,NA,NA,NA,2.352,5.102,NA,NA,NA,NA,NA,NA,NA,NA,200,NA,NA,91.4,0.667,1.5,36,188.367,50,NA,95.0417,NA,NA,NA,NA,NA,NA,NA,NA,NA,30.6,NA,NA,110,0.667,76,NA,NA,0.5
8374,43.4959,4.522,1,NA,NA,1,NA,0,1,9,25,0,0.75,10.5,NA,NA,NA,2.4,0,NA,4.271,NA,NA,NA,0,16,NA,NA,0.309,45,59,21.1911,NA,32.6667,NA,17.1,35.1,17.0633,NA,NA,14,6.28,NA,NA,2,1,NA,19.5,30.2733,NA,NA,68.5655,4.208,NA,0,38.2591,0,51.6034,7,3,0,0,29.2,NA,NA,NA,NA,NA,0.69,4.715,NA,NA,NA,NA,NA,NA,NA,NA,77.5,NA,NA,16.6,0,1.5,30,167.487,31,NA,31.8333,NA,NA,NA,NA,NA,NA,NA,NA,NA,28.2,22.8,NA,30,0,54,NA,NA,0.333
8376,30.0596,4.561,0.5,NA,NA,0.5,NA,0,1,3.833,125,1,0.75,7,NA,NA,NA,2.5,1,NA,4.287,NA,NA,NA,0,7.5,NA,NA,1.629,134,84,NA,NA,45.75,NA,19.9,NA,NA,NA,NA,310,5.901,NA,NA,2,1,NA,33.1,164.263,NA,NA,NA,4.554,NA,0,NA,1,NA,7,3,0,0,200,NA,NA,NA,NA,NA,0.937,3.816,NA,NA,NA,NA,NA,NA,NA,NA,200,NA,NA,NA,0.5,0.833,40,167.852,90,NA,200,NA,NA,NA,NA,NA,NA,NA,NA,NA,38,88.9,NA,250,0,73.3333,NA,NA,0.333
8378,35.2714,5.811,0.75,NA,NA,0.75,NA,0,1,5.667,25.2,1,0.75,7.5,NA,NA,NA,2.2,1,NA,4.8,NA,NA,NA,0,10.7,NA,NA,0.862,50,56,17.3611,NA,27.6,NA,16.4,31.9,16.1051,NA,NA,23,5.016,NA,NA,2,0,NA,18.5,34.7583,NA,NA,67.7883,4.787,NA,1,33.2265,1,51.9352,7,3,0,0,35.2,NA,NA,NA,NA,NA,1.27,3.611,NA,NA,NA,NA,NA,NA,NA,NA,87.8542,NA,NA,23.1,2.5,2.5,17,158.529,22,NA,41.825,NA,NA,NA,NA,NA,NA,NA,NA,NA,26.8,NA,NA,41,5,44,NA,NA,4.5
8387,30.8807,3.807,1,-6.31e-17,NA,1,NA,0,0,4.833,NA,1,1.5,7,53.6667,NA,NA,2.3,1,0.333333,4.738,NA,NA,NA,0,12.2,89.6552,NA,0.058,49,52,21.6523,NA,30.3333,NA,15.9,NA,16.0781,0.12492,NA,28,4.55,NA,NA,2,0,NA,NA,31.4561,29.969,NA,69.5318,3.358,NA,0,38.011,1,53.3083,5,3,0,0,37,NA,NA,NA,NA,59.6757,NA,5.447,NA,0.00716459,NA,NA,NA,NA,NA,NA,90.5278,NA,NA,23.4,0.167,0,18,169.976,23,NA,35.5104,0.00724851,NA,NA,NA,NA,NA,NA,NA,NA,32.1,NA,NA,44,1,57.8,NA,0.398867,2.333
8388,31.6882,4.223,1,6.61e-21,NA,1.5,NA,0,1,6.167,24.6,0,1,7.2,55.5,NA,NA,2.5,1,48.3375,4.904,NA,NA,NA,0,10.5,96.75,NA,NA,46,60,21.3076,NA,24,NA,16,35.2,16.29,0.158669,NA,14,4.43,NA,NA,2,0,NA,22.1,29.1526,20.0464,NA,69.3787,2.302,NA,0,39.2557,1,50.7777,5,3,0,0,32,NA,NA,NA,NA,-1.81e-14,NA,3.668,NA,0.00722568,NA,NA,NA,NA,NA,NA,67.4,NA,NA,20.7,0,2.333,19,165.662,21,NA,NA,0.0104052,NA,NA,NA,NA,NA,NA,NA,NA,26.6,NA,NA,34,2.167,40.5,NA,2.26862,0.5
8389,30.2608,5.079,1,NA,NA,0.75,NA,0,1,6.833,23.8,0,1,6.5,NA,NA,NA,2.5,1,NA,5.324,NA,NA,NA,0,10.2,NA,NA,0.156,50,63,11.6637,NA,27.2,NA,17.4,32.6,17.6889,NA,NA,19,3.157,NA,NA,2,0,NA,20.6,35.4555,NA,NA,64.8127,6.396,NA,0,29.3878,1,47.0942,5,3,0,0,28.9,NA,NA,NA,NA,NA,2.64,5.8,NA,NA,NA,NA,NA,NA,NA,NA,81.6,NA,NA,18.1,0.167,2.5,19,156.875,26,NA,32.8333,NA,NA,NA,NA,NA,NA,NA,NA,NA,26,NA,NA,38,0.5,47,NA,NA,2.667
8395,46.372,4.499,1,NA,NA,0.75,NA,0,1,2.333,24.4,0,1,8,NA,NA,NA,2.7,0,NA,4.789,NA,NA,NA,0,12,NA,NA,0.035,35,69,21.0941,NA,36.25,NA,20.7,31.9,16.7726,NA,NA,23,2.389,NA,NA,2,0,NA,22.6,31.0774,NA,NA,69.2602,4.117,NA,0,38.1396,0,52.3159,5,3,0,0,29.8,NA,NA,NA,NA,NA,0.846,4.068,NA,NA,NA,NA,NA,NA,NA,NA,76.8403,NA,NA,18.1,0.333,0.667,27,162.165,22,NA,33.3333,NA,NA,NA,NA,NA,NA,NA,NA,NA,29.1,NA,NA,40,0.333,49.1667,NA,NA,1.833
8411,34.6278,NA,NA,NA,NA,NA,NA,NA,NA,NA,21.5,NA,NA,NA,NA,NA,NA,NA,NA,NA,NA,NA,NA,NA,NA,NA,NA,NA,0.082,NA,NA,22.2607,NA,25,NA,15.5,25.8,18.4664,NA,NA,NA,NA,NA,NA,NA,NA,NA,19.6,25.7428,NA,NA,66.5562,NA,NA,NA,40.7591,NA,48.0239,NA,NA,NA,NA,24.2,NA,NA,NA,NA,NA,0.894,NA,NA,NA,NA,NA,NA,NA,NA,NA,86.6875,NA,NA,9.3,NA,NA,NA,184.665,NA,NA,27.1667,NA,NA,NA,NA,NA,NA,NA,NA,NA,27.3,21.4,NA,NA,NA,69,NA,NA,NA
8412,35.6714,4.99,0,0,NA,0,NA,0,0,7.8,NA,0,0,7.5,57,NA,NA,3.2,1,40.0475,4.561,NA,NA,NA,0,5.6,97.5,NA,0.06,NA,NA,18.5941,NA,NA,NA,12.3,NA,15.9943,0.155034,NA,8,4.863,NA,NA,2,0,NA,NA,22.3031,21.772,NA,57.09,5.112,NA,1,34.6686,1,40.8893,7,3,0,0,22.1,NA,NA,NA,NA,0,0.399,6.045,NA,0.00525357,NA,NA,NA,NA,NA,NA,NA,NA,NA,6.7,1.333,2.667,20,172.804,10,NA,NA,0.00988099,NA,NA,NA,NA,NA,NA,NA,NA,23.1,NA,NA,NA,0.333,NA,NA,2.26459,4
8420,30.0955,4.341,0.5,NA,NA,0.75,NA,0,1,5.4,22.2,1,0,9,NA,NA,NA,3.1,1,NA,4.716,NA,NA,NA,0,12,NA,NA,NA,41,56,18.8384,NA,NA,NA,17,28.6,17.0903,NA,NA,14,4.271,NA,NA,3,0,NA,18.4,28.2882,NA,NA,63.8651,4.877,NA,0,35.674,0,47.2227,7,3,0,0,NA,NA,NA,NA,NA,NA,NA,4.965,NA,NA,NA,NA,NA,NA,NA,NA,NA,NA,NA,NA,0,2.167,20,156.536,15,NA,NA,NA,NA,NA,NA,NA,NA,NA,NA,NA,31.8,20.1,NA,28,0.2,NA,NA,NA,0.833
8422,31.8918,4.084,0,NA,NA,0,NA,0,1,6.5,NA,1,0.5,6.5,NA,NA,NA,3,1,NA,5.274,NA,NA,NA,0,8.3,NA,NA,NA,172,106,NA,NA,NA,NA,NA,NA,NA,NA,NA,128,4.048,NA,NA,3,0,NA,NA,166.574,NA,NA,NA,5.56,NA,0,NA,0,NA,5,3,0,0,NA,NA,NA,NA,NA,NA,NA,4.853,NA,NA,NA,NA,NA,NA,NA,NA,NA,NA,NA,NA,1.667,1.25,53,196.188,168,NA,NA,NA,NA,NA,NA,NA,NA,NA,NA,NA,NA,NA,NA,250,0.4,NA,NA,NA,1.333
8423,33.1707,3.651,0.5,NA,NA,1,NA,0,0,4.833,NA,0,1,7.2,NA,NA,NA,3,0,NA,3.272,NA,NA,NA,0,12.7,NA,NA,0.179,53,70,26.1911,NA,NA,NA,21.2,NA,18.7151,NA,NA,33,3.429,NA,NA,2,0,NA,NA,47.1974,NA,NA,91.6554,5.415,NA,0,44.5979,0,73.5162,5,3,0,0,NA,NA,NA,NA,NA,NA,1.1,5.227,NA,NA,NA,NA,NA,NA,NA,NA,NA,NA,NA,NA,0.5,2.833,24,182.011,28,NA,NA,NA,NA,NA,NA,NA,NA,NA,NA,NA,33.7,NA,NA,44,4.333,NA,NA,NA,2.167
8424,38.9751,5.377,0.75,2.1e-15,452.602,0.75,1,0,1,8.667,43.8,1,1,6.2,1.04e-14,1,1,4.1,1,-4.9e-16,5.963,1.42444,0.4589,1.17039,0,9.5,-2.11e-14,1,5.958,51,46,29.7236,6.35709,21.6667,NA,13,74,9.35774,0.103447,41.5,36,5.102,1,7.55,2,0,1.8,28.6,59.1042,264,29124.7,97.6757,5.614,86.9584,0,38.8292,1,88.7193,5,3,0,1,NA,2.3992,8674.62,1,0.245554,NA,1.8633,2.173,9,0.00349692,1.49401,1,13.8,81.1612,24.3,0,92.2167,0,30029.6,NA,4.333,5,13,159.533,37,1,44.2014,0.00929748,8708.11,3.26528,0.0301,189,93.7451,1.5,0,63.7463,29.2,30.9,8.26295,63,6.667,35.3333,13896.3,NA,4.667
8426,34.0858,3.991,0.75,NA,NA,0.75,NA,0,1,4,18.6,0,0.75,8,NA,NA,NA,3.5,1,NA,3.956,NA,NA,NA,0,12.5,NA,NA,0.017,31,49,19.1329,NA,NA,NA,15.6,24.8,18.7515,NA,NA,12,5.198,NA,NA,3,0,NA,17.9,25.5211,NA,NA,62.5517,3.175,NA,0,37.5198,0,45.0896,6,3,0,0,23.9,NA,NA,NA,NA,NA,0.709,4.831,NA,NA,NA,NA,NA,NA,NA,NA,NA,NA,NA,11.1,0,0.167,14,166.098,11,NA,NA,NA,NA,NA,NA,NA,NA,NA,NA,NA,27,NA,NA,26,0.5,NA,NA,NA,1.167
8430,30.769,4.151,NA,NA,NA,NA,NA,NA,NA,2.167,35.2,NA,NA,NA,NA,NA,NA,NA,NA,NA,4.898,NA,NA,NA,NA,NA,NA,NA,1.116,NA,NA,36.4879,NA,NA,NA,17,62.9,27.1982,NA,NA,NA,5.223,NA,NA,NA,NA,NA,26.4,131.032,NA,NA,131.937,4.371,NA,NA,63.7053,NA,104.117,NA,NA,NA,NA,NA,NA,NA,NA,NA,NA,1.958,5.445,NA,NA,NA,NA,NA,NA,NA,NA,NA,NA,NA,NA,0.167,1.667,NA,188.383,NA,NA,NA,NA,NA,NA,NA,NA,NA,NA,NA,NA,33.2,32.6,NA,NA,1.167,NA,NA,NA,1.2
9057,30.5852,4.23,0.75,NA,NA,1,NA,0,0,7,33.2,0,0.75,7.8,NA,NA,NA,3.2,1,NA,3.697,NA,NA,NA,0,12.5,NA,NA,0.175,60,76,26.8109,NA,NA,NA,23.4,46.9,13.4604,NA,NA,26,1.213,NA,NA,3,0,NA,28.2,40.2577,NA,NA,81.0544,4.977,NA,0,44.7243,0,66.9444,5,4,0,0,NA,NA,NA,NA,NA,NA,0.418,3.826,NA,NA,NA,NA,NA,NA,NA,NA,NA,NA,NA,NA,1,0.5,40,180.312,42,NA,NA,NA,NA,NA,NA,NA,NA,NA,NA,NA,33.1,NA,NA,38,0,NA,NA,NA,3.667
9058,28.9507,4.17,0,NA,NA,0,NA,0,1,6.5,125,1,0.5,NA,NA,NA,NA,NA,1,NA,4.876,NA,NA,NA,0,NA,NA,NA,3.971,128,101,NA,NA,NA,NA,15,NA,NA,NA,NA,96,4.466,NA,NA,2,0,NA,28.5,168.391,NA,NA,NA,5.757,NA,1,NA,0,NA,7,4,0,0,200,NA,NA,NA,NA,NA,2.331,4.513,NA,NA,NA,NA,NA,NA,NA,NA,NA,NA,NA,NA,1.667,1.333,38,181.68,60,NA,NA,NA,NA,NA,NA,NA,NA,NA,NA,NA,38,NA,NA,250,1.667,NA,NA,NA,3.833
100000,22.3056,NA,0,NA,NA,1,NA,0,0,NA,NA,0,0,6.1,NA,NA,NA,2.8,1,NA,NA,NA,NA,NA,0,8.4,NA,NA,NA,35,58,18.8497,NA,NA,NA,NA,NA,23.2151,NA,NA,12,NA,NA,NA,2,0,NA,NA,24.591,NA,NA,65.9456,NA,NA,1,41.5888,0,43.3572,5,3,0,0,NA,NA,NA,NA,NA,NA,NA,NA,NA,NA,NA,NA,NA,NA,NA,NA,NA,NA,NA,NA,NA,NA,20,166.296,10,NA,NA,NA,NA,NA,NA,NA,NA,NA,NA,NA,NA,NA,NA,27,NA,NA,NA,NA,NA
