Genotype,Seed,Long_Stamens,Short_Stamens,Petal_Area,Petal_Length,Petal_Width,Sepal_Area,Sepal_Length,Sepal_Width,Leaf_Area,Leaf_Length,Leaf_Width
8354,80,3.124,2.48566666666667,1.371,2.73225,0.859,0.9705,2.0915,0.63725,76.318,16.844,8.169
2278,76,2.4715,2.325,1.156,2.57175,0.808,0.88975,2.022,0.608,35.913,13.494,5.713
9830,74,3.2085,2.569,1.81825,3.308,1.11925,1.087,1.871,0.7715,56.697,14.331,7.492
9839,74,2.73066666666667,2.638,2.06675,3.101,1.22375,1.00975,1.92325,0.70825,35.49,13.697,5.895
403,72,2.712,2.5225,1.881,3.225,1.116,1.002,2.04925,0.68425,39.232,13.911,5.683
6923,72,2.47466666666667,2.338,1.1705,2.57475,0.821,0.94925,1.96725,0.64925,33.927,11.939,5.366
7327,72,2.74675,2.0255,1.1095,2.65175,0.80125,0.91675,1.7885,0.706,54.722,19.623,6.302
7333,72,2.84075,2.298,1.28675,3.02425,0.80425,0.956,1.9625,0.6525,52.764,16.66,6.747
9660,72,2.579,2.36566666666667,0.99975,2.7125,0.6845,1.0435,2.00825,0.71175,40.399,12.941,6.15
9847,71,2.4714,1.848,1.185,2.64925,0.86875,1.15875,1.9705,0.786,56.563,17.466,6.768
9897,71,2.87566666666667,2.5485,2.2425,3.45875,1.137,1.2375,2.267,0.756,75.396,17.977,7.805
9781,70,2.2335,2.012,1.241,2.434,0.86875,1.131,1.85025,0.8415,37.565,13.13,5.761
9823,70,2.5055,1.913,1.286,2.63875,0.903,0.9945,2.0175,0.6895,34.446,11.7155,5.967
9534,69,2.6445,2.34,1.31625,2.664,0.9265,0.85625,1.8015,0.64525,50.602,15.974,6.715
6951,69,1.3835,1.302,0.9005,2.1505,0.74275,0.75875,1.74425,0.626,29.752,9.415,5.655
6970,68,2.956,2.813,1.8765,3.322,1.0925,0.98375,2.015,0.7495,26.303,10.997,5.318
7337,68,3.014,1.338,1.5945,3.26375,0.92725,1.18925,2.174,0.8465,37.106,11.695,5.889
9873,68,2.77733333333333,2.35,1.99875,3.312,1.14575,1.199,2.0905,0.7435,52.189,18.485,6.35
6008,67,2.80466666666667,2.40766666666667,1.90525,3.3495,1.12375,1.1145,2.0845,0.7165,32.198,9.631,5.366
7062,67,2.87025,2.61,2.06566666666667,3.36833333333333,1.23866666666667,1.497,2.17025,0.972,48.036,13.926,7.329
8357,67,2.44175,1.349,1.48275,2.85525,1.03425,0.9735,1.88475,0.74925,14.347,8.056,3.778
9526,67,2.57,1.94375,0.96025,2.36925,0.81725,0.8585,1.65775,0.698,34.355,11.791,5.305
9560,67,2.486,2.22733333333333,1.693,2.99975,1.021,1.0405,1.88825,0.75075,40.98,14.8,5.948
9657,67,2.768,2.72,1.1055,2.74125,0.806,1.1565,1.98875,0.801,41.422,12.301,7.119
9726,67,2.90575,2.295,1.9415,3.2755,1.086,1.301,2.14,0.8345,52.382,15.691,6.668
9609,67,2.512,2.2915,0.9865,2.657,0.763,0.70825,1.6555,0.5985,31.084,11.752,5.092
5353,67,2.46866666666667,2.179,1.171,2.55325,0.8805,1.0035,2.07175,0.71175,58.095,16.704,6.988
9647,66,2.54166666666667,2.536,1.2335,2.4505,0.86075,0.96475,1.81975,0.70275,32.029,15.204,4.854
9779,66,2.83033333333333,2.58866666666667,2.052,3.41475,1.09475,1.3245,2.12225,0.84025,53.397,15.082,7.017
7394,66,2.2545,1.443,2.52575,3.1935,1.28475,1.684,2.60525,0.928,45.657,12.792,7.263
6943,66,1.32,1.19425,0.618,1.98775,0.57775,0.86675,1.80575,0.651,NA,NA,NA
9571,66,1.84766666666667,1.4525,1.33175,3.009,0.873,0.9005,1.906,0.664,53.364,14.788,6.775
9651,65,2.786,2.0625,2.0345,3.1515,1.1905,1.09575,1.9655,0.75075,68.375,15.014,7.658
9725,65,2.689,2.242,1.379,2.9388,0.9556,0.9865,1.83,0.7455,56.42,12.694,7.497
9799,65,2.653,2.2855,0.96375,2.6445,0.68625,1.0195,1.80825,0.75225,36.737,11.263,5.928
7158,64,2.4405,1.881,1.961,2.8215,1.22675,1.09925,2.07,0.724,48.409,14.536,6.72
7250,64,3.021,2.68566666666667,4.35325,3.99825,1.82975,1.473,2.27575,0.882,47.005,10.154,7.805
7328,64,2.65075,2.196,0.97275,2.42575,0.79825,0.91425,1.7265,0.7795,47.357,13.575,6.484
9573,64,2.215,1.517,1.114,2.42675,0.88475,0.90925,1.881,0.67225,45.612,14.028,6.122
7319,63,2.45725,2.288,1.1574,2.753,0.7762,0.84725,1.76125,0.6375,57.063,14.769,7.528
9776,63,2.5235,2.36025,2.23025,3.33075,1.26875,1.4375,2.16225,0.9225,51.797,15.224,6.604
9817,63,1.949,0.797,1.37675,2.2975,0.971,1.25433333333333,2.01133333333333,0.898,43.155,13.046,6.816
9883,63,2.526,2.134,1.4625,2.5455,1.06875,0.933,1.66825,0.73375,46.377,14.453,6.581
2317,62,2.3215,1.317,1.08225,2.58425,0.81625,0.99775,1.92875,0.7175,41.867,14.261,6.268
7217,62,2.41866666666667,2.00366666666667,1.123,2.589,0.8325,0.89825,1.7525,0.72025,31.726,11.885,5.564
7382,62,2.98733333333333,2.55066666666667,1.66775,3.15575,0.96625,1.19225,1.927,0.87525,51.052,14.516,7.191
6971,61,3.14766666666667,2.50933333333333,1.76725,3.474,1.0715,1.09875,2.0065,0.74625,77.501,19.208,7.426
7268,61,2.43333333333333,1.883,1.511,2.95925,0.96975,0.9045,1.9245,0.69525,43.717,13.63,6.581
9510,61,1.92575,1.575,0.83425,2.07,0.7405,0.78275,1.651,0.67075,34.163,12.595,5.175
9515,61,2.90966666666667,2.417,1.228,2.757,0.8665,0.98825,1.90875,0.70475,34.754,12.447,5.2
9559,61,2.69633333333333,2.098,1.5295,2.90125,0.899,0.963333333333333,1.93033333333333,0.669,66.862,16.945,7.291
9585,61,2.3276,2.03,1.57975,2.93925,1.064,0.91675,1.907,0.682,50.949,13.482,6.745
5907,60,2.783,2.62,1.55,2.8805,0.94225,1.037,1.951,0.7735,32.843,11.718,5.738
7236,60,2.1755,1.639,1.08,2.50575,0.89625,0.87425,1.73,0.71325,45.404,13.882,6.445
9653,60,1.692,1.252,0.94975,2.4045,0.818,0.79,1.69675,0.637,44.654,14.465,6.636
9800,60,3.0255,2.438,2.9625,3.7135,1.46875,1.42275,2.231,0.84175,41.375,15.052,5.806
7347,59,2.5165,2.329,1.706,3.1555,1.0365,1.245,2.33525,0.74575,53.394,14.196,7.286
8419,59,2.577,2.4355,2.03925,3.316,1.07075,1.4835,2.1675,0.99575,116.422,19.736,9.919
8386,59,2.5235,2.279,1.45075,2.99525,0.94375,1.109,2.01075,0.7535,49.841,11.977,7.114
5984,58,2.827,2.308,1.7028,3.1818,1.0256,1.005,1.95075,0.7235,36.548,11.259,5.715
6424,58,2.41375,1.977,2.069,3.21333333333333,1.1,1.08275,2.09125,0.708,NA,NA,NA
6898,58,2.345,1.90975,1.2955,2.72675,0.90875,1.20075,2.07075,0.7825,38.825,12.309,5.651
7081,58,2.466,1.767,1.58325,3.03225,0.9475,1.29675,1.93425,0.9045,35.702,11.701,5.458
7127,58,2.3125,2.2625,1.0675,2.30025,0.8645,1.00075,1.8435,0.71975,28.013,9.499,5.325
8420,58,2.68166666666667,2.11066666666667,1.76375,3.01225,1.2005,1.175,2.0825,0.816,57.665,15.751,6.712
7163,57,2.277,1.8585,1.7635,2.71925,1.13675,1.4115,2.21775,0.9525,40.595,10.539,6.487
8365,57,2.58,1.848,1.97525,3.309,1.15075,1.1345,1.9975,0.78425,46.759,12.709,6.574
9629,57,2.96366666666667,2.455,1.61,2.9975,0.95875,0.7985,1.922,0.5515,42.805,12.234,6.273
6390,56,2.879,2.778,1.5015,2.85,0.96525,1.31175,2.02875,0.929,55.237,13.447,7.144
7028,56,2.748,2.2445,1.4125,2.52275,1.09025,1.081,1.94425,0.75275,32.5,9.895,5.962
6958,55,1.84775,1.721,1.17025,2.36025,0.91975,1.38375,2.02075,0.92,48.491,14.176,6.53
9509,55,2.676,2.27133333333333,1.67375,2.881,1.17825,1.18075,2.09025,0.778,39.004,12.963,6.429
9835,55,2.921,2.4715,1.43325,3.144,0.897,1.164,2.191,0.746,39.436,14.664,5.714
7186,55,2.928,2.384,2.406,3.8265,1.15575,1.24725,2.30375,0.7475,67.992,15.314,7.809
9813,55,2.346,2.0145,1.10175,2.45675,0.819,1.01,2.03975,0.6865,64.945,17.016,7.483
9512,54,2.38233333333333,2.367,1.1845,2.54875,0.92,0.86375,1.80125,0.682,45.866,14.704,6.504
9868,54,2.515,2.013,1.27325,2.5055,0.992,1.11775,1.8595,0.816,55.982,13.925,7.303
5800,53,2.8105,2.322,1.81875,3.124,1.07175,1.135,2.02325,0.73725,70.776,20.616,7.775
7077,53,2.29,1.382,0.79925,2.4865,0.72275,1.026,1.916,0.786,45.273,12.644,6.695
9519,53,1.7595,1.5555,0.6935,1.8725,0.75125,0.763,1.61775,0.66075,60.069,17.712,7.183
9697,52,2.29425,1.404,0.99425,2.5215,0.7835,0.881,1.659,0.736,33.942,13.359,5.179
7063,52,2.78666666666667,2.25633333333333,1.41725,3.06425,0.78875,1.029,2.07375,0.675,59.879,14.49,7.268
9822,52,3.18433333333333,2.882,1.46675,3.15275,0.9765,0.82,1.844,0.6605,41.682,15.173,6.191
10002,52,3.133,2.5775,1.43225,3.156,0.99,1.11275,1.959,0.7425,50.209,14.989,6.791
9590,50,1.79133333333333,1.751,0.74875,2.1625,0.66125,0.805,1.7685,0.633,53.346,17.897,5.98
8264,49,2.0296,1.443,1.56675,2.5885,1.12075,1.03525,1.9675,0.811,40.16,10.982,6.342
8337,72,2.385,1.7,0.5595,2.02425,0.52725,0.7275,1.717,0.597,47.718,12.314,7.048
9606,43,2.66425,2.2185,1.5345,2.95775,0.91775,1.06175,2.089,0.6865,83.913,19.415,7.795
6911,38,2.60075,1.897,1.50625,3.0225,0.9535,0.9125,1.986,0.66375,41.578,15.387,5.683
8312,79,3.0095,2.889,2.34725,3.53075,1.17575,1.278,2.20025,0.963,47.29,16.418,6.504
9810,78,1.6695,1.248,1.37225,3.05725,0.89325,1.088,2.16325,0.68575,35.853,10.583,5.891
765,76,2.5335,2.3195,0.98825,2.56225,0.6925,0.813,1.7095,0.665,27.135,8.279,5.937
9784,73,3.00066666666667,2.59066666666667,1.56425,3.06025,0.936,1.3465,2.18825,0.91875,23.055,8.265,4.906
7031,72,2.66033333333333,2.138,1.71175,3.125,1.0155,1.212,2.12175,0.77575,34.232,11.612,5.947
7404,71,2.5115,2.131,1.5755,2.963,1.03275,1.02775,2.07175,0.70025,60.61,15.912,6.921
7067,70,2.49633333333333,1.98,1.05325,2.5015,0.7275,1.07125,1.87425,0.76425,35.793,13.353,5.773
9788,70,1.9954,1.421,1.1335,2.51525,0.873,0.8915,1.8155,0.671,43.47,12.2,6.631
9899,70,2.8095,2.394,1.4355,3.04925,0.954,1.285,1.99725,0.87075,52.565,15.027,6.382
7296,69,2.8565,2.1695,2.50625,3.47725,1.2695,1.526,2.2675,0.92925,36.075,11.941,5.632
7071,69,2.44333333333333,2.3075,1.54575,2.84275,1.04375,0.83275,1.808,0.6125,37.427,13.994,5.588
7013,68,2.66575,2.3345,2.29525,3.10675,1.369,1.095,1.8805,0.7805,40.005,14.217,6.062
7514,68,2.279,1.8265,1.206,2.63175,0.8245,0.987,1.95275,0.6915,43.426,12.236,6.287
6042,67,2.6565,2.0835,1.5755,3.05,0.9795,1.02425,1.88425,0.72775,33.691,11.358,6.004
7349,67,2.57575,2.108,1.79675,2.92525,1.15025,1.03075,1.893,0.7325,53.324,14.134,7.31
9778,67,3.315,3.172,2.096,3.407,1.055,1.18075,2.16775,0.80275,NA,NA,NA
9797,67,2.50233333333333,0.776,1.773,2.9355,1.09625,1.10575,1.99975,0.736,62.074,13.996,7.652
7209,66,3.26733333333333,2.9315,2.01975,3.62425,1.092,1.21325,2.07125,0.81375,45.591,13.003,6.205
9811,65,2.448,2.113,1.23025,2.63725,0.83125,1.07475,2.00175,0.709,48.289,14.125,6.763
8285,64,1.8345,1.6825,1.022,2.334,0.85175,1.046,1.94675,0.747,54.154,13.462,7.753
9513,64,2.9605,2.51366666666667,1.39225,2.87625,0.9705,1.0405,1.86275,0.74625,35.827,14.714,5.604
9815,64,2.397,1.608,1.41075,2.82125,1.03525,0.84775,1.651,0.7045,76.04,18.359,8.191
351,63,3.0735,2.7945,1.7885,3.03675,1.10775,1.11325,2.02125,0.7585,65.858,17.516,7.768
6180,63,2.62066666666667,2.13033333333333,1.54625,2.998,1.00525,1.045,1.942,0.70075,73.601,17.956,7.446
7177,63,2.34075,1.951,2.02375,3.10075,1.18425,1.076,1.97475,0.76225,50.149,12.524,6.972
9705,63,2.6955,2.633,1.8155,3.22875,1.0725,0.9195,1.94775,0.6225,17.366,8.7,3.466
9968,63,2.235,1.7965,1,2.44425,0.736,0.88675,1.6885,0.71225,26.99,10.122,5.243
350,62,2.4828,2.424,1.3588,2.6654,0.9916,1.16475,1.93025,0.81475,32.864,10.305,5.867
9103,62,2.168,1.717,1.08275,2.5925,0.75525,0.85,1.80575,0.635,41.179,13.28,6.26
7298,62,2.2365,1.759,1.16075,2.457,0.81875,0.83375,1.66675,0.64775,50.805,13.694,7.226
6966,61,2.359,2.1965,1.52525,2.842,1.01625,1.0465,2.03675,0.7455,32.331,10.268,5.683
7072,61,2.52,2.3125,1.73725,2.89225,0.99325,1.20875,2.06675,0.7715,33.048,10.576,6.117
7255,61,2.68575,2.314,1.7395,2.9125,1.06725,1.1855,1.92375,0.84375,31.303,11.523,5.314
6979,60,1.9915,1.6065,1.2045,2.70975,0.95675,0.93775,1.81575,0.72725,24.208,10.962,3.892
7026,60,2.094,1.77033333333333,0.9125,2.2255,0.72175,0.9035,1.87675,0.69275,42.103,11.559,6.16
9622,60,3.04475,2.5825,1.47425,2.999,0.973,1.079,1.98625,0.74525,59.343,13.286,7.478
9801,60,2.61775,2.252,1.3475,2.79075,0.95475,1.0805,1.98375,0.74525,35.396,10.325,6.152
7143,59,2.62675,2.2375,2.22,3.451,1.13875,1.2845,2.19875,0.7795,36.992,12.884,5.399
7273,59,2.56175,2.203,2.1705,3.1845,1.28025,1.217,1.9855,0.81025,43.564,14.122,6.506
7387,59,2.605,2.102,1.333,2.6655,0.92975,1.02475,1.861,0.74725,86.894,15.084,9.868
9789,59,3.134,2.907,1.514,2.82975,0.997,0.97325,1.97175,0.682,30.763,11.019,5.112
6984,58,2.6825,2.6515,1.89625,3.477,1.13125,1.1555,2.16425,0.72125,47.224,14.285,6.974
9649,58,2.6815,2.58066666666667,1.3895,3.21325,0.89975,1.04725,1.975,0.70325,37.957,13.2,5.715
9791,58,2.3445,2.2495,1.47125,2.92175,1.0605,0.88,1.62975,0.7895,30.547,11.076,5.476
9805,58,2.7245,2.44966666666667,1.91575,3.4245,1.0965,1.0495,1.992,0.667,24.962,9.821,4.666
9413,58,2.429,1.834,1.45675,2.82075,0.98275,0.8215,1.78525,0.74425,42.281,14.839,5.852
6039,57,2.9135,2.376,2.97625,3.60325,1.48925,1.21925,2.16525,0.759,58.635,14.932,7.64
7218,57,2.3795,2.009,1.741,2.969,1.11125,1.269,2.031,0.88225,43.687,11.528,6.6
9836,57,2.556,1.72425,1.29425,2.5295,0.923,0.928,1.64325,0.75925,46.956,14.091,6.512
9938,57,2.27966666666667,1.502,1.073,2.70625,0.84975,0.93725,1.71975,0.7185,52.78,15.499,7.102
5644,56,2.3158,1.995,1.374,2.61625,0.92775,0.7576,1.656,0.6504,52.428,15.5,6.876
7165,56,2.832,2.4625,2.00475,3.393,1.17075,1.29225,2.259,0.77875,63.746,14.457,8.033
7231,56,3.347,2.695,1.953,3.22875,1.0755,1.372,2.08825,0.90325,27.567,9.522,5.273
9853,56,2.328,1.908,0.9255,2.53375,0.7855,0.87875,1.65025,0.71475,41.013,14.075,6.12
10020,56,2.4692,1.366,1.069,2.7505,0.76,1.06375,1.84075,0.807,43.531,12.663,6.443
7162,55,2.42566666666667,2.332,1.29775,2.5715,0.8415,0.947,1.78575,0.715,38.55,11.638,6.205
9713,55,2.202,1.114,0.929,2.18275,0.73825,1.0675,2.04875,0.71975,57.846,15.274,7.492
9785,55,2.543,1.9875,1.965,2.88325,1.17825,1.1755,1.9725,0.8035,43.042,11.638,6.842
6188,54,2.4592,2.134,3.088,3.5965,1.3825,1.3085,2.2795,0.76975,37.273,11.579,6.104
8214,54,2.04233333333333,1.816,1.084,2.4645,0.8905,0.7355,1.69875,0.6295,49.571,15.278,6.031
8311,54,2.033,1.6738,0.9875,2.1165,0.89375,0.998,1.80775,0.76075,45.773,12.87,6.477
9808,54,2.774,2.65675,1.3972,2.4764,0.9624,1.285,2.1015,0.88225,42.542,12.478,6.336
9522,54,2.342,1.6755,0.914666666666667,2.73333333333333,0.708666666666667,0.679,1.6245,0.543,39.44,12.127,6.777
5811,53,2.718,2.55675,1.90625,3.09875,1.16575,0.96825,1.75725,0.70875,70.021,17.2,8.16
7372,53,2.44625,1.7695,1.55625,2.74625,1.0505,0.9995,1.90775,0.71175,73.781,15.793,7.77
9578,53,3.03875,2.4975,1.5295,3.226,0.972,1.06975,2.03725,0.7795,43.999,14.91,6.283
9825,53,2.54233333333333,2.118,1.252,2.881,0.858,1.00325,1.764,0.7395,NA,NA,NA
9882,53,2.17666666666667,1.6265,1.18275,2.6125,0.844,0.79875,1.67,0.68225,61.346,14.816,7.266
9928,53,2.3625,1.91666666666667,1.041,2.52275,0.83075,0.9695,1.821,0.726,36.887,10.913,6.145
9659,53,2.57625,2.494,1.29875,2.813,0.78775,0.875,1.9982,0.6134,34.752,12.379,5.54
7258,52,2.161,1.8055,1.55075,2.54725,1.0515,1.007,1.68725,0.8045,43.4,10.104,6.532
9814,52,2.686,2.32466666666667,1.576,2.97675,1.014,1.025,1.827,0.75425,46.855,14.557,6.44
6967,51,2.8675,2.68133333333333,1.29425,2.70125,0.891,0.84475,1.61875,0.81,48.031,15.038,6.248
7119,51,2.5465,1.8365,1.62425,3.04125,1.10775,0.939,1.93,0.63725,53.822,14.747,7.1
7288,51,2.3545,2.053,1.69,2.72225,1.03675,1.03075,1.7805,0.77825,50.034,12.335,6.907
7287,51,2.449,1.42466666666667,1.083,2.63875,0.8145,0.68325,1.736,0.5535,44.314,15.211,5.8
9812,49,2.64325,2.2705,1.7224,3.1746,1.0484,0.8592,1.8724,0.6214,49.282,12.715,7.299
7282,48,2.955,2.528,2.05925,3.0625,1.22125,1.07575,1.9945,0.7295,35.253,11.741,5.724
9506,48,2.52475,2.193,1.61925,3.08425,1,1.06425,1.951,0.7395,51.008,15.506,6.364
9769,48,3.03366666666667,2.6575,2.39725,3.6605,1.24875,1.25475,2.12875,0.814,48.273,11.357,7.094
6922,48,2.66975,1.911,1.065,2.7225,0.73325,0.9955,1.8705,0.72025,29.502,10.988,4.921
9833,47,2.16366666666667,1.76,1.43275,2.79075,1.067,0.80125,1.713,0.64075,35.574,12.786,5.366
9969,47,2.585,1.881,1.486,3.05775,0.87475,0.9275,1.89175,0.65925,48.601,14.8,6.332
7396,45,2.4002,1.885,1.61075,2.8145,1.03375,0.805,1.66575,0.6255,67.773,17.42,8.084
9960,44,2.2695,1.4985,1.11175,2.62025,0.77775,0.83925,1.81925,0.6755,33.056,13.803,5.408
9962,43,2.611,2.1084,1.221,2.713,0.76025,0.8995,1.7815,0.70475,45.425,13.539,6.731
9794,74,2.802,2.69933333333333,2.42366666666667,3.23933333333333,1.34866666666667,1.46075,2.206,0.90025,49.662,14.704,6.858
7521,73,2.76225,2.2295,3.11625,3.73925,1.49975,1.15275,1.97775,0.7755,30.404,10.735,5.298
5104,72,2.81233333333333,2.66,1.86025,3.2495,1.02475,1.17275,2.06575,0.75825,22.206,8.448,4.696
7418,72,3.0354,1.963,1.94825,3.54275,1.10675,1.20525,2.07575,0.7745,NA,NA,NA
9775,71,2.569,2.426,1.09,2.6415,0.85825,1.09675,1.9205,0.77225,31,10.814,5.594
7383,70,2.28866666666667,2.164,1.37857142857143,2.54142857142857,1.039,0.649833333333333,1.438,0.623666666666667,33.035,10.366,5.97
9777,70,2.274,2.01425,1.249,2.36825,0.92675,0.9365,1.74125,0.71225,59.286,17.197,7.279
9782,70,2.746,2.593,2.68525,3.46375,1.35575,1.28225,2.01425,0.82925,33.968,11.185,5.747
159,69,2.99,2.86475,2.24225,3.31075,1.2175,0.9985,1.91075,0.72475,43.67,15.143,6.19
9978,69,2.452,2.0046,1.543,2.676,1.0215,1.108,1.853,0.799,32.457,9.59,5.588
7384,69,2.691,2.01125,1.75325,3.1375,1.06025,1.25025,2.06825,0.84725,46.407,14.618,6.429
7378,68,3.022,2.5915,2.734,3.71075,1.30625,1.252,2.08,0.809,30.507,11.645,5.31
9891,68,2.9425,2.543,1.51725,3.0125,1.0585,1.092,2.0405,0.75475,55.595,17.282,6.715
8256,68,2.891,2.303,1.86075,2.9385,1.14675,1.09625,1.8855,0.80875,43.436,12.231,6.707
8366,67,2.23333333333333,1.79833333333333,1.46875,2.66775,0.9495,1.075,1.90525,0.7875,36.836,11.558,5.517
6193,66,2.75875,2.517,3.45075,3.78975,1.515,1.5305,2.278,0.9005,44.171,11.608,6.663
9786,66,2.7355,2.4745,2.66225,3.73925,1.28275,1.19825,2.03275,0.76175,39.279,12.429,6.396
9803,66,2.12775,1.6525,1.78675,2.637,1.178,1.0765,1.795,0.804,39.069,13.927,5.456
6919,65,2.62633333333333,2.3335,2.9405,3.3855,1.54275,1.2925,2.03425,0.84025,37.48,9.878,6.222
8235,65,2.636,2.22133333333333,2.4345,3.37425,1.29775,1.20625,1.994,0.789,24.108,8.383,5.375
8343,65,2.7185,2.6545,2.184,3.147,1.28575,1.05925,1.8925,0.745,40.49,12.673,6.096
9806,65,3.07625,2.7835,2.8065,3.9525,1.693,1.2925,2.21775,0.7695,43.575,11.869,6.254
5577,65,2.6755,2.5255,1.57275,3.0205,1.03375,1.019,2.1985,0.62575,34.063,13.755,5.542
6907,64,2.799,2.328,1.96075,2.976,1.23375,1.194,1.87725,0.809,23.599,8.463,4.537
9057,64,2.75833333333333,2.4045,2.82,3.6455,1.3415,1.23775,2.15,0.74075,32.015,11.248,5.242
9699,64,3.07775,2.751,1.9255,3.559,1.12025,1.40175,2.19425,0.8535,30.906,10.376,5.583
9935,64,3.0755,2.62133333333333,1.746,3.385,1.042,1.2125,2.22725,0.7185,39.369,10.629,6.469
4884,64,2.1495,1.761,1.02675,2.589,0.82675,0.7035,1.481,0.6475,29.592,10.859,5.646
430,63,2.43866666666667,2.312,1.807,2.75925,1.20775,1.0825,1.885,0.7555,45.454,12.971,6.755
932,63,2.34966666666667,1.91633333333333,1.18875,2.289,0.88175,0.8485,1.68425,0.685,40.659,13.418,5.872
9125,63,2.78475,2.5045,1.964,3.42075,1.08125,1.0175,2.044,0.6965,41.709,11.422,6.675
5893,62,2.757,2.512,1.933,3.0455,1.2025,1.08575,1.7795,0.77275,69.315,14.565,8.6
7133,62,2.72166666666667,2.036,1.91025,2.89125,1.14275,1.272,2.223,0.78275,33.391,9.811,5.632
9790,62,2.08,1.93933333333333,1.04825,2.23325,0.847,1.05125,1.96125,0.82675,42.782,13.854,6.69
7525,62,2.67875,2.0965,1.6,3.10175,1.06125,1.222,2.08775,0.78675,NA,NA,NA
8427,61,3.372,2.89225,2.308,3.29925,1.329,1.26275,2.12175,0.7965,46.203,11.401,6.856
9744,61,2.4125,2.1035,1.696,2.832,1.101,0.99025,1.84875,0.7185,82.848,16.93,9.216
9774,61,2.747,2.464,1.7495,3.04125,1.09575,0.83325,1.65925,0.664,66.749,16.872,7.461
6959,60,2.823,2.626,2.144,3.15375,1.32825,0.88075,1.79875,0.644,40.93,11.645,6.252
7036,60,3.1985,3.1065,3.94825,3.93275,1.77475,1.806,2.5186,0.9476,83.727,17.122,11.886
7244,60,2.568,2.39025,1.15575,2.45925,0.8845,0.8278,1.7334,0.6422,48.726,13.659,6.613
9723,60,3.0685,2.654,1.96675,3.297,1.1745,1.32,2.145,0.84875,59.875,15.798,7.08
9771,60,2.516,2.24033333333333,1.8105,2.7255,1.201,0.97975,1.7505,0.7375,31.876,12.123,5.238
424,59,2.205,1.982,1.39625,2.64125,1.0245,1.1295,1.98025,0.761,42.051,12.264,6.463
1925,59,3.01825,2.5025,2.1925,3.52275,1.194,1.19175,2.2085,0.7075,48.415,15.206,6.277
6992,59,3.16175,2.6925,2.48725,3.72825,1.2885,1.31875,2.12575,0.8765,38.331,10.44,6.179
9718,59,2.9405,2.736,2.5558,3.3552,1.3824,1.415,2.28275,0.833,67.403,16.607,8.191
9892,59,2.67325,2.11,2.196,3.374,1.17025,1.37,2.1495,0.817,42.524,13.496,6.318
9523,59,2.69166666666667,2.39266666666667,1.1975,2.956,0.91775,0.8915,1.9595,0.64225,45.948,13.371,6.506
5772,58,2.7775,2.747,2.12425,3.002,1.143,1.12625,2.0325,0.77025,30.015,10.8,5.438
5950,58,1.8095,1.535,1.971,2.819,1.13,1.23075,2.02675,0.79,36.49,10.483,6.457
9529,58,2.853,2.775,1.7685,3.024,1.14275,0.9925,1.9035,0.688,63.193,16.767,7.334
9798,58,2.517,2.179,1.31075,2.60625,0.939,0.9505,1.69075,0.7465,36.199,11.244,6.13
7025,57,2.492,2.222,3.0165,3.72225,1.478,1.027,1.82033333333333,0.761,38.975,12.214,6.28
7305,57,2.74025,2.457,2.33566666666667,3.18733333333333,1.34833333333333,0.97875,1.85625,0.71025,38.122,12.212,6.11
9537,57,2.73166666666667,2.28866666666667,1.49075,2.90175,0.93525,1.10075,1.96525,0.72775,58.153,13.722,7.615
9793,57,2.332,1.91825,1.11883333333333,2.085,0.958666666666667,0.8325,1.58375,0.71725,22.994,9.397,4.694
6192,57,2.8386,2.624,2.32125,3.58575,1.25875,1.24525,2.22625,0.75525,34.038,11.118,5.445
7356,56,2.8105,2.561,1.80825,3.035,1.14175,1.1285,2.01125,0.75825,36.444,11.628,6.128
9336,56,3.0002,2.443,2.11,3.4375,1.314,1.4085,2.181,0.85,15.516,7.807,3.917
9827,56,2.775,2.47,1.4535,2.853,0.91425,1.11325,1.82325,0.8185,41.575,11.852,6.564
9843,56,2.52625,2.009,1.12375,2.5135,0.90825,0.905,1.67025,0.70025,38.455,13.664,6.255
1890,56,2.75175,2.204,1.419,2.98175,0.87475,0.82975,1.754,0.63125,42.505,12.895,6.345
9807,56,2.8085,2.52,1.51525,2.72525,0.963,0.9435,1.99325,0.69475,39.006,11.806,6.345
7419,56,2.70633333333333,2.336,2.041,3.20775,1.17775,1.13675,2.05175,0.7385,18.562,7.465,4.318
7417,55,2.854,2.66775,1.97733333333333,3.373,1.18,0.99075,2.01725,0.68175,42.562,11.966,6.559
8077,55,2.96466666666667,2.374,2.05775,2.989,1.26075,1.2435,2.00325,0.8215,39.297,11.474,6.284
8236,55,2.3685,2.003,1.48425,2.6735,0.97525,1.10975,1.9105,0.78125,78.231,14.742,8.945
9664,55,2.70333333333333,2.047,2.7925,3.8905,1.3195,1.16025,2.0455,0.75025,58.334,13.801,7.461
9834,55,2.224,1.92225,1.26875,2.8515,0.89625,0.83325,1.9675,0.557,42.085,15.668,5.683
9895,55,2.5004,1.818,1.6945,2.99,1.04275,0.88725,1.7345,0.74075,69.694,17.08,7.842
4779,54,2.287,2.10733333333333,1.49775,2.63475,1.08075,1.03875,1.7925,0.78475,NA,NA,NA
6904,54,2.60233333333333,2.503,2.26875,3.35125,1.3435,1.1175,1.90325,0.79875,35.223,9.975,6.318
9597,54,2.54025,1.761,1.162,2.4265,0.92475,0.944,1.78075,0.77025,42.428,12.813,6.426
9710,54,2.9555,2.179,1.99625,3.68175,1.079,1.2335,2.06825,0.811,43.929,13.561,6.57
9611,54,2.7654,1.253,1.56825,3.1815,0.90375,0.92525,2.0685,0.61925,36.351,11.319,5.856
7207,54,2.736,2.362,2.00775,3.39,1.16725,1.00175,1.99375,0.7255,49.766,13.709,7.144
7280,53,1.214,0.778,1.2865,2.24925,1.0205,0.80325,1.6135,0.68325,56.679,14.675,7.429
9831,53,2.58133333333333,2.191,1.76625,3.10925,1.00625,1.044,1.82225,0.766,30.655,11.59,5.463
9541,51,3.071,2.94733333333333,2.10775,3.3625,1.163,1.1015,2.0035,0.74775,21.119,9.935,4.488
9845,51,3.15225,2.424,1.392,2.93625,0.94725,1.0275,1.898,0.7345,43.626,14.726,6.287
6915,50,2.874,2.268,2.53525,3.62275,1.34375,1.24375,1.9545,0.8365,44.397,14.448,6.148
7307,50,2.23,1.752,1.154,2.15375,0.86225,0.839,1.62925,0.75375,31.218,11.17,5.451
9644,50,3.08,2.476,2.156,3.15125,1.24125,1.24125,2.107,0.77425,30.676,9.072,5.841
9738,50,2.55625,2.2615,2.283,3.5625,1.60125,1.148,1.9675,0.82125,39.594,13.732,6.223
9910,50,2.6395,2.387,1.7545,3.10575,1.04175,1.10275,1.97425,0.74375,38.839,15.151,5.903
915,49,2.66,1.773,1.56875,3.08625,1.05075,1.092,2.01975,0.76625,64,15.224,8.024
9539,46,1.524,1.216,1.39425,2.54825,0.94275,1.008,1.86025,0.7525,72.879,17.977,7.321
9707,41,2.66666666666667,2.52,1.097,2.55925,0.9185,0.9135,1.7865,0.71375,35.159,10.185,5.432
6957,71,2.358,1.921,1.2685,2.679,0.863,0.863,1.7575,0.6485,49.954,13.527,6.911
6095,70,2.885,2.879,3.88825,4.3335,1.51975,1.48766666666667,2.224,0.885,42.187,15.971,6.24
9735,70,2.8735,2.8385,2.23275,3.12775,1.25025,1.178,2.0945,0.7165,NA,NA,NA
7130,68,3.27,2.591,3.2475,4.07875,1.3895,1.4735,2.426,0.79075,47.184,14.092,6.508
9855,68,3.568,2.72,1.833,3.6588,1.0022,1.01325,2.12825,0.667,24.557,10.491,4.286
7373,67,3.1865,2.81675,2.7675,3.8245,1.33275,1.51,2.218,0.905,NA,NA,NA
8241,67,3.55725,3.2875,2.33475,3.831,1.2095,1.51225,2.283,0.90525,32.857,10.708,5.429
1853,66,3.08733333333333,2.69766666666667,1.722,3.421,0.9278,1.31425,2.105,0.81175,59.299,16.691,7.145
9663,66,2.7305,2.2465,1.5495,2.94,0.9495,1.164,2.191,0.746,46.945,11.154,6.994
9757,66,2.5725,2.2355,1.9445,2.969,1.14375,1.33125,2.34425,0.814,61.568,15.701,7.176
7477,65,2.8025,2.2155,2.16725,3.31225,1.1575,1.05875,1.91625,0.7365,27.017,7.391,5.563
9925,65,2.67025,2.3415,1.7315,3.12125,1.046,0.97525,1.89675,0.67875,40.626,14.807,5.741
7276,64,2.81375,2.269,2.59325,3.49125,1.30075,1.4155,2.13875,0.88275,27.84,9.594,5.329
7320,64,2.417,2.3235,1.45575,2.71675,1.22875,0.9745,1.79575,0.73025,22.417,9.614,4.337
9678,64,2.9575,2.529,2.42525,3.71025,1.16075,1.1935,2.11775,0.72475,46.985,13.936,6.759
9759,64,2.544,2.306,1.55375,2.8135,1.06275,0.86475,1.835,0.61,43.919,13.516,6.787
9768,64,3.119,3.02033333333333,2.75875,3.69575,1.4015,1.34375,2.24625,0.7725,22.11,9.838,4.874
6023,63,2.8918,1.2965,2.72375,3.797,1.302,1.40625,2.3975,0.75975,43.143,11.877,6.309
9437,63,2.856,2.384,2.08725,3.45425,1.1095,1.1945,1.9955,0.799,43.847,11.719,6.814
7125,63,2.8925,2.71266666666667,2.7305,3.42575,1.37025,1.4075,2.73175,0.758,54.49,14.389,7.247
8243,61,2.345,2.072,1.68,2.9425,1.0115,1.06575,1.989,0.71325,28.933,11.989,5.372
9565,61,3.199,2.51133333333333,2.0625,3.5675,0.95325,1.32125,2.31625,0.7515,27.73,13.069,4.286
9756,61,2.467,2.1445,2.16975,3.0755,1.262,1.125,1.98675,0.74275,45.951,14.763,6.54
9772,61,2.71625,2.0395,1.63175,2.92275,1.057,1.09125,1.95625,0.732,41.2085,13.3945,6.199
9104,61,2.8355,2.716,1.857,3.256,1.088,1.00225,2.01075,0.696,33.006,11.104,5.454
2057,60,2.90875,2.383,2.12275,3.1205,1.206,1.23525,1.9585,0.84025,63.158,18.971,7.5
6976,60,2.39325,1.9785,2.494,3.2405,1.29225,1.2415,1.9655,0.86675,27.214,10.083,5.565
9602,60,2.43975,1.8305,1.55825,3.00225,0.972,1.0155,2.0275,0.69075,39.894,14.506,6.092
9748,60,2.9515,2.527,2.59925,3.5395,1.35975,1.35025,2.2495,0.787,39.429,11.494,6.245
7126,59,2.85375,1.687,2.95725,3.62575,1.4425,1.51375,2.363,0.8985,25.437,8.537,5.124
9102,59,2.786,2.395,1.32633333333333,2.82733333333333,0.84,1.00066666666667,1.71566666666667,0.753333333333333,21.741,13.141,3.852
9536,59,2.7355,2.51375,1.5285,3.34375,0.91675,1.1085,2.07975,0.71625,62.511,17.98,6.981
9703,59,2.78075,2.0885,1.6775,3.08625,1.00725,1.0555,2.0115,0.7465,38.426,11.662,5.894
630,58,2.53825,1.654,1.9065,3.01625,1.13425,1.153,1.90875,0.802,35.569,12.639,5.424
1070,58,3.06466666666667,2.564,3.6525,4.23875,1.525,1.435,2.29125,0.852,16.823,7.253,3.846
5832,58,2.7325,2.265,2.49025,3.53075,1.1,1.3225,2.1775,0.80575,36.941,9.96,6.064
6133,58,3.719,3.46166666666667,3.3805,3.73475,1.54225,1.614,2.33675,0.93575,38.99,10.305,6.522
7092,58,2.468,2.1455,1.3455,2.591,0.90175,0.89025,1.6875,0.73175,22.817,10.28,4.547
9089,58,2.83233333333333,2.43066666666667,2.049,3.52375,1.2865,1.1815,1.993,0.78425,33.721,10.205,5.921
9546,58,2.74333333333333,2.267,1.50625,2.76375,0.9675,1.069,1.88725,0.77675,12.917,7.188,4.156
9645,58,2.853,2.547,2.43025,3.849,1.18075,1.28625,2.2425,0.757,43.299,11.772,6.7
5768,57,2.888,2.7412,2.88275,3.86925,1.47925,1.54775,2.3095,0.88375,38.781,9.729,6.649
9686,57,3.09225,2.3575,2.725,3.73825,1.32375,1.0605,1.86125,0.7515,30.378,10.068,5.178
6189,56,2.71325,1.3325,2.10525,3.469,1.1615,1.0775,2.05,0.69275,54.051,16.584,7.295
8247,56,2.9095,2.3235,2.5405,3.50975,1.247,1.41575,2.254,0.8165,62.583,16.017,7.772
9569,56,2.85233333333333,2.73866666666667,2.082,3.58675,1.1695,1.17825,2.1215,0.71275,47.213,13.605,6.517
9595,56,2.564,2.2635,1.51825,3.20325,0.935,1.08525,1.88725,0.74325,31.215,10.581,5.643
1062,55,2.783,2.70175,2.32166666666667,3.48833333333333,1.23533333333333,1.39666666666667,2.065,0.886333333333333,46.48,12.125,6.858
7316,55,3.346,3.002,3.045,4.0705,1.372,1.75525,2.39025,0.97775,28.463,11.715,4.889
9503,55,2.345,2.204,1.44675,2.6135,0.9245,1.01325,1.9035,0.71625,38.787,12.696,6.397
6041,55,2.8022,1.788,1.8305,3.3875,1.07525,1.16125,2.083,0.7445,43.829,11.159,6.619
6940,54,2.85075,2.336,1.8698,3.1174,1.1088,1.81,2.3745,1.00625,15.085,7.863,3.92
9714,54,2.56025,2.232,2.026,3.1525,1.224,0.99225,1.9,0.697,49.727,13.602,7.061
9711,54,2.577,1.187,1.217,2.92325,0.77725,0.6515,1.71275,0.5,34.233,9.8,5.77
9826,54,2.63575,1.986,1.78125,3.12375,1.05675,0.95875,1.9305,0.666,59.071,14.869,6.984
1061,53,2.68,2.2175,2.7295,3.50775,1.42225,1.39025,2.168,0.83825,55.305,15.059,7.227
5784,53,3.0908,2.649,4.0245,4.425,1.655,1.84925,2.62275,0.92025,73.921,18.102,8.395
6396,53,2.53525,2.365,2.547,3.46625,1.2825,1.16475,1.9655,0.77725,15.037,7.781,3.866
7353,53,3.49725,2.8775,3.1355,4.094,1.50525,1.55375,2.29025,0.88725,25.798,9.679,4.932
7002,52,2.34425,1.8345,2.092,2.92125,1.19975,1.34325,2.05,0.8325,57.084,16.241,7.098
9521,52,2.9014,1.647,1.47825,3.049,0.97275,0.932,1.8245,0.6795,37.487,10.897,5.592
997,51,3.243,2.817,2.4495,3.655,1.251,1.102,2.12475,0.66825,34.059,12.393,5.836
9556,51,2.98166666666667,2.541,1.27325,2.994,0.8745,1.0385,1.925,0.70925,23.285,11.284,4.537
9997,51,2.427,1.477,1.2045,2.482,0.88325,0.8265,1.72975,0.64525,30.939,11.95,5.239
6973,51,2.572,1.82666666666667,2.08025,3.348,1.1395,1.32,2.149,0.844,43.616,13.279,6.634
6195,51,2.6295,2.1425,3.042,4.0715,1.399,1.37425,2.30925,0.8035,73.131,14.446,8.882
7102,50,3.20733333333333,2.57,3.048,3.9195,1.4185,1.816,2.427,1.016,31.824,9.964,5.606
7223,50,2.78966666666667,2.5185,3.1285,3.75925,1.49675,1.3305,1.94325,0.8905,15.364,6.639,4.166
9370,50,2.3645,1.906,2.2715,3.2345,1.24775,1.494,2.069,0.9685,44.619,11.914,6.668
9888,50,3.02475,2.3975,2.3665,3.5375,1.20375,1.37825,2.31375,0.7645,34.666,14.979,5.409
9854,50,2.7025,1.897,2.0155,3.28175,1.14625,0.97925,1.878,0.69675,42.281,12.813,6.287
9731,49,2.52525,2.209,2.9475,3.45775,1.4425,1.35075,2.0445,0.86675,39.614,11.753,6.408
9881,49,2.7985,2.38,2.093,3.235,1.256,1.183,1.94633333333333,0.762,58.129,14.675,7.617
9906,48,2.56866666666667,1.433,1.83375,2.934,1.05725,0.96625,1.81075,0.75025,32.056,12.727,5.521
9591,47,2.5035,1.455,1.97,3.24125,1.133,1.1195,2.118,0.69575,41.859,14.005,6.018
9887,46,2.865,1.978,1.44025,3.00975,0.88875,0.9635,2.01575,0.64275,70.816,16.733,6.679
9562,43,3.143,2.8875,2.43975,3.37425,1.23475,1.30133333333333,2.14866666666667,0.847333333333333,61.584,16.196,7.336
7306,69,2.7925,2.001,1.28325,2.7225,0.89275,0.8905,1.84275,0.6195,32.392,10.831,5.652
6122,68,3.054,2.52766666666667,1.91875,3.677,1.0105,1.24925,2.20075,0.7305,34.65,11.532,5.804
6137,67,2.7638,1.499,1.44725,3.0955,0.868,1.162,2.11,0.715,34.175,11.596,5.722
10023,67,3.12266666666667,2.657,2.8635,3.62275,1.2825,1.41525,2.34325,0.819,45.172,13.984,6.448
1006,64,2.0556,1.628,1.69975,2.7695,0.98,1.164,1.96975,0.79175,41.082,16.202,5.408
6105,64,3.35233333333333,3.05833333333333,3.18625,4.056,1.37725,1.479,2.366,0.8305,52.929,14.017,7.434
9402,63,2.1705,1.94375,1.53975,2.64875,0.96475,0.909666666666667,1.88833333333333,0.650666666666667,43.851,13.955,6.466
6141,62,2.64233333333333,2.212,1.51675,3.21925,0.819,0.9295,1.96,0.66625,43.21,14.706,6.961
7008,61,2.92775,2.3285,2.04,3.30175,1.11925,1.16875,2.0635,0.7755,52.871,13.432,7.288
9730,61,2.77175,2.451,1.76175,2.967,1.14725,1.34325,2.0835,0.83675,28.231,10.021,5.251
9343,61,3.0005,2.3565,2.17525,3.493,1.188,1.00025,2.0355,0.63975,48.253,14.052,6.666
5860,61,3.26025,2.755,3.3285,4.4855,1.35325,1.354,2.2465,0.803,60.297,16.568,6.922
6092,60,2.694,1.994,2.3135,3.427,1.24425,1.18925,1.99275,0.77975,36.521,13.375,5.616
6897,60,2.8335,2.629,2.89833333333333,3.897,1.42933333333333,1.05725,1.76275,0.83725,19.729,7.918,4.636
9579,60,3.14266666666667,2.70433333333333,2.46175,4.08625,1.15925,1.008,2.04975,0.65025,46.206,13.741,6.731
9867,60,2.94075,2.406,1.762,3.07625,1.07925,1.13975,2.028,0.7475,NA,NA,NA
6201,59,2.673,2.2916,2.83625,3.93975,1.30125,1.425,2.31675,0.818,22.518,7.712,5.059
9698,59,2.184,1.8655,1.066,2.43,0.79075,0.713,1.61925,0.59625,49.44,15.666,6.511
6115,58,2.5575,1.951,2.52066666666667,3.82,1.25933333333333,1.21633333333333,2.04966666666667,0.754666666666667,24.367,10.346,4.914
9754,58,3.338,2.7415,4.18525,4.18775,1.7705,1.60175,2.26925,0.921,68.778,12.962,9.031
9638,58,2.9462,1.66,2.27175,3.6155,1.13525,0.95525,1.9655,0.73125,53.279,16.21,6.341
8240,57,2.83875,2.242,3.123,3.93775,1.42725,1.08875,1.9125,0.7675,20.407,9.2,4.523
9404,57,2.574,2.4815,2.94825,4.1105,1.2705,1.33075,2.222,0.764,26.883,11.563,5.042
9672,56,2.34325,1.857,1.88425,2.867,1.14875,1.07,1.9475,0.7245,60.126,14.623,7.747
1254,56,2.929,2.501,2.92675,4.03425,1.2775,1.32475,2.18275,0.8125,32.291,10.651,5.595
1158,56,2.83325,2.2625,2.6295,3.776,1.3345,1.51925,2.4265,0.842,23.779,8.943,4.688
9369,56,2.5805,1.982,2.60725,3.78975,1.23275,1.0275,1.94425,0.70225,44.164,12.685,6.839
6073,55,2.64666666666667,2.23766666666667,2.418,3.43325,1.29925,1.3175,2.08575,0.83425,50.883,14.593,6.882
6997,55,2.70225,2.01,1.9965,3.14825,1.1485,1.08975,1.97075,0.742,30.94,10.453,5.429
9518,55,2.79525,1.9935,2.189,3.26,1.13,1.05475,1.94375,0.72475,46.007,12.941,6.277
9764,55,2.841,2.318,2.08425,3.0665,1.147,1.13775,1.97425,0.7645,NA,NA,NA
9880,55,2.33133333333333,2.10933333333333,2.76625,3.451,1.49675,1.382,2.093,0.89375,43.207,9.884,6.368
5165,54,1.9525,1.534,0.871,1.93575,0.809,0.688,1.449,0.63875,48.725,13.514,6.844
6038,54,2.48575,1.76,1.729,2.78725,1.08975,0.9785,1.8225,0.72775,33.269,9.438,6.001
9656,54,2.4846,2.193,3.196,3.647,1.4575,1.60325,2.4165,0.8655,39.189,12.312,6.438
9732,54,2.50166666666667,2.20633333333333,1.64375,2.80925,1.0275,1.19025,2.011,0.736,50.018,14.824,6.763
9706,53,2.42075,1.791,0.97375,2.457,0.735,0.89075,1.75875,0.66925,47.858,12.049,6.93
9747,53,2.94833333333333,2.649,2.17625,3.248,1.1185,1.5395,2.177,0.9275,61.263,16.234,7.673
1313,52,2.42733333333333,2.26466666666667,2.35275,3.497,1.3115,1.2575,2.13825,0.74825,51.936,15.303,6.531
9755,52,2.7365,2.023,1.97125,3.01475,1.0705,1.1285,1.911,0.80325,29.076,9.764,5.443
9762,52,2.80075,2.05,2.17075,3.0275,1.22275,1.27975,1.9835,0.8565,15.965,5.756,4.227
2171,51,2.22775,1.316,1.6235,2.90775,1.07375,1.06475,1.789,0.7915,30.515,10.935,6.032
9729,51,2.99733333333333,2.491,3.02175,3.9395,1.315,1.369,2.12075,0.8535,48.487,13.656,6.929
9876,51,2.67575,1.6915,1.36725,2.7145,0.95025,1.1385,2.03875,0.76575,52.078,19.523,5.711
9584,50,2.01133333333333,1.618,1.31875,2.397,0.98975,0.69325,1.456,0.626,50.258,15.435,6.446
9587,49,3.308,3.01625,1.9485,3.9165,0.96625,1.1475,2.11975,0.708,38.313,14.69,6.087
9966,49,2.80566666666667,2.79866666666667,2.33425,3.2955,1.22675,1.057,1.8765,0.7265,49.203,14.991,6.428
9574,49,2.506,1.9716,1.0665,2.57075,0.76,0.75675,1.66775,0.60925,51.694,17.058,6.531
9902,49,3.2365,2.5215,2.5195,3.58475,1.22125,1.40425,2.30625,0.8175,47.885,15.939,6.892
5210,48,2.474,1.77566666666667,1.59675,2.989,1.0555,1.02625,1.864,0.7535,30.833,12.58,5.347
6125,48,2.8855,2.1685,2.78075,3.8675,1.27425,1.308,2.113,0.844,45.216,13.731,6.296
8249,48,2.6505,1.9995,1.75725,3.29525,1.092,0.90825,1.75,0.69475,44.32,12.008,6.542
9567,48,2.62075,1.9965,2.7545,3.44,1.519,1.14575,1.992,0.76475,48.118,14.718,6.586
9840,48,2.38725,1.789,1.755,2.684,1.10225,0.85525,1.60775,0.6615,56.671,14.732,6.821
6173,48,2.64725,2.112,1.89375,3.361,1.04875,0.9935,1.89425,0.73075,36.258,13.167,5.318
8231,48,2.82866666666667,2.41133333333333,2.144,3.29375,1.24475,1.0415,1.8055,0.763,26.811,11.214,5.079
8244,47,2.53375,2.139,2.262,3.274,1.192,1.08275,1.86075,0.749,34.479,11.781,5.601
9540,47,2.134,1.5545,1.20725,2.532,0.84025,0.9685,1.821,0.703,42.256,15.5925,5.6695
9819,47,2.29066666666667,2.08233333333333,1.8765,3.09325,1.12175,1.05175,2.05275,0.6735,34.806,12.949,5.737
9069,46,2.3535,1.961,1.41075,3.06675,0.89875,0.94475,1.841,0.6765,27.965,9.469,5.366
9704,43,2.957,2.87,2.09675,3.55275,1.09,1.20675,2.14025,0.727,11.781,7.522,3.334
9918,42,2.26,1.751,1.55875,2.746,0.97875,0.913,1.692,0.72975,36.554,11.087,5.841
6214,42,3.20175,2.3785,2.002,3.687,0.948,1.58475,2.5645,0.8105,36.929,12.907,5.681
9455,41,3.06075,2.414,2.4785,3.80325,1.1975,1.19425,2.1945,0.75775,34.556,14.396,5.654
7014,37,2.36633333333333,1.928,1.3765,2.691,0.95125,0.74125,1.671,0.61625,32.271,12.307,5.143
8246,36,2.63,2.297,1.52475,2.9,0.942,0.9705,1.79375,0.74275,47.06,13.803,7.141
1066,NA,NA,NA,NA,NA,NA,NA,NA,NA,71.341,15.609,8.16
1166,NA,NA,NA,NA,NA,NA,NA,NA,NA,49.211,11.899,7.114
1257,NA,NA,NA,NA,NA,NA,NA,NA,NA,57.796,15.63,7.493
1829,NA,NA,NA,NA,NA,NA,NA,NA,NA,40.999,12.938,6.27
1872,NA,NA,NA,NA,NA,NA,NA,NA,NA,42.421,14.419,6.095
4749,NA,NA,NA,NA,NA,NA,NA,NA,NA,48.103,12.966,6.901
4807,NA,NA,NA,NA,NA,NA,NA,NA,NA,80.165,18.082,8.895
4958,NA,NA,NA,NA,NA,NA,NA,NA,NA,20.97,8.858,4.342
5151,NA,NA,NA,NA,NA,NA,NA,NA,NA,45.462,15.378,6.064
5349,NA,NA,NA,NA,NA,NA,NA,NA,NA,44.474,11.786,7.041
5486,NA,NA,NA,NA,NA,NA,NA,NA,NA,15.17,7.433,3.956
5741,NA,NA,NA,NA,NA,NA,NA,NA,NA,43.443,12.388,6.954
5831,NA,NA,NA,NA,NA,NA,NA,NA,NA,47.678,12.9,7.195
5836,NA,NA,NA,NA,NA,NA,NA,NA,NA,34.115,12.175,5.493
5856,NA,NA,NA,NA,NA,NA,NA,NA,NA,46.305,13.493,6.636
5867,NA,NA,NA,NA,NA,NA,NA,NA,NA,33.361,10.066,5.979
6009,NA,NA,NA,NA,NA,NA,NA,NA,NA,50.73,15.303,6.436
6010,NA,NA,NA,NA,NA,NA,NA,NA,NA,39.282,11.363,6.191
6011,NA,NA,NA,NA,NA,NA,NA,NA,NA,80.997,17.273,8.404
6012,NA,NA,NA,NA,NA,NA,NA,NA,NA,40.002,13.702,5.845
6013,NA,NA,NA,NA,NA,NA,NA,NA,NA,82.493,19.431,7.95
6017,NA,NA,NA,NA,NA,NA,NA,NA,NA,26.224,11.401,4.762
6020,NA,NA,NA,NA,NA,NA,NA,NA,NA,30.012,9.639,5.979
6025,NA,NA,NA,NA,NA,NA,NA,NA,NA,28.837,10.755,5.96
6030,NA,NA,NA,NA,NA,NA,NA,NA,NA,45.184,12.341,6.176
6036,NA,NA,NA,NA,NA,NA,NA,NA,NA,34.529,11.018,5.535
6040,NA,NA,NA,NA,NA,NA,NA,NA,NA,41.496,13.686,6.228
6043,NA,NA,NA,NA,NA,NA,NA,NA,NA,45.588,13.765,6.437
6064,NA,NA,NA,NA,NA,NA,NA,NA,NA,54.343,13.277,7.268
6069,NA,NA,NA,NA,NA,NA,NA,NA,NA,69.06,19.965,7.366
6070,NA,NA,NA,NA,NA,NA,NA,NA,NA,71.794,16.562,8.123
6071,NA,NA,NA,NA,NA,NA,NA,NA,NA,17.075,7.279,4.258
6074,NA,NA,NA,NA,NA,NA,NA,NA,NA,50.919,15.715,6.112
6076,NA,NA,NA,NA,NA,NA,NA,NA,NA,26.911,12.37,4.942
6077,NA,NA,NA,NA,NA,NA,NA,NA,NA,52.169,13.195,6.817
6085,NA,NA,NA,NA,NA,NA,NA,NA,NA,29.995,11.336,5.258
6086,NA,NA,NA,NA,NA,NA,NA,NA,NA,42.864,14.757,6.617
6087,NA,NA,NA,NA,NA,NA,NA,NA,NA,31.209,10.909,5.358
6091,NA,NA,NA,NA,NA,NA,NA,NA,NA,51.055,14.495,6.782
6094,NA,NA,NA,NA,NA,NA,NA,NA,NA,36.996,13.038,6.183
6096,NA,NA,NA,NA,NA,NA,NA,NA,NA,41.661,12.101,6.47
6097,NA,NA,NA,NA,NA,NA,NA,NA,NA,44.5,12.814,6.332
6099,NA,NA,NA,NA,NA,NA,NA,NA,NA,73.216,18.868,7.584
6100,NA,NA,NA,NA,NA,NA,NA,NA,NA,59.435,15.514,7.271
6101,NA,NA,NA,NA,NA,NA,NA,NA,NA,23.465,9.569,4.644
6102,NA,NA,NA,NA,NA,NA,NA,NA,NA,30.714,10.409,5.553
6104,NA,NA,NA,NA,NA,NA,NA,NA,NA,51.565,12.451,7.092
6106,NA,NA,NA,NA,NA,NA,NA,NA,NA,68.187,19.224,6.398
6107,NA,NA,NA,NA,NA,NA,NA,NA,NA,33.489,11.871,5.722
6109,NA,NA,NA,NA,NA,NA,NA,NA,NA,43.399,14.537,6.428
6111,NA,NA,NA,NA,NA,NA,NA,NA,NA,24.643,11.821,4.348
6112,NA,NA,NA,NA,NA,NA,NA,NA,NA,47.56,12.549,6.985
6118,NA,NA,NA,NA,NA,NA,NA,NA,NA,39.523,12.251,6.547
6119,NA,NA,NA,NA,NA,NA,NA,NA,NA,29.928,10.231,5.461
6123,NA,NA,NA,NA,NA,NA,NA,NA,NA,38.469,12.371,6.202
6126,NA,NA,NA,NA,NA,NA,NA,NA,NA,48.749,12.24,7.483
6131,NA,NA,NA,NA,NA,NA,NA,NA,NA,43.347,13.382,6.195
6134,NA,NA,NA,NA,NA,NA,NA,NA,NA,35.166,12.957,5.551
6136,NA,NA,NA,NA,NA,NA,NA,NA,NA,12.213,6.341,3.697
6145,NA,NA,NA,NA,NA,NA,NA,NA,NA,35.109,12.269,5.45
6149,NA,NA,NA,NA,NA,NA,NA,NA,NA,38.632,11.705,6.436
6150,NA,NA,NA,NA,NA,NA,NA,NA,NA,12.343,6.273,3.542
6172,NA,NA,NA,NA,NA,NA,NA,NA,NA,26.062,9.772,5.105
6174,NA,NA,NA,NA,NA,NA,NA,NA,NA,21.799,8.441,4.432
6177,NA,NA,NA,NA,NA,NA,NA,NA,NA,90.126,19.659,9.345
6184,NA,NA,NA,NA,NA,NA,NA,NA,NA,56.17,12.226,7.384
6202,NA,NA,NA,NA,NA,NA,NA,NA,NA,47.78,13.329,6.305
6203,NA,NA,NA,NA,NA,NA,NA,NA,NA,43.184,13.776,6.04
6209,NA,NA,NA,NA,NA,NA,NA,NA,NA,71.553,16.797,7.693
6216,NA,NA,NA,NA,NA,NA,NA,NA,NA,55.511,15.784,7.364
6217,NA,NA,NA,NA,NA,NA,NA,NA,NA,27.992,11.818,4.813
6218,NA,NA,NA,NA,NA,NA,NA,NA,NA,63.04,17.66,7.525
6220,NA,NA,NA,NA,NA,NA,NA,NA,NA,63.37,16.416,7.776
6221,NA,NA,NA,NA,NA,NA,NA,NA,NA,48.172,13.63,6.949
6231,NA,NA,NA,NA,NA,NA,NA,NA,NA,45.194,15.508,6.374
6235,NA,NA,NA,NA,NA,NA,NA,NA,NA,37.943,9.894,6.517
6237,NA,NA,NA,NA,NA,NA,NA,NA,NA,55.312,13.949,7.143
6242,NA,NA,NA,NA,NA,NA,NA,NA,NA,36.682,13.24,5.547
6244,NA,NA,NA,NA,NA,NA,NA,NA,NA,29.433,12.028,5.207
6258,NA,NA,NA,NA,NA,NA,NA,NA,NA,34.507,10.223,5.838
6284,NA,NA,NA,NA,NA,NA,NA,NA,NA,50.686,13.856,7.366
6413,NA,NA,NA,NA,NA,NA,NA,NA,NA,56.677,14.232,7.874
6421,NA,NA,NA,NA,NA,NA,NA,NA,NA,51.643,14.025,7.279
6909,NA,NA,NA,NA,NA,NA,NA,NA,NA,42.869,12.543,6.333
6913,NA,NA,NA,NA,NA,NA,NA,NA,NA,65.571,14.08,8.219
6929,NA,NA,NA,NA,NA,NA,NA,NA,NA,54.475,14.394,6.255
6944,NA,NA,NA,NA,NA,NA,NA,NA,NA,44.166,12.526,6.606
6947,NA,NA,NA,NA,NA,NA,NA,NA,NA,30.249,10.963,5.638
6963,NA,NA,NA,NA,NA,NA,NA,NA,NA,86.695,21.113,8.097
6968,NA,NA,NA,NA,NA,NA,NA,NA,NA,39.68,14.413,5.994
6974,NA,NA,NA,NA,NA,NA,NA,NA,NA,38.98,11.839,6.461
6986,NA,NA,NA,NA,NA,NA,NA,NA,NA,31.903,11.763,5.137
6990,NA,NA,NA,NA,NA,NA,NA,NA,NA,35.797,12.749,5.937
7164,NA,NA,NA,NA,NA,NA,NA,NA,NA,58.714,12.967,6.957
7169,NA,NA,NA,NA,NA,NA,NA,NA,NA,54.97,14.129,7.089
7213,NA,NA,NA,NA,NA,NA,NA,NA,NA,48.024,12.23,6.813
7354,NA,NA,NA,NA,NA,NA,NA,NA,NA,34.901,13.225,5.937
7413,NA,NA,NA,NA,NA,NA,NA,NA,NA,41.764,10.372,6.734
7416,NA,NA,NA,NA,NA,NA,NA,NA,NA,44.034,12.387,6.564
7430,NA,NA,NA,NA,NA,NA,NA,NA,NA,19.524,8.165,4.223
7516,NA,NA,NA,NA,NA,NA,NA,NA,NA,46.809,16.67,6.792
7527,NA,NA,NA,NA,NA,NA,NA,NA,NA,32.409,11.121,5.611
763,NA,NA,NA,NA,NA,NA,NA,NA,NA,57.146,15.43,6.969
768,NA,NA,NA,NA,NA,NA,NA,NA,NA,52.514,15.946,6.694
7717,NA,NA,NA,NA,NA,NA,NA,NA,NA,29.577,9.358,5.883
772,NA,NA,NA,NA,NA,NA,NA,NA,NA,59.313,16.117,6.775
801,NA,NA,NA,NA,NA,NA,NA,NA,NA,29.016,11.402,5.227
8132,NA,NA,NA,NA,NA,NA,NA,NA,NA,34.723,11.003,5.86
8222,NA,NA,NA,NA,NA,NA,NA,NA,NA,41.849,12.577,6.205
8227,NA,NA,NA,NA,NA,NA,NA,NA,NA,39.285,12.294,6.305
8230,NA,NA,NA,NA,NA,NA,NA,NA,NA,42.69,15.056,6.064
8242,NA,NA,NA,NA,NA,NA,NA,NA,NA,21.171,10.29,4.629
8283,NA,NA,NA,NA,NA,NA,NA,NA,NA,27.699,12.395,4.799
8307,NA,NA,NA,NA,NA,NA,NA,NA,NA,22.718,9.2,4.604
8335,NA,NA,NA,NA,NA,NA,NA,NA,NA,23.083,9.549,5.126
8369,NA,NA,NA,NA,NA,NA,NA,NA,NA,36.602,11.645,6.213
8376,NA,NA,NA,NA,NA,NA,NA,NA,NA,67.339,14.955,8.132
8387,NA,NA,NA,NA,NA,NA,NA,NA,NA,54.44,15.994,7.26
8422,NA,NA,NA,NA,NA,NA,NA,NA,NA,26.889,11.007,5.233
870,NA,NA,NA,NA,NA,NA,NA,NA,NA,32.725,9.855,5.99
9027,NA,NA,NA,NA,NA,NA,NA,NA,NA,43.865,14.674,6.284
9058,NA,NA,NA,NA,NA,NA,NA,NA,NA,44.333,13.005,6.849
9070,NA,NA,NA,NA,NA,NA,NA,NA,NA,62.038,14.677,7.6
9075,NA,NA,NA,NA,NA,NA,NA,NA,NA,40.757,13.316,6.606
9081,NA,NA,NA,NA,NA,NA,NA,NA,NA,52.549,13.133,7.781
9095,NA,NA,NA,NA,NA,NA,NA,NA,NA,47.285,12.068,6.946
9099,NA,NA,NA,NA,NA,NA,NA,NA,NA,59.407,12.643,7.516
9111,NA,NA,NA,NA,NA,NA,NA,NA,NA,37.662,11.427,6.146
9121,NA,NA,NA,NA,NA,NA,NA,NA,NA,27.227,10.962,4.97
9298,NA,NA,NA,NA,NA,NA,NA,NA,NA,47.454,13.753,6.223
9321,NA,NA,NA,NA,NA,NA,NA,NA,NA,22.819,9.758,4.373
9332,NA,NA,NA,NA,NA,NA,NA,NA,NA,48.243,14.122,6.578
9339,NA,NA,NA,NA,NA,NA,NA,NA,NA,35.861,10.886,6.045
9363,NA,NA,NA,NA,NA,NA,NA,NA,NA,74.243,17.381,7.906
9371,NA,NA,NA,NA,NA,NA,NA,NA,NA,30.236,12.789,4.716
9380,NA,NA,NA,NA,NA,NA,NA,NA,NA,25.942,10.111,5.093
9381,NA,NA,NA,NA,NA,NA,NA,NA,NA,18.651,9.16,4.032
9382,NA,NA,NA,NA,NA,NA,NA,NA,NA,38.428,13.493,5.71
9386,NA,NA,NA,NA,NA,NA,NA,NA,NA,36.841,13.206,5.742
9405,NA,NA,NA,NA,NA,NA,NA,NA,NA,29.415,11.354,5.502
9407,NA,NA,NA,NA,NA,NA,NA,NA,NA,39.12,13.993,5.731
9408,NA,NA,NA,NA,NA,NA,NA,NA,NA,45.191,13.228,6.819
9409,NA,NA,NA,NA,NA,NA,NA,NA,NA,25.89,9.874,5.156
9416,NA,NA,NA,NA,NA,NA,NA,NA,NA,27.901,10.846,5.397
9421,NA,NA,NA,NA,NA,NA,NA,NA,NA,30.623,11.787,5.658
9427,NA,NA,NA,NA,NA,NA,NA,NA,NA,38.996,11.796,5.969
9433,NA,NA,NA,NA,NA,NA,NA,NA,NA,48.728,15.707,6.454
9450,NA,NA,NA,NA,NA,NA,NA,NA,NA,42.504,14.249,6.191
9451,NA,NA,NA,NA,NA,NA,NA,NA,NA,46.22,13.804,6.461
9452,NA,NA,NA,NA,NA,NA,NA,NA,NA,32.683,12.438,5.641
9453,NA,NA,NA,NA,NA,NA,NA,NA,NA,34.239,13.273,5.055
9454,NA,NA,NA,NA,NA,NA,NA,NA,NA,52.537,16.98,7.106
9470,NA,NA,NA,NA,NA,NA,NA,NA,NA,54.958,14.894,7.227
9471,NA,NA,NA,NA,NA,NA,NA,NA,NA,28.913,10.212,5.343
9481,NA,NA,NA,NA,NA,NA,NA,NA,NA,41.496,13.566,6.594
9507,NA,NA,NA,NA,NA,NA,NA,NA,NA,38.949,17.966,5.553
9508,NA,NA,NA,NA,NA,NA,NA,NA,NA,51.445,14.665,6.644
9520,NA,NA,NA,NA,NA,NA,NA,NA,NA,37.969,12.018,6.222
9524,NA,NA,NA,NA,NA,NA,NA,NA,NA,44.373,14.298,6.29
9525,NA,NA,NA,NA,NA,NA,NA,NA,NA,44.941,13.049,6.257
9531,NA,NA,NA,NA,NA,NA,NA,NA,NA,55.321,15.02,6.769
9533,NA,NA,NA,NA,NA,NA,NA,NA,NA,42.511,10.411,6.477
9535,NA,NA,NA,NA,NA,NA,NA,NA,NA,31.555,11.675,4.946
9542,NA,NA,NA,NA,NA,NA,NA,NA,NA,62.592,12.829,8.217
9543,NA,NA,NA,NA,NA,NA,NA,NA,NA,55.756,11.679,7.523
9544,NA,NA,NA,NA,NA,NA,NA,NA,NA,24.604,10.212,4.878
9545,NA,NA,NA,NA,NA,NA,NA,NA,NA,26.971,11.148,5.328
9548,NA,NA,NA,NA,NA,NA,NA,NA,NA,47.275,13.528,6.868
9549,NA,NA,NA,NA,NA,NA,NA,NA,NA,61.465,16.925,7.048
9551,NA,NA,NA,NA,NA,NA,NA,NA,NA,27.257,10.531,5.133
9552,NA,NA,NA,NA,NA,NA,NA,NA,NA,44.476,17.37,6.088
9553,NA,NA,NA,NA,NA,NA,NA,NA,NA,40.9,11.133,6.47
9557,NA,NA,NA,NA,NA,NA,NA,NA,NA,59.86,17.289,7.649
9558,NA,NA,NA,NA,NA,NA,NA,NA,NA,33.349,12.909,5.796
9561,NA,NA,NA,NA,NA,NA,NA,NA,NA,37.967,12.531,6.078
9564,NA,NA,NA,NA,NA,NA,NA,NA,NA,42.037,11.806,6.312
9568,NA,NA,NA,NA,NA,NA,NA,NA,NA,43.242,13.648,6.514
9577,NA,NA,NA,NA,NA,NA,NA,NA,NA,68.231,17.841,8.16
9581,NA,NA,NA,NA,NA,NA,NA,NA,NA,77.421,16.073,8.916
9582,NA,NA,NA,NA,NA,NA,NA,NA,NA,40.812,13.19,6.001
9583,NA,NA,NA,NA,NA,NA,NA,NA,NA,58.253,13.421,7.741
9586,NA,NA,NA,NA,NA,NA,NA,NA,NA,28.605,10.516,5.515
9588,NA,NA,NA,NA,NA,NA,NA,NA,NA,18.983,8.663,4.378
9593,NA,NA,NA,NA,NA,NA,NA,NA,NA,58,15.002,7.626
9594,NA,NA,NA,NA,NA,NA,NA,NA,NA,66.314,17.977,7.665
9598,NA,NA,NA,NA,NA,NA,NA,NA,NA,50.879,14.321,6
9600,NA,NA,NA,NA,NA,NA,NA,NA,NA,21.517,12.52,4.223
9601,NA,NA,NA,NA,NA,NA,NA,NA,NA,39.989,12.269,6.064
9610,NA,NA,NA,NA,NA,NA,NA,NA,NA,63.782,15.942,7.397
9612,NA,NA,NA,NA,NA,NA,NA,NA,NA,65.859,14.611,8.04
9616,NA,NA,NA,NA,NA,NA,NA,NA,NA,42.234,12.803,6.181
9619,NA,NA,NA,NA,NA,NA,NA,NA,NA,52.671,15.285,6.624
9625,NA,NA,NA,NA,NA,NA,NA,NA,NA,31.299,11.859,4.571
9626,NA,NA,NA,NA,NA,NA,NA,NA,NA,52.678,13.357,6.797
9630,NA,NA,NA,NA,NA,NA,NA,NA,NA,18.106,9.316,3.861
9631,NA,NA,NA,NA,NA,NA,NA,NA,NA,11.173,6.674,2.912
9632,NA,NA,NA,NA,NA,NA,NA,NA,NA,41.828,13.347,6.336
9636,NA,NA,NA,NA,NA,NA,NA,NA,NA,28.164,11.269,4.834
9637,NA,NA,NA,NA,NA,NA,NA,NA,NA,44.385,16.406,4.896
9641,NA,NA,NA,NA,NA,NA,NA,NA,NA,42.247,14.062,5.918
9643,NA,NA,NA,NA,NA,NA,NA,NA,NA,48.101,14.409,6.211
9665,NA,NA,NA,NA,NA,NA,NA,NA,NA,56.744,12.829,7.793
9709,NA,NA,NA,NA,NA,NA,NA,NA,NA,54.183,13.838,7.08
9716,NA,NA,NA,NA,NA,NA,NA,NA,NA,46.036,11.098,7.068
9717,NA,NA,NA,NA,NA,NA,NA,NA,NA,48.288,13.319,6.836
9722,NA,NA,NA,NA,NA,NA,NA,NA,NA,57.557,16.919,6.798
9737,NA,NA,NA,NA,NA,NA,NA,NA,NA,76.516,18.871,7.7
9758,NA,NA,NA,NA,NA,NA,NA,NA,NA,28.846,12.263,4.728
9761,NA,NA,NA,NA,NA,NA,NA,NA,NA,48.026,14.677,7.055
9770,NA,NA,NA,NA,NA,NA,NA,NA,NA,47.012,13.3,6.319
9787,NA,NA,NA,NA,NA,NA,NA,NA,NA,47.78,14.558,6.636
9792,NA,NA,NA,NA,NA,NA,NA,NA,NA,34.044,12.005,5.767
9824,NA,NA,NA,NA,NA,NA,NA,NA,NA,57.158,14.486,7.482
9832,NA,NA,NA,NA,NA,NA,NA,NA,NA,29.571,12.466,4.794
9838,NA,NA,NA,NA,NA,NA,NA,NA,NA,39.067,13.02,5.717
9846,NA,NA,NA,NA,NA,NA,NA,NA,NA,26.253,8.936,5.207
9851,NA,NA,NA,NA,NA,NA,NA,NA,NA,70.438,16.965,7.976
9852,NA,NA,NA,NA,NA,NA,NA,NA,NA,37.815,14.321,5.928
9866,NA,NA,NA,NA,NA,NA,NA,NA,NA,59.572,16.316,7.595
9869,NA,NA,NA,NA,NA,NA,NA,NA,NA,51.782,16.902,6.337
9871,NA,NA,NA,NA,NA,NA,NA,NA,NA,44.352,11.942,6.445
9877,NA,NA,NA,NA,NA,NA,NA,NA,NA,27.424,11.931,4.893
9878,NA,NA,NA,NA,NA,NA,NA,NA,NA,30.747,13.754,5.194
9879,NA,NA,NA,NA,NA,NA,NA,NA,NA,55.84,20.915,10.559
9890,NA,NA,NA,NA,NA,NA,NA,NA,NA,27.439,10.99,5.194
9894,NA,NA,NA,NA,NA,NA,NA,NA,NA,26.991,7.753,5.415
9898,NA,NA,NA,NA,NA,NA,NA,NA,NA,65.477,16.236,7.685
9900,NA,NA,NA,NA,NA,NA,NA,NA,NA,16.031,6.96,3.882
9901,NA,NA,NA,NA,NA,NA,NA,NA,NA,55.915,14.51,7.732
9903,NA,NA,NA,NA,NA,NA,NA,NA,NA,44.986,14.257,7.146
9904,NA,NA,NA,NA,NA,NA,NA,NA,NA,58.823,14.139,8.091
991,NA,NA,NA,NA,NA,NA,NA,NA,NA,10.083,5.841,2.653
992,NA,NA,NA,NA,NA,NA,NA,NA,NA,38.983,13.04,5.751
9937,NA,NA,NA,NA,NA,NA,NA,NA,NA,56.966,15.928,7.071
9939,NA,NA,NA,NA,NA,NA,NA,NA,NA,44.069,11.953,6.126
9943,NA,NA,NA,NA,NA,NA,NA,NA,NA,35.927,12.84,5.507
9944,NA,NA,NA,NA,NA,NA,NA,NA,NA,44.916,15.042,6.276
9947,NA,NA,NA,NA,NA,NA,NA,NA,NA,32.963,11.89,5.271
