idPot,idAccession,LifeCycleDuration,Final_rosetteDM,FruitNumber,LogisticCoeff_A,LogisticCoeff_B,LogisticCoeff_tinf,Minf,GRinf,RGRinf
1,6974,104,2015.18,39,2015.18,3.473790524,31.82859035,3.753930498,145.0274553,143.9349887
10,6944,45,222.08,171,222.08,4.029680871,25.09944089,5.117511192,13.77776598,124.0793045
100,9526,44,176.35,156,176.35,4.188058442,23.0035685,7.566286351,10.52695434,119.3870637
101,9945,47,177.25,134,177.25,4.0537508,25.02492183,4.249784203,10.93123435,123.3425597
102,8386,53,174.27,279,174.27,4.739759605,28.74921587,3.273666856,9.191921875,105.4905821
103,9719,50,336.53,224,336.53,3.44612308,24.92940448,4.364059595,24.41366662,145.090581
105,6970,39,100.72,177,100.72,3.307903499,19.14712641,5.96585194,7.612072121,151.1531398
106,7373,59,697.48,150,697.48,4.565499116,33.91208371,3.686261948,38.1929764,109.5170511
107,6936,52,301.35,254,301.35,4.311456139,27.66701286,4.923931708,17.47379483,115.9701001
108,9966,71,1594.28,19,1594.28,4.626156199,35.76885422,6.050395029,86.15575931,108.081089
109,763,41,136.18,112,136.18,4.198249111,23.01197457,5.87382267,8.109332986,119.0972681
11,7008,82,1905.5,96,1905.5,4.744640343,39.18731731,4.050062944,100.402763,105.3820656
110,9798,56,242.78,195,242.78,4.764389761,28.42600883,4.972963522,12.739302,104.9452344
111,6209,84,927.88,118,927.88,6.058537061,41.08025014,5.45760838,38.28812099,82.52817387
112,765,51,173.09,221,173.09,4.141990718,29.48825348,1.552331047,10.44727112,120.7149011
113,9386,83,1451.31,40,1451.31,5.537859713,42.73818373,3.918914218,65.51764017,90.28758869
115,9321,79,1028.61,86,1028.61,5.251848116,37.74956776,5.192063824,48.96419209,95.20458111
116,9726,51,168.22,218,168.22,3.355637012,26.85343582,1.101067924,12.53264279,149.0030055
117,6965,87,1514.62,55,1514.62,4.70041309,38.00364194,3.90649004,80.55781328,106.3736294
118,6076,87,278.4,NA,278.4,NA,NA,NA,17.981249,129.1756394
119,9811,61,490.98,222,490.98,4.572326494,33.7435452,2.71280259,26.8451958,109.3535207
12,9470,92,1624.52,33,1624.52,4.651816301,40.69842403,2.208631821,87.30568314,107.4848979
120,6241,72,700.88,46,700.88,4.512712869,38.60503505,1.235906672,38.82808525,110.7980974
121,9104,48,406.6,210,406.6,3.798663586,27.17230315,4.377113061,26.75941096,131.6252384
122,9741,60,567.29,188,567.29,5.092282171,31.99647415,7.449015195,27.85047946,98.18780328
123,7063,41,218.41,216,218.41,3.984275826,22.94088656,8.16835806,13.70449798,125.4933197
124,6025,77,770.99,154,770.99,2.955450136,25.93345643,3.497043565,65.21764574,169.1789666
125,9653,39,114.34,236,114.34,4.036690492,20.30314335,8.263028015,7.081295941,123.8638436
127,7003,46,285.06,222,285.06,4.099944198,25.48729852,6.376600216,17.38194389,121.9528793
128,5276,47,360.7,129,360.7,3.599691832,24.3392301,6.59384266,25.05075551,138.9007791
129,9999,41,262.32,112,262.32,3.774401215,23.14122884,7.827163691,17.37494142,132.4713435
13,6956,58,294.36,360,294.36,4.539529692,29.04243234,4.371207861,16.21093042,110.1435686
130,6177,66,953.3,57,953.3,4.656669156,34.01048669,5.463184803,51.17928546,107.3728846
131,9523,50,434.6,182,434.6,4.05587769,28.27808045,4.744016981,26.78828315,123.2778792
132,9960,46,159.58,224,159.58,4.796236011,24.40484414,7.544003321,8.317980997,104.2484146
133,9980,39,208.21,172,208.21,3.270865166,21.61789377,5.802845101,15.91398525,152.8647543
135,7411,50,244.88,170,244.88,3.882305983,23.72870767,6.929836397,15.76897861,128.7894365
136,6424,51,326.05,282,326.05,3.89652233,25.93992464,5.363707245,20.91929497,128.319552
137,9594,82,1297.29,86,1297.29,3.735759524,29.7357043,6.553844685,86.81567909,133.8415915
138,9781,44,225.08,NA,225.08,NA,NA,NA,14.4712572,128.5876772
139,8334,52,477.69,101,477.69,4.081100022,27.54774183,6.396324771,29.26233107,122.5159877
14,9371,99,1186.91,45,1186.91,6.706140262,52.03854686,2.244652206,44.24713597,74.55853598
140,9972,47,233.11,275,233.11,4.344070904,25.75748936,6.037052229,13.41541178,115.0994104
141,8214,44,144.73,NA,144.73,NA,NA,NA,8.013896491,110.7427139
142,9698,60,713.23,119,713.23,4.835057732,31.62885164,8.045561106,36.87804984,103.4113816
143,7516,81,1581.08,48,1581.08,5.596050858,40.96574607,6.224040748,70.63373977,89.34872336
144,7031,47,414.05,142,414.05,4.31215523,27.78429009,6.591078876,24.00481766,115.9512989
145,6945,61,930.29,82,930.29,4.352532273,31.34241633,6.852781737,53.433837,114.875656
146,9559,41,219.27,102,219.27,3.333068104,23.07696864,4.251706106,16.44655863,150.0119363
147,7202,46,219.04,291,219.04,4.24320029,24.72411631,6.609865829,12.90535357,117.8355877
148,10016,67,949.48,84,949.48,4.089380117,32.34979183,4.000291844,58.04547222,122.2679197
149,6959,49,327.93,219,327.93,4.236531048,26.02719107,7.295151172,19.35132755,118.0210871
15,768,52,381.21,NA,381.21,NA,NA,NA,23.88226512,125.2971597
150,10009,50,435.81,138,435.81,4.420301846,28.57731895,6.421399024,24.64820363,113.1144472
151,9565,54,639.69,192,639.69,3.897581255,27.85388445,6.488482535,41.03121643,128.2846892
152,9975,50,307.85,186,307.85,4.084160659,25.26158134,7.165574773,18.84414117,122.4241752
153,9995,43,374.58,108,374.58,3.79119806,24.73194724,7.535713697,24.70063513,131.8844313
154,9437,64,790.43,125,790.43,4.723617839,32.01123289,7.413691112,41.83393042,105.8510695
155,9908,47,213.15,284,213.15,4.654734171,24.85494398,8.417733659,11.44802217,107.4175198
156,9800,55,384.24,332,384.24,3.772443774,25.10369655,6.886020784,25.46360019,132.5400801
158,9760,38,69.87,210,69.87,4.138868901,20.19641104,5.481408895,4.220355952,120.8059525
159,5165,61,786.55,118,786.55,4.078260455,28.8072381,7.738329884,48.21602302,122.6012918
16,5830,78,1313.99,134,1313.99,3.740735262,31.45477576,4.229804767,87.81629199,133.6635621
160,7206,48,277.87,211,277.87,4.181080684,25.16152088,7.204200468,16.61472362,119.5863074
161,7333,39,116.02,98,116.02,4.309543035,22.9488055,5.477862595,6.730411964,116.0215819
162,10010,47,612.64,136,612.64,3.730959206,25.61865888,9.174766552,41.05110551,134.0137944
163,5726,46,373.41,208,373.41,3.345751965,22.11507459,9.730270706,27.90179935,149.4432358
164,9632,48,361.72,152,361.72,3.722328779,24.78995555,6.678723684,24.2939314,134.3245129
165,7347,40,290.12,96,290.12,3.437244914,21.79272098,9.093718136,21.10120222,145.46534
166,9775,47,399.57,199,399.57,3.790394569,25.23843457,7.045037988,26.35411649,131.9123883
167,9749,49,496.19,138,496.19,4.456087236,26.98129672,10.74307227,27.83776291,112.2060618
168,9102,48,546.77,148,546.77,3.479525006,23.67578442,10.52993723,39.2848161,143.6977746
169,6088,95,2501.6,79,2501.6,3.540471185,30.87210403,6.866450486,176.6431549,141.2241405
170,9746,95,2370.65,NA,2370.65,NA,NA,NA,138.6969108,117.0117148
171,7126,68,852.85,89,852.85,4.893907214,34.00691519,6.269740565,43.56692734,102.1678545
172,7231,48,212.36,239,212.36,3.724301735,22.92114333,6.412241341,14.25502115,134.2533542
173,766,40,223.77,176,223.77,3.606520881,21.07522859,9.918407461,15.51148651,138.6377666
174,9596,43,209.97,184,209.97,3.008278675,20.56068855,6.092019937,17.44934751,166.208006
175,7075,67,783.29,162,783.29,4.672625878,31.68635718,7.48389007,41.90844829,107.006213
176,430,47,269.51,123,269.51,3.924076798,25.36794505,5.262287379,17.17028067,127.4185052
177,6434,49,273.94,250,273.94,4.44312072,25.98176505,7.307511651,15.41371579,112.5335168
178,6009,79,1153.24,76,1153.24,4.574438658,32.64652937,8.106031481,63.02631241,109.3030287
179,1066,135,2211.07,376,2211.07,4.002768568,34.01919364,5.463625819,138.0962928,124.9135421
18,9404,71,1445.53,122,1445.53,4.396114183,35.07757491,4.799055648,82.2049849,113.7368092
180,9577,98,2471.48,39,2471.48,3.898756006,33.65105219,5.719881335,158.4787556,128.2460352
181,7209,54,243.09,NA,243.09,NA,NA,NA,12.64338955,104.0222926
182,7127,37,91.9,160,91.9,4.36546175,19.45043142,9.461528373,5.262902602,114.5354211
183,9570,67,1185.57,106,1185.57,4.096842247,30.98147286,7.033272353,72.3465738,122.0452167
184,7002,54,563.71,106,563.71,4.213640381,29.97519023,4.88047662,33.44554524,118.6622385
185,1435,55,353.88,NA,353.88,NA,NA,NA,18.45492907,104.3004921
186,7268,47,179.98,165,179.98,4.224908113,23.70585882,6.756609621,10.64993576,118.3457691
187,6086,79,887.91,51,887.91,5.589850756,39.10063824,4.842465565,39.71080977,89.4478264
188,9770,48,273.29,148,273.29,3.560444095,22.5879668,7.739223649,19.1893197,140.4319199
189,7028,44,219.3,143,219.3,3.814858898,22.71240399,7.561085338,14.37143587,131.0664466
19,6901,61,523.08,97,523.08,4.705973148,32.40375099,4.439341429,27.78808886,106.2479501
190,5253,38,152.59,137,152.59,3.696460158,21.16577722,7.095567399,10.32000843,135.2645446
191,9939,55,414.17,87,414.17,4.129243892,28.57684753,4.555641956,25.07541397,121.0875436
192,428,48,199.52,313,199.52,4.335601561,23.37512175,8.725461447,11.50474722,115.3242504
193,6932,51,263.6,191,263.6,4.159061784,25.0950334,6.812880819,15.8449197,120.2194211
194,7344,52,573.56,162,573.56,4.22843273,29.0909442,6.209490744,33.91090959,118.2471218
195,7520,44,196.83,139,196.83,4.467927742,23.3841726,9.373941525,11.01349503,111.9087033
196,9602,55,331.6,245,331.6,4.833657015,27.40736434,8.80855964,17.15057559,103.4413485
198,9769,40,271.3,95,271.3,3.724953624,22.9539158,8.127119622,18.20828038,134.2298591
199,7427,79,820.73,42,820.73,5.306986763,34.61432677,7.865343647,38.66271185,94.21542249
2,9548,153,3135.05,18,3135.05,5.460449316,49.73375528,2.166392614,143.5344337,91.56755628
20,9517,39,84.4,210,84.4,3.090059759,18.73335419,4.719715962,6.828346907,161.8091684
200,6958,41,174.48,186,174.48,3.910141266,20.72039903,10.56609552,11.15560718,127.8726179
201,9582,74,1500.75,66,1500.75,3.975297086,32.5976539,5.082525755,94.37973864,125.7767631
202,9580,48,258.5,199,258.5,3.932459425,22.92600994,9.311099879,16.433736,127.1468936
203,7217,40,110.83,186,110.83,3.218166571,17.56581917,9.640941209,8.609715932,155.3679677
204,9907,48,632,181,632,3.239595386,23.49138068,9.669197687,48.77152273,154.3402618
205,10000,38,224.81,185,224.81,3.019688643,19.45937631,9.393397649,18.61201821,165.5799849
207,9996,47,338.41,263,338.41,4.088083797,25.15535081,8.107640364,20.69490358,122.3066906
208,10002,34,123.93,NA,123.93,NA,NA,NA,8.400417865,135.5671406
209,5784,68,871.97,103,871.97,4.893658774,34.67783066,5.592923933,44.54591341,102.1730413
21,7236,57,237.13,273,237.13,4.423482575,26.93069362,5.051166209,13.40177089,113.0331117
210,410,42,220.05,175,220.05,4.293811729,24.47613475,7.305991439,12.81204288,116.4466519
211,9520,125,3025.75,NA,3025.75,NA,NA,NA,162.1869466,107.2044595
212,9941,42,161.25,157,161.25,4.088519188,23.626628,5.55660908,9.859926822,122.293666
213,9917,56,421.5,171,421.5,4.541446664,28.91778529,6.441958867,23.20295884,110.0970763
215,9768,65,503.68,196,503.68,4.228075939,30.2266985,4.17749254,29.78186812,118.2571002
216,9910,58,422.82,140,422.82,1.834011222,20.73608443,1.209491939,57.63596141,272.6264671
217,9600,42,144.1,147,144.1,3.442659439,22.46070405,3.760547904,10.46429385,145.2365559
218,9528,71,946.69,84,946.69,4.866579776,35.08618245,5.432663417,48.63220391,102.7415604
219,9989,101,1583.07,254,1583.07,5.137514951,40.66222497,4.040090245,77.03481232,97.32331775
22,139,65,305.15,237,305.15,3.454304675,30.1916517,0.880341936,22.08476298,144.7469309
220,9977,62,441.4,96,441.4,4.609736186,31.80589729,3.860385237,23.93846319,108.466077
222,9947,92,595.1,73,595.1,7.105713793,46.79526199,3.336236911,20.9373758,70.36590757
223,9813,58,410.88,202,410.88,4.26329395,30.37824113,3.421267011,24.09404587,117.2802077
224,9774,57,574.58,NA,574.58,NA,NA,NA,37.22635766,129.5776312
225,6243,49,241.83,217,241.83,4.374576056,26.94930959,4.919365938,13.82019634,114.2967898
226,6911,35,25.45,70,25.45,5.206821302,16.40377593,5.756842797,1.221954746,96.02787785
227,6145,134,2986.53,60,2986.53,5.338259277,43.85920374,5.24548172,139.864413,93.66349104
228,9794,48,370.76,122,370.76,4.219112368,26.34528462,7.545035354,21.96907594,118.5083393
229,7382,41,156.04,194,156.04,3.546829232,21.22214938,6.326387527,10.99855602,140.9709821
23,9657,42,79.68,240,79.68,4.345763197,20.46087111,6.583931884,4.583774839,115.0545893
230,5907,54,198.86,237,198.86,4.90919919,26.97607415,6.071353658,10.12690626,101.8496053
231,9697,53,306.72,NA,306.72,NA,NA,NA,22.72677538,148.1923277
232,7148,86,1486.75,45,1486.75,3.525998912,31.17037539,3.661245421,105.4133904,141.8037874
233,9965,43,182.57,236,182.57,4.06530171,24.1185012,5.493968927,11.22733397,122.9921014
234,6940,51,349.94,110,349.94,4.184349226,27.59214364,5.148308013,20.90767173,119.4928944
235,8311,39,215.57,95,215.57,3.118567117,22.97976637,3.305996042,17.28117369,160.330043
236,9745,50,450.55,113,450.55,4.009096761,28.64284898,4.266599872,28.09548053,124.7163712
237,9766,34,54.51,61,54.51,3.603227971,17.54511763,5.978792518,3.782025481,138.7644645
238,9568,83,1361.49,93,1361.49,6.022581192,42.15109663,6.508560191,56.51605003,83.02088158
239,9785,55,439.15,208,439.15,4.545237522,29.20195396,6.332434351,24.15440326,110.0052522
24,9815,62,589.63,239,589.63,3.794168105,32.1740705,1.702932848,38.85107246,131.7811932
241,9427,64,681.91,92,681.91,4.628216707,32.75701436,4.955944051,36.83438153,108.0329707
243,9940,45,264.06,155,264.06,3.971487135,24.6720545,6.406217608,16.6222369,125.8974241
244,9665,53,516.65,251,516.65,4.495800011,29.25614319,7.032345072,28.72959199,111.2149114
245,9529,46,533.79,396,533.79,3.965252515,26.06159687,9.135373298,33.65422492,126.0953743
246,7384,70,1108.92,126,1108.92,4.404563366,36.9289278,2.447488317,62.94153971,113.5186302
247,7062,48,347.2,154,347.2,4.018644129,27.68910921,4.203675143,21.59932485,124.420074
248,9576,99,2433.32,28,2433.32,3.880392338,33.24154911,6.080127733,156.7702302,128.85295
249,7518,80,1165.43,94,1165.43,3.884380806,30.50279244,5.915001719,75.00745023,128.7206443
25,6931,38,105,199,105,2.926925961,17.09196804,8.550663061,8.968453712,170.8276898
250,9716,94,1875.1,137,1875.1,3.862498726,30.6894713,8.804049453,121.3657358,129.4498809
251,9978,59,400.62,163,400.62,4.449394128,30.41711443,4.031581176,22.50980631,112.3748505
252,9979,56,367.06,278,367.06,4.769003275,27.97590999,8.276311935,19.24196624,104.8437108
253,6961,34,114.9,149,114.9,2.546123532,16.01795846,9.880555537,11.28185638,196.3769604
254,7346,47,491.29,NA,491.29,NA,NA,NA,30.95319832,126.00785
255,8240,66,910.46,79,910.46,4.968816504,32.79902008,9.16518256,45.80869505,100.627584
256,9699,55,381.76,206,381.76,3.741788407,26.89426809,4.132503018,25.50651977,133.6259418
257,9567,74,978.38,192,978.38,3.82562961,29.31312119,6.241045518,63.93588114,130.6974409
258,7323,40,151.2,166,151.2,3.363714256,20.48490466,6.412231685,11.23757761,148.6452065
259,7296,51,419.3,168,419.3,3.564942268,24.27630866,7.507334484,29.40440325,140.2547257
26,7071,62,562.41,213,562.41,4.4133282,34.22090493,2.316314231,31.85860956,113.2931831
260,9926,48,374.6,178,374.6,3.590747402,23.38978368,8.785974584,26.08092119,139.2467763
261,9634,64,833.63,100,833.63,4.475442936,33.5092047,4.338972299,46.56689919,111.7207855
262,6922,53,268.59,242,268.59,3.788124361,23.77829536,6.889285448,17.72579082,131.9914428
263,9976,47,342.13,217,342.13,3.90850224,24.39382918,8.395115054,21.88370244,127.9262411
265,7316,59,512.6,170,512.6,3.692062949,25.97386342,6.684742694,34.70959238,135.4256433
266,6984,48,169.09,248,169.09,3.957412154,27.03056741,2.255878335,10.68185429,126.3451924
267,7143,57,545.16,226,545.16,4.380060963,28.92046288,7.157656731,31.11600527,114.1536623
269,9920,41,370.75,152,370.75,3.560882336,23.20857359,8.86380089,26.0293633,140.4146368
27,9527,67,896.03,133,896.03,4.536369373,34.26947137,4.234477598,49.38034838,110.2203015
271,6071,91,1271.99,62,1271.99,5.268589224,42.37715441,2.720672299,60.3572392,94.90206558
272,4931,46,187.46,159,187.46,3.747617555,24.0811227,4.276501237,12.50527817,133.4180963
273,9759,44,76.62,119,76.62,3.525664302,19.29204198,5.124777134,5.433018676,141.8172455
274,9733,75,880.53,130,880.53,3.012843974,28.11564497,2.149583762,73.06468636,165.9561545
275,10003,60,556.75,167,556.75,4.856366937,32.40594998,5.465871613,28.66082852,102.9576238
276,9916,61,409.15,239,409.15,4.632341648,30.64479626,4.692109804,22.08116494,107.9367711
277,7298,59,610.04,221,610.04,4.610594393,31.31982108,5.927876099,33.07816455,108.4458873
278,9968,43,151.23,164,151.23,4.253939587,24.02274097,5.398072582,8.887643848,117.5381055
279,7273,47,184.94,176,184.94,3.410556674,23.16713445,3.813308698,13.55643797,146.6036333
28,9542,95,1221.15,67,1221.15,6.924827992,48.67034302,4.569917839,44.08593258,72.20395952
280,9942,81,946.78,NA,946.78,NA,NA,NA,56.37865535,119.0955773
281,7010,61,643.85,129,643.85,4.197944245,30.40952404,4.942981874,38.34317242,119.1059173
282,9721,69,1175.55,133,1175.55,4.966304643,36.68693926,5.426334109,59.17629326,100.6784795
283,9549,69,780.6,107,780.6,4.075163151,31.44117433,4.028770131,47.88765327,122.6944742
284,9597,58,532.32,222,532.32,4.108010677,28.27915551,6.147176759,32.39524199,121.713413
285,9748,60,398.42,171,398.42,4.681783289,31.16619785,4.287560129,21.27501293,106.7969124
286,159,58,438.86,278,438.86,4.583450885,30.94063864,4.504664925,23.93720425,109.0881112
287,9620,50,388.47,124,388.47,4.073994401,26.82751533,6.145976111,23.83839801,122.7296729
288,9992,77,1125.12,146,1125.12,5.591045481,36.76599353,9.300311276,50.30901662,89.4287127
289,9628,49,236.67,119,236.67,4.162004449,26.11090505,4.831194684,14.21610686,120.1344223
290,9637,54,444.56,NA,444.56,NA,NA,NA,26.39202959,118.7332625
291,9643,53,387.86,NA,387.86,NA,NA,NA,27.7650504,143.170476
292,7328,37,65.14,NA,65.14,NA,NA,NA,5.010086082,153.8251791
293,9535,77,1171.71,287,1171.71,4.687217205,35.59574125,4.959098219,62.4949703,106.6731022
294,9814,51,264.62,118,264.62,4.600001988,27.42405903,5.859507822,14.38151552,108.6956052
295,5818,49,294.07,169,294.07,4.190239667,26.14847994,6.104394935,17.54493915,119.3249169
296,9973,52,348.52,190,348.52,4.098930122,26.66300303,5.879512653,21.25676638,121.9830505
297,8424,47,332.02,268,332.02,3.775311272,26.36265664,4.297553242,21.98626657,132.4394107
298,6390,46,149.43,257,149.43,4.340408796,22.89740523,7.281935947,8.606908186,115.1965226
299,8357,49,213.51,184,213.51,4.268570337,27.56808578,3.427450694,12.50477227,117.1352375
30,8222,84,1376.06,NA,1376.06,NA,NA,NA,80.3470338,116.7783873
300,9929,54,391.37,187,391.37,4.335093319,27.86724397,6.246540399,22.56987169,115.3377709
301,9998,59,419.56,196,419.56,4.764885733,30.77667892,5.29170687,22.0131197,104.9343107
302,7000,65,750.01,118,750.01,4.753140621,33.57602274,5.222650672,39.44812808,105.1936056
303,8249,68,660.09,70,660.09,5.583502892,37.02071862,5.181583359,29.5553711,89.5495193
304,7092,51,220.26,146,220.26,4.575771969,27.26095056,4.952141215,12.03403499,109.2711795
306,8256,58,432.7,148,432.7,4.486382154,29.47911586,5.558255502,24.1118559,111.4483748
307,6915,64,578.22,138,578.22,4.652750417,33.73247814,3.501316219,31.06872001,107.4633185
308,9595,46,150.58,265,150.58,3.858606036,23.20685022,4.757352472,9.756113904,129.5804742
309,6973,56,454.89,178,454.89,4.709917309,29.27494925,7.471359312,24.14532836,106.1589763
31,9524,76,1265.08,169,1265.08,3.365596443,29.51056796,3.829743202,93.97145657,148.5620776
310,5950,59,458.3,222,458.3,4.193884477,28.88553657,5.019835646,27.31954125,119.2212143
311,7314,44,156.42,150,156.42,4.082814185,23.09029493,6.089945287,9.57795242,122.4645495
312,9562,59,354.2,203,354.2,5.20147854,32.31559704,4.787517538,17.02400564,96.12651406
313,9993,70,994.93,83,994.93,4.922740706,36.83490752,4.251099225,50.52723978,101.5694366
314,6195,58,454.6,130,454.6,4.985731073,29.41363539,9.07402816,22.79505219,100.2861953
315,7255,55,365.72,173,365.72,4.001683647,26.37739031,6.00555908,22.84788306,124.9474082
316,6921,78,1043.15,77,1043.15,3.698567486,31.40936882,3.18478733,70.51040733,135.1874751
317,88,46,215.43,141,215.43,4.834845249,25.21043969,8.886281485,11.1394465,103.4159263
318,10014,63,1187.92,101,1187.92,3.948875048,31.61483619,4.963458667,75.2062287,126.6183391
319,6154,83,1132.65,81,1132.65,5.103756287,38.33709236,4.376461972,55.48119543,97.96706031
32,6151,99,1443.71,32,1443.71,5.396696107,47.42957957,1.402634666,66.87934486,92.64927839
320,9801,48,376.33,190,376.33,4.051835036,26.58774115,6.17214189,23.21972616,123.4008778
321,6939,55,474.07,NA,474.07,NA,NA,NA,25.75367354,108.649244
323,6150,65,536.52,182,536.52,5.05979464,34.10569966,4.537809439,26.50898101,98.81823979
324,9988,59,736.03,100,736.03,4.329916762,31.18556644,5.479227677,42.49677537,115.475661
325,7404,49,414.49,134,414.49,4.115776411,26.56578611,7.274638855,25.17690216,121.4837615
326,7349,59,348.9,290,348.9,5.011651961,31.24412618,4.960560638,17.40444083,99.76750259
327,8247,66,964.86,124,964.86,4.591988536,33.54296396,5.692224533,52.5295301,108.8852893
328,9521,60,608.81,237,608.81,4.114850991,28.75203185,6.321203861,36.9885812,121.5110829
329,9987,69,1343.2,62,1343.2,3.75905666,31.49704987,4.396445451,89.33092273,133.0120946
33,8266,92,1666.13,37,1666.13,4.676506515,37.77400702,4.37793683,89.0691585,106.9174176
330,9057,59,705.7,175,705.7,4.501395793,30.5792088,7.222230844,39.1933987,111.0766578
331,7182,46,138.9,194,138.9,4.128321955,24.8180422,3.732770387,8.411407923,121.1145849
332,9581,96,1599.37,114,1599.37,5.107951281,39.43779293,5.008305499,78.27844825,97.88660317
333,8230,87,1198.33,49,1198.33,5.693139702,41.05635475,5.100659613,52.62166672,87.825001
334,6964,77,1109.1,79,1109.1,4.904519366,37.67967813,3.912052165,56.53459174,101.9467888
335,7353,74,798.94,167,798.94,3.814183806,31.07163333,3.173262525,52.36638038,131.0896447
336,8387,57,251.88,361,251.88,4.43075978,28.61735678,3.714532294,14.21200948,112.8474629
338,9713,53,422.03,182,422.03,4.121759906,28.15183675,5.098858245,25.59768216,121.3074054
339,9539,60,502.82,109,502.82,4.043012395,29.13153013,4.390587736,31.09191556,123.6701625
34,7013,65,350.31,134,350.31,4.454235392,36.14126552,0.987222819,19.66162367,112.2527114
340,9560,45,47.8,148,47.8,1.416707089,15.02502108,1.338632622,8.435053435,352.9311061
341,6909,58,356.22,230,356.22,3.449072315,26.76727229,2.735878104,25.81998632,144.9665169
342,9579,60,511.94,77,511.94,4.613857304,31.33640848,4.973018853,27.73926274,108.3691946
343,9704,64,804.65,76,804.65,4.190451156,30.45225658,6.06274664,48.00497429,119.3188946
344,9587,81,1249.54,85,1249.54,3.410922372,30.67409186,2.906814156,91.58373189,146.5879154
345,9433,127,2338.5,21,2338.5,7.567494855,56.68332522,4.885376895,77.25476015,66.07206342
346,7287,59,399.5,217,399.5,4.790482471,31.84275897,4.137891663,20.84863072,104.3736206
347,9510,48,152.21,214,152.21,3.10838219,21.98487722,3.153958659,12.24189873,160.8553805
348,7218,48,219.27,226,219.27,4.003358891,25.63696093,4.325041264,13.69287678,124.8951227
349,8422,127,2130.96,58,2130.96,3.211509449,30.96285503,3.112577379,165.8846124,155.6900292
35,NA,56,305.61,220,305.61,NA,NA,NA,16.33319597,106.8891461
350,6074,99,1935.23,56,1935.23,3.204936306,30.72071624,3.007699542,150.9569782,156.0093406
351,7424,56,101.64,252,101.64,4.603074205,25.17272023,3.628678158,5.520223848,108.6230588
354,10011,54,429.58,NA,429.58,NA,NA,NA,23.69567699,110.3202057
356,9954,75,571.51,63,571.51,5.386181204,35.88213426,4.640602534,26.52667903,92.83014831
357,7192,62,695.22,108,695.22,3.486738034,29.47472183,2.598964391,49.84745006,143.4005065
358,9555,69,525.91,159,525.91,4.925316419,33.03822774,4.846994134,26.69422405,101.5163205
359,9803,59,454.26,106,454.26,4.502848227,30.02963335,5.253129561,25.22070349,111.040829
36,7320,56,251.08,174,251.08,2.75932751,22.77420492,2.426854141,22.74829638,181.2035716
360,9971,56,208.84,191,208.84,3.165749607,24.17384201,2.346725919,16.49214451,157.9404761
361,9983,45,325.48,199,325.48,3.224097407,24.29280464,3.820477755,25.23807122,155.0821631
362,9669,45,368.02,202,368.02,3.523181544,23.93570025,6.915306456,26.11418085,141.917183
363,8353,30,99.64,98,99.64,3.166732955,16.6140976,10.98112081,7.866151127,157.8914317
364,9948,81,1323.27,145,1323.27,4.668567268,33.54607364,8.481589781,70.86060477,107.0992387
365,9986,96,2517.4,43,2517.4,3.352508673,30.2153063,6.041635884,187.7250923,149.1420452
366,772,39,101.31,85,101.31,3.660467188,19.13777213,7.711223831,6.919198752,136.594586
367,8376,70,1100.03,75,1100.03,5.032926316,35.93627738,6.321836019,54.64167022,99.34578188
368,7177,43,153.86,178,153.86,3.519286955,20.47905633,7.454177125,10.92977086,142.0742345
369,9974,47,257.65,298,257.65,3.288632512,21.34141171,7.937814258,19.58640857,152.0388788
37,7288,61,594.9,210,594.9,4.599678753,32.61099718,4.328896118,32.33377981,108.7032436
370,6242,90,2660.34,25,2660.34,4.93010484,39.4647371,6.734083428,134.9028107,101.4177216
371,6979,42,178.32,137,178.32,3.896374459,22.26899402,7.335670243,11.44140546,128.3244219
373,6043,95,1262.35,70,1262.35,4.524095735,32.78851002,8.142665834,69.757034,110.5193235
374,9612,45,281.65,283,281.65,3.483138471,21.9526042,8.82226804,20.2152457,143.5487002
375,9712,57,538.62,162,538.62,3.857396208,27.94201487,5.094587663,34.90826266,129.6211157
376,9737,58,609.72,292,609.72,4.445608828,30.70812176,5.728496442,34.28776708,112.4705343
377,10004,45,242.17,166,242.17,3.606619113,22.4697791,7.39753141,16.78649675,138.6339906
378,7322,48,512.34,267,512.34,3.431042987,22.40840176,13.40941191,37.331214,145.728282
379,7396,49,443.32,139,443.32,3.955627476,26.7409768,6.345102676,28.01831079,126.4021961
38,6184,76,961.81,70,961.81,5.411600924,41.67689446,2.752294428,44.43278493,92.39410056
380,7036,47,253.13,155,253.13,4.364855176,25.52052725,7.028338869,14.49819008,114.5513379
381,6180,46,144.03,288,144.03,4.379268196,26.13406416,3.529028297,8.222264175,114.1743272
382,9507,36,16.3,90,16.3,1.150836834,10.69113577,5.773749018,3.540901611,434.4664553
383,9994,50,405.89,120,405.89,3.225890974,22.64718957,7.892552165,31.4556508,154.9959388
384,6937,50,430.87,210,430.87,3.239947228,22.58107915,8.691247132,33.24668349,154.3235012
386,9931,42,86.14,380,86.14,3.068257176,18.93717894,4.438369922,7.018642429,162.9589605
387,9399,108,1393.22,NA,1393.22,NA,NA,NA,73.07373258,104.8990577
388,9958,45,237.61,332,237.61,4.011992403,23.23927913,8.452671308,14.80623442,124.6263576
389,7394,40,117.12,169,117.12,3.709380316,19.72216974,7.940857977,7.893501746,134.7934041
39,9133,56,430.4,NA,430.4,NA,NA,NA,25.44660013,118.2462831
390,9128,47,365.78,212,365.78,4.216637305,25.77106861,8.485509355,21.68671227,118.5779008
391,7167,43,155.5,202,155.5,3.256555252,21.18344962,4.858680387,11.9374606,153.5364707
392,9739,60,590.14,225,590.14,4.667315046,30.48632849,7.233400638,31.61025098,107.127973
393,7025,46,222.1,428,222.1,3.972598018,24.12761817,6.163936593,13.97699937,125.8622186
394,9130,47,328.35,266,328.35,3.943537124,24.45938686,8.184439904,20.81570362,126.7897282
395,9655,57,393.29,224,393.29,3.238312745,24.31719177,4.671173231,30.362262,154.4013934
398,9782,41,244.66,144,244.66,3.485239622,21.73278871,8.162221872,17.54972588,143.4621588
399,9727,39,39,135,39,4.382110107,18.28893893,5.111687786,2.224955504,114.1002822
4,9778,62,629.55,186,629.55,2.601017434,28.46024673,0.520409505,60.50997505,192.2324678
40,7106,60,663.29,104,663.29,4.245643232,30.79537923,4.912226899,39.05709711,117.7677852
400,9591,56,466.84,62,466.84,2.441245132,19.95766176,7.770038957,47.80757101,204.8135165
401,8312,50,370.4,134,370.4,4.269568622,27.52707091,6.008136711,21.68837374,117.1078496
402,9574,74,853.23,99,853.23,4.134403066,31.41946306,4.771372428,51.59330056,120.9364428
403,9730,61,545.71,111,545.71,4.515515048,30.38290575,5.913400276,30.213054,110.7293398
404,9930,38,97.47,87,97.47,3.887635128,21.41869288,4.907207324,6.267949331,128.6128928
405,9584,66,1038.54,216,1038.54,3.61536702,29.53187924,4.658133462,71.81428568,138.2985454
406,9416,118,2758.98,23,2758.98,4.515073968,40.20330649,3.427857091,152.7649392,110.740157
407,6967,43,190.62,142,190.62,3.776235392,24.32706779,4.195523288,12.61971118,132.4070001
408,6445,46,142.24,NA,142.24,NA,NA,NA,8.419509797,118.3845585
409,7164,63,485.28,70,485.28,5.163165308,34.34507585,4.308810317,23.49721397,96.83982017
41,9913,69,1063.85,123,1063.85,4.39011609,34.67913671,3.836323604,60.58211094,113.8922046
410,6963,64,682.23,116,682.23,4.859499248,33.54326879,5.326717667,35.09775211,102.8912599
411,5768,77,1148.96,146,1148.96,5.038692138,38.04962059,4.375197865,57.00685657,99.23209959
412,9914,62,535.59,126,535.59,4.212472382,30.24966552,4.341225312,31.78596507,118.6951402
413,9816,57,283.4,244,283.4,4.7838368,27.83490493,6.652199001,14.81028784,104.5186157
415,9412,70,888.92,106,888.92,3.286033091,26.78606169,5.342391469,67.62865553,152.1591494
416,8366,58,526.74,108,526.74,4.426048887,29.02720237,7.058986239,29.75226966,112.9675728
417,NA,48,307.59,155,307.59,NA,NA,NA,20.23104328,131.5455202
418,9506,52,298.49,174,298.49,4.281410554,27.12495247,5.369553229,17.42941936,116.7839416
419,7418,56,246.98,NA,246.98,NA,NA,NA,11.82377693,95.74683721
42,7413,52,90.7,180,90.7,3.340217795,26.76272975,0.596014833,6.788479491,149.6908377
420,9547,56,273.43,218,273.43,4.465051984,28.14482894,4.619391157,15.30945222,111.9807791
421,7096,56,397.16,221,397.16,3.692303633,26.01753556,5.120617228,26.89107123,135.4168155
422,9522,35,27.33,120,27.33,5.236874423,16.06402245,6.532978128,1.304690441,95.47679773
423,7058,71,1018.17,91,1018.17,4.669804108,33.54214671,6.540160049,54.5081751,107.0708725
425,9537,39,56.19,130,56.19,2.774524302,17.20131808,3.901140068,5.06303008,180.2110724
426,7458,51,865.29,115,865.29,3.515737323,27.41918257,6.058167504,61.52976747,142.2176784
427,7319,45,241.78,260,241.78,4.037643563,25.64511682,4.916853427,14.97036553,123.834606
428,5874,46,293.07,152,293.07,4.21630449,25.37806512,7.44392518,17.37718426,118.5872608
429,9534,35,64.53,129,64.53,3.159873226,17.45345365,5.573470291,5.10542634,158.2341962
43,7120,46,191.02,233,191.02,4.166631083,24.66350564,5.495425087,11.46129788,120.0010248
430,NA,46,250.05,216,250.05,NA,NA,NA,14.98753299,119.8762887
431,9933,45,127.37,246,127.37,4.846456331,23.11253502,7.978988124,6.570264503,103.1681637
432,7460,38,85,219,85,4.037351296,18.53827774,9.15148797,5.263351747,123.8435705
433,10012,71,1746.18,136,1746.18,4.522066108,33.17338443,10.32679326,96.53662497,110.5689276
434,6040,64,695.34,172,695.34,4.328322752,30.08820654,6.643864025,40.16220831,115.5181877
435,7199,38,141.37,119,141.37,3.544400918,20.30651775,7.318416597,9.971360694,141.067563
436,7111,58,413.27,299,413.27,4.450057892,28.54476863,6.305463782,23.21711369,112.3580888
437,7258,47,300.25,180,300.25,4.049316005,26.6401599,4.849886359,18.5370813,123.477644
438,9793,43,106.58,152,106.58,3.469091951,20.00365398,5.645291559,7.680684277,144.1299358
439,992,68,1040.64,52,1040.64,4.181073557,30.21095123,8.213285696,62.22325355,119.5865113
44,9757,76,1369.32,123,1369.32,5.102916401,41.69491987,2.742654461,67.0851672,97.98318465
440,9736,49,562.5,146,562.5,3.820479696,27.01049215,6.477658962,36.80820504,130.8736179
441,6108,58,621.53,225,621.53,3.891747428,28.6468621,5.116814203,39.92615217,128.4769912
442,10006,112,3125.58,43,3125.58,4.660636875,40.39374614,4.592996872,167.6584168,107.2814753
443,6035,61,696.29,193,696.29,3.780212081,28.61814201,5.019713389,46.04834234,132.2677113
444,9640,55,505.98,NA,505.98,NA,NA,NA,31.5478564,124.7000134
445,5890,47,217.94,147,217.94,4.302557083,25.7430342,5.472812846,12.66339968,116.2099631
446,9951,48,156.78,164,156.78,4.723278055,26.81792962,4.33261683,8.298262254,105.8586842
447,9592,87,1918.8,34,1918.8,5.321054038,41.3416043,5.294033399,90.15131148,93.96634509
448,9909,54,560.24,NA,560.24,NA,NA,NA,34.40520258,122.823085
449,9743,59,730.91,183,730.91,4.307681496,29.93243273,7.08069523,42.41899039,116.0717199
450,6975,46,238.79,218,238.79,4.027858655,25.04833617,5.561973628,14.82115067,124.1354384
452,6929,53,430.7,112,430.7,4.082718926,28.37887046,4.724476089,26.37335608,122.4674069
453,9394,104,2278.02,53,2278.02,6.595566267,49.98951587,5.289093263,86.34664211,75.80850222
454,9607,59,507.72,142,507.72,4.2436952,30.82355716,3.727069895,29.91025369,117.8218455
455,9538,62,461.23,287,461.23,4.230197692,28.76063575,5.404216475,27.25818234,118.1977856
456,9779,57,364.29,244,364.29,3.997625727,27.79685596,4.197563742,22.78164746,125.0742401
457,9796,59,332.85,192,332.85,3.693045253,26.61879909,3.656910377,22.5322178,135.3896218
458,6069,89,1948.28,34,1948.28,5.330944837,42.82188125,4.119474126,91.36654287,93.7920041
459,9784,55,273.64,251,273.64,2.835844481,22.99242667,2.773538967,24.12332568,176.3143231
46,7308,63,508.81,253,508.81,4.863595197,32.54027191,4.893573318,26.15400642,102.8046085
460,7125,60,710.47,188,710.47,3.317429449,27.78442882,3.321228204,53.54070154,150.7191058
461,6898,46,120.8,183,120.8,4.524027409,24.25745484,4.956709967,6.675467956,110.5209927
462,9970,49,469.5,176,469.5,3.906376751,26.59434356,6.615813547,30.04702502,127.9958467
463,5984,47,180.34,185,180.34,4.16236191,24.50899334,5.359729681,10.83159057,120.1241052
464,6216,124,1855.62,38,1855.62,4.9776546,40.15857292,4.326884838,93.19750711,100.4489142
465,6073,95,1234.52,NA,1234.52,NA,NA,NA,59.02526588,95.62464096
466,9589,90,1726.17,68,1726.17,5.605641328,43.62132609,4.277689145,76.98360897,89.19586017
468,5811,47,473.51,216,473.51,3.512987564,26.07818367,4.821832851,33.69710192,142.328998
469,6034,67,833.53,156,833.53,4.799153695,35.16428849,4.379423855,43.42067649,104.1850359
47,6244,73,696.53,115,696.53,5.009155836,37.97837675,2.603660538,34.76284342,99.81721798
470,9518,80,1554.16,96,1554.16,4.55528717,37.36996657,3.810803477,85.29429331,109.7625641
471,7186,53,266.66,255,266.66,4.788547909,28.14435741,5.89730836,13.92175692,104.4157873
472,7372,65,455.19,228,455.19,5.251658365,32.74124572,5.91409909,21.66886954,95.20802102
474,7387,44,162.79,138,162.79,3.063583368,20.93744825,4.457328567,13.28428024,163.207571
476,9804,60,449.87,187,449.87,4.170601276,29.40523461,4.248674136,26.96673514,119.8867902
477,9544,43,120.99,139,120.99,2.402930289,17.84094148,4.459678268,12.58775593,208.0792782
478,9442,106,1423.76,33,1423.76,6.082553703,45.19092736,4.359852324,58.51818453,82.20231574
479,8231,88,1704.49,39,1704.49,6.342126531,43.46655705,8.662981952,67.18921452,78.83790989
48,5867,136,1913.65,20,1913.65,5.391760167,42.1085578,4.948390637,88.73030053,92.73409509
480,9776,59,666.12,171,666.12,4.0191556,29.68355083,4.936208212,41.43407635,124.4042405
481,6901,62,739.33,65,739.33,4.428513439,31.80430047,5.338163684,41.73691749,112.9047042
482,9951,47,134.3,246,134.3,4.944091666,24.79338507,6.417189452,6.790933961,101.130811
483,7143,56,630.78,176,630.78,3.897360118,27.54968728,6.910030991,40.46200382,128.2919681
484,6979,42,202.34,152,202.34,3.787515118,21.4972755,9.276169474,13.35572227,132.0126744
485,9719,49,249.62,218,249.62,3.635090952,23.74801771,5.558844676,17.16738338,137.5481402
486,410,48,151.19,NA,151.19,NA,NA,NA,8.49889006,112.4266163
488,9970,42,246.13,185,246.13,3.911124178,23.06513316,8.419477745,15.73268891,127.840482
489,9133,48,306.72,112,306.72,3.692385219,23.63819734,7.446593401,20.76706396,135.4138234
490,6944,42,163.84,125,163.84,3.885760433,22.52452264,6.275483569,10.54105128,128.6749424
491,7394,40,138.4,23,138.4,3.239137921,19.73524767,6.529402034,10.68185451,154.3620593
492,9776,55,722.41,158,722.41,3.477369881,26.49015376,6.244972113,51.93652277,143.7868323
493,7063,45,400.52,203,400.52,3.642078669,24.95251243,6.494317087,27.49254179,137.2842394
494,9538,61,587.65,138,587.65,3.132299989,23.95209841,6.755138256,46.90243608,159.6271116
495,9526,43,152.99,191,152.99,3.736049121,20.84276029,7.962354707,10.23741893,133.8312168
496,9416,111,2129.26,1208,2129.26,4.032533919,34.46382468,4.926357942,132.0050893,123.9915175
499,9930,37,115.54,98,115.54,3.678788403,20.84565368,5.756617316,7.851769885,135.9143134
5,9619,60,760.56,126,760.56,4.046646274,30.02526445,5.3568664,46.98705722,123.559107
50,5772,59,447.95,240,447.95,2.865982502,22.93663357,4.854609356,39.07473264,174.4602417
500,6965,98,1772.27,NA,1772.27,NA,NA,NA,98.27801628,110.9063701
501,9965,47,161.51,248,161.51,3.936320793,24.7567818,3.715149607,10.25767516,127.0221677
503,6242,94,3037.38,56,3037.38,5.056805456,39.51572817,8.837498977,150.1629846,98.87665333
504,7186,47,348.8,417,348.8,3.956532523,25.25978546,7.219071116,22.03950037,126.3732819
505,6241,64,548.59,68,548.59,4.631956948,31.91397324,4.794803738,29.60897555,107.9457356
506,159,51,393.25,264,393.25,3.715739634,24.70431368,7.375817384,26.45839313,134.5627114
507,766,39,107.54,87,107.54,3.719731445,20.18412437,6.535811355,7.227672319,134.4183061
508,6951,50,261.17,303,261.17,4.810574654,26.31279019,8.508151334,13.57270278,103.9376864
509,108,57,304.68,226,304.68,4.53289987,27.7107488,6.002687905,16.80381261,110.3046646
51,6968,61,533.61,90,533.61,4.368240443,31.80847991,3.598044563,30.53918431,114.4625637
510,6945,63,973.54,82,973.54,4.633693165,33.72189724,5.786577278,52.52505751,107.905289
511,9399,148,2190.6,NA,2190.6,NA,NA,NA,111.405529,101.7123427
512,9619,60,771.01,105,771.01,4.225346073,31.71384494,4.494722722,45.61815687,118.3335025
513,6973,50,623.8,NA,623.8,NA,NA,NA,38.218253,122.5336743
514,5830,66,1072.73,121,1072.73,4.445212839,32.07917428,7.419164268,60.33063201,112.4805534
515,7517,100,2251.36,49,2251.36,4.293081792,37.59629211,3.631301467,131.1039545,116.466451
516,9980,43,172.28,213,172.28,3.143165544,21.13325872,4.847802691,13.70274629,159.0752994
517,9943,40,43.67,127,43.67,2.475634184,16.4730723,2.978185409,4.409981115,201.9684504
518,5644,45,274.62,218,274.62,4.009673427,25.08565047,6.234573092,17.12234207,124.6984347
52,9512,50,26.52,82,26.52,4.769181384,29.25867759,0.459448286,1.390175685,104.8397953
520,7013,52,331.78,98,331.78,4.307804738,28.60373695,4.360687456,19.25458674,116.0683992
521,9607,56,321.49,172,321.49,3.740436072,26.15549621,4.22320888,21.48746789,133.6742536
522,9958,44,239.38,256,239.38,4.048779145,24.40442633,6.63412161,14.78099888,123.4940169
523,8247,64,947.81,124,947.81,4.215160762,32.52136542,4.510645508,56.21434469,118.6194378
525,9713,52,369.65,180,369.65,3.900016674,25.61627363,6.621524753,23.69541151,128.2045801
526,8353,40,46.94,118,46.94,3.970413632,17.70720484,5.891935304,2.955611452,125.9314636
527,7314,37,115.98,138,115.98,3.560820711,18.93938908,8.713155538,8.14278571,140.4170669
528,5893,64,789.73,149,789.73,4.748821461,32.29969942,7.147486119,41.57505217,105.2892816
529,7008,87,1814.84,74,1814.84,5.004884393,39.43343415,5.053203821,90.65344259,99.90240748
53,9650,53,563.27,98,563.27,4.106023924,28.90900259,5.576845126,34.29534328,121.7723056
530,9591,60,290.14,59,290.14,4.399413193,29.62716769,3.312051025,16.48742612,113.6515208
531,6967,45,199.41,253,199.41,3.377164911,23.96041154,3.144644945,14.76164218,148.0531787
532,9539,62,398.73,193,398.73,4.107804433,28.73290695,4.127034366,24.26661289,121.7195239
533,9939,47,255.6,136,255.6,3.645486746,23.83983415,5.612417463,17.52852347,137.1558957
535,9595,49,171.2,NA,171.2,NA,NA,NA,11.9755228,139.9009673
536,9975,47,176.08,161,176.08,4.429949893,25.62150524,5.030962155,9.936906977,112.8680938
537,9934,43,136.95,391,136.95,3.724011756,22.24345159,4.929570239,9.193714263,134.2638082
538,9470,89,1640.29,38,1640.29,4.65708633,37.14675052,4.809361809,88.05344607,107.3632663
539,7077,39,26.41,132,26.41,4.92253924,15.99612286,6.028657764,1.341279303,101.5735935
54,5644,53,305.79,183,305.79,4.267767132,30.90264571,2.265213317,17.91276272,117.1572826
540,7217,40,60.1,161,60.1,4.136820956,19.66388776,5.299599572,3.632016024,120.8657579
541,9978,53,345.96,162,345.96,3.982622171,26.92601114,4.865612712,21.71684792,125.5454267
542,9598,63,582.57,72,582.57,5.015362279,32.5579813,6.414750578,29.0392781,99.69369552
543,9721,63,1063.89,121,1063.89,4.266074351,30.24039805,9.175377759,62.3459598,117.2037707
544,9510,39,103.43,153,103.43,3.403960399,19.10928674,6.660827093,7.596298713,146.8877253
545,9560,35,51.1,189,51.1,2.899444511,16.40578584,5.054665081,4.406016377,172.4468249
546,7120,43,217.33,137,217.33,3.24467444,20.5160355,8.182720095,16.74513145,154.0986651
547,9409,39,156.56,212,156.56,4.34145059,22.34605221,8.611530282,9.01541989,115.1688795
548,9940,41,147.92,89,147.92,3.943743241,22.28309455,6.288068888,9.376878193,126.7831016
549,9057,54,673.3,113,673.3,3.742541076,26.10880722,8.975755296,44.97612627,133.5990681
55,7378,59,540.16,173,540.16,4.309527195,29.63899606,5.608684525,31.335224,116.0220083
550,9919,48,296.42,185,296.42,4.536938237,26.50864342,7.592127847,16.33370263,110.2064815
551,9562,55,389.47,168,389.47,4.918939796,31.45113203,4.909515056,19.79440775,101.6479202
552,6939,55,574.33,207,574.33,4.211550143,27.41160137,9.052729452,34.09255384,118.7211319
553,9992,91,1546.61,55,1546.61,5.276546773,37.1312798,8.990137218,73.27756517,94.75894397
554,6903,47,383.14,223,383.14,3.243402674,21.69627817,10.12929731,29.53225659,154.1590885
555,9528,64,819.45,73,819.45,4.142431389,30.90110977,5.241472756,49.45465132,120.7020595
557,8357,46,332.53,247,332.53,2.952504656,20.31272078,9.814864488,28.1566025,169.3477431
558,6396,51,548.73,197,548.73,3.890304511,25.67755055,9.583888656,35.26266379,128.5246434
559,1435,53,370.99,189,370.99,3.919797914,25.56017453,6.874603157,23.66129633,127.5575963
56,6023,76,681.61,163,681.61,5.652854785,41.33467542,2.657515587,30.14450335,88.4508835
560,NA,46,244.51,149,244.51,NA,NA,NA,16.81586153,137.5474339
561,9698,60,742.16,190,742.16,4.920505036,32.39801045,7.745405449,37.70751145,101.6155855
562,9699,45,345.92,112,345.92,3.864745188,25.73168388,5.805013958,22.37663696,129.3746355
563,7177,44,180.26,174,180.26,3.017156662,18.24751054,11.00003444,14.93624795,165.7189387
564,9453,80,1477.9,54,1477.9,4.531517394,34.00813192,7.354811868,81.53449891,110.3383164
565,8424,48,399.28,216,399.28,3.480999346,23.38567061,8.357476938,28.6756733,143.636913
566,9570,65,1333.25,71,1333.25,3.809304235,29.36470774,8.212580531,87.49957459,131.2575655
567,9996,44,370.58,101,370.58,3.504966132,22.61480669,9.864724691,26.43249507,142.6547308
568,7125,48,658.74,139,658.74,3.355159538,24.78421253,7.939042347,49.0841041,149.0242101
569,9649,50,830.28,132,830.28,3.317273081,25.88442479,6.855651691,62.57247894,150.7262103
57,9629,48,145.85,166,145.85,4.58150895,26.64728032,3.754368397,7.958622453,109.1343497
570,265,45,114.38,146,114.38,4.050132177,20.88491363,7.287412055,7.060263406,123.4527611
571,8422,93,1804.76,NA,1804.76,NA,NA,NA,112.5488233,124.7244214
572,9989,130,1814.98,59,1814.98,7.259081262,66.81113343,0.724129737,62.50722145,68.87923994
574,9523,55,424.29,146,424.29,4.057139011,29.8768744,3.138541739,26.14465507,123.2395535
575,6434,58,190.95,103,190.95,4.963877663,28.84222332,4.195149633,9.61697754,100.727704
576,6921,92,1517.29,NA,1517.29,NA,NA,NA,100.9691351,133.0914131
577,9506,55,257.91,219,257.91,4.615128601,28.51454473,4.58579234,13.97089996,108.3393429
578,5151,71,1340.23,164,1340.23,4.59354746,36.27955463,4.376957008,72.94090306,108.8483366
579,6009,102,1226.81,122,1226.81,6.401348525,45.74788419,4.590520901,47.91217019,78.10854198
58,6396,60,465.6,197,465.6,4.398228631,29.71324946,5.206939317,26.46519992,113.6821302
580,7424,44,134.21,155,134.21,3.595726041,21.80664297,4.850463904,9.331217012,139.0539753
581,9959,55,333.1,127,333.1,3.881128857,26.02782317,5.274068157,21.45638629,128.8284977
582,9999,54,356.16,NA,356.16,NA,NA,NA,21.81854216,122.5210139
583,9520,99,2080.87,NA,2080.87,NA,NA,NA,150.021928,144.191543
584,9546,149,1890.26,34,1890.26,6.624808517,50.91655303,3.92015679,71.33262777,75.47387954
585,9793,55,114.79,247,114.79,2.448639939,19.29313796,2.523510658,11.71977126,204.1949868
586,6034,66,938.4,102,938.4,4.214752835,33.21170925,3.791927599,55.66162696,118.6309185
587,9997,58,333.65,210,333.65,5.101959245,30.33187979,6.089467965,16.34911139,98.00156684
588,9597,60,635.57,150,635.57,2.840741209,23.42660678,5.580388708,55.93346535,176.0104012
589,428,48,208.98,NA,208.98,NA,NA,NA,11.39664285,109.0692205
59,5893,72,723.7,164,723.7,5.248372179,38.42746566,3.201146527,34.47259337,95.26763402
590,6150,71,610.06,153,610.06,5.111558182,36.32208666,3.51925339,29.83728143,97.81753083
591,10009,56,431.06,97,431.06,4.516618901,30.76808268,4.297696061,23.85966192,110.7022777
592,9594,103,1321.44,66,1321.44,4.264844863,35.36334111,3.444555514,77.46119979,117.2375587
593,9391,61,667.42,249,667.42,3.883695062,29.02924363,4.934349718,42.96295084,128.7433725
596,9779,56,401.16,243,401.16,3.428386332,25.61748977,4.172674701,29.25282926,145.8412068
597,5950,64,528.63,244,528.63,4.532256468,33.37403004,3.026136442,29.15931632,110.3203236
598,7404,57,415.2,209,415.2,4.107739342,27.0861283,6.383834063,25.26937358,121.7214527
599,6958,56,377.4,220,377.4,4.345766271,27.98365528,5.92558125,21.71078565,115.054508
6,9758,49,130.11,104,130.11,3.198111825,21.59943864,3.370854649,10.1708451,156.3422505
60,9409,53,330.06,146,330.06,4.443432091,29.72969436,3.847244496,18.57010489,112.525631
600,5818,53,297.01,171,297.01,4.390687146,27.93189858,4.918441113,16.91136206,113.8773917
601,9665,59,549.09,209,549.09,4.61629227,31.1921338,5.514835416,29.73652706,108.3120328
602,10010,52,355.46,120,355.46,4.211404661,27.52059678,5.461131743,21.10103568,118.7252331
603,6922,56,242.85,221,242.85,3.960723329,24.07531644,6.756494676,15.32863948,126.2395675
604,7199,51,92.18,151,92.18,3.618935733,21.346732,3.841260593,6.367894237,138.1621661
605,5890,58,231.2,178,231.2,4.875424118,30.43571566,3.444218094,11.85537885,102.5551804
608,9534,42,144.84,132,144.84,2.991420602,21.39403186,3.141800738,12.10461678,167.1446669
609,9640,66,827.95,85,827.95,4.248393064,32.42850112,4.197878033,48.72136285,117.6915583
61,6903,54,249.99,196,249.99,3.964383882,24.90848651,5.684889678,15.76474475,126.1230029
610,9954,68,763.72,101,763.72,4.600257578,33.5432893,4.546738813,41.5041977,108.6895661
611,9654,53,150.57,188,150.57,4.841009393,26.63732118,4.692751992,7.775754381,103.2842449
612,7028,49,199.94,209,199.94,3.763329767,24.59766519,4.049657643,13.28212065,132.8610648
613,7273,45,200.6,109,200.6,2.683040497,20.37706575,4.108136296,18.69148082,186.355741
614,9988,68,1647.48,41,1647.48,3.205647461,28.67753864,4.843365388,128.4826248,155.9747309
615,6195,60,405.1,133,405.1,5.015541683,31.04413283,6.00986709,20.19223573,99.69012952
62,7203,56,209.54,NA,209.54,NA,NA,NA,13.37472617,127.6579763
622,6151,87,1418.43,43,1418.43,5.35109327,41.39386821,4.005482939,66.26823382,93.43884974
623,6932,57,213.56,170,213.56,3.666781271,24.55465263,3.958563292,14.56045399,136.3593744
624,9404,71,1080.98,101,1080.98,3.597837855,28.54870471,6.198814207,75.1131682,138.9723551
625,6937,62,504.51,248,504.51,5.190232164,32.32890831,6.739841538,24.30093607,96.33480435
626,9521,63,748.17,261,748.17,4.504933351,32.48718541,5.048943563,41.51948219,110.9894334
629,NA,47,307.35,189,307.35,NA,NA,NA,19.27737117,125.4424673
63,6981,34,97.67,NA,97.67,NA,NA,NA,7.669474062,157.0487163
630,9650,56,371.6,131,371.6,3.937089035,26.2462303,5.902343562,23.59611357,126.997382
631,6209,90,1041.57,126,1041.57,6.109979579,42.96920673,4.702054967,42.61757288,81.83333406
632,7287,59,948.53,176,948.53,4.140667135,31.60299841,5.115274958,57.26915308,120.7534882
633,9816,58,252.46,261,252.46,5.283468294,29.88223787,5.727064239,11.94575163,94.63480657
635,5276,58,461.44,154,461.44,3.469231138,27.00245411,3.407610455,33.25232463,144.1241532
636,9972,47,197.76,190,197.76,4.195872927,25.45909149,4.844744693,11.78300698,119.1647146
638,6981,37,84.58,188,84.58,4.012947848,20.44839461,5.827778154,5.269193819,124.5966852
639,8266,126,2414.04,57,2414.04,4.728401115,41.30664896,3.211524628,127.6351108,105.74399
64,NA,54,435.24,249,435.24,NA,NA,NA,27.71297995,127.34574
643,9977,59,388.36,148,388.36,4.492335702,30.08933233,4.387061081,21.61236524,111.3006759
644,7002,62,655.54,190,655.54,4.660751292,32.92741585,4.753722801,35.16278594,107.2788417
645,9741,64,755.73,201,755.73,4.978969604,32.68932454,7.847645421,37.94610432,100.4223845
646,9973,59,251.51,294,251.51,4.618401996,28.65263427,4.354689199,13.6145576,108.262555
647,6961,35,74.5,120,74.5,3.941734913,19.23265285,6.532252143,4.725076753,126.8476981
648,9577,96,2178.11,NA,2178.11,NA,NA,NA,139.6999963,128.2763463
65,9553,80,1096.95,86,1096.95,5.080915715,37.42013682,4.948456172,53.97403054,98.40745803
650,9931,45,96.53,230,96.53,3.040226325,19.01597357,4.730571748,7.937731412,164.4614402
652,9620,56,1103.96,107,1103.96,3.605216752,29.54569514,4.858572981,76.55295616,138.6879165
653,7111,61,411.71,140,411.71,4.727167892,31.46739333,4.342437434,21.77360787,105.7715764
654,9576,101,2588.85,46,2588.85,5.144117179,42.31068866,4.835596278,125.8160492,97.19840792
655,10002,45,132.2,184,132.2,3.865307896,24.07864982,3.374176286,8.550418462,129.3558012
656,9395,115,1638.55,36,1638.55,5.618241538,44.95797233,3.245785742,72.91204859,88.99581776
657,9925,58,491.35,135,491.35,2.882705349,24.08046542,3.688278192,42.61188194,173.4481813
658,9785,61,282.23,187,282.23,5.403768495,31.17228429,5.501268082,13.05709156,92.52802011
659,7387,44,161.1,159,161.1,3.469889024,22.00417669,4.911293645,11.60699945,144.0968275
66,9625,62,266.09,192,266.09,3.446272784,25.38697847,3.027012517,19.30273782,145.0842784
660,9659,56,285.43,269,285.43,4.145148236,27.84677521,3.800494245,17.21470402,120.622948
661,9574,63,1026.15,119,1026.15,3.833727961,31.67916127,3.579501709,66.91593734,130.4213562
662,9716,64,1279.63,118,1279.63,3.82389319,30.09627927,6.643712228,83.66015579,130.7567903
663,6940,46,296.72,107,296.72,3.618794392,24.86462451,4.801161856,20.49853956,138.1675624
665,7346,50,445.52,143,445.52,3.930039872,26.08770533,7.309516893,28.34067939,127.2251723
666,6040,67,599.48,255,599.48,4.46461744,31.7844919,4.522775682,33.56838565,111.9916783
667,9968,43,230.91,197,230.91,3.553986719,22.67515607,6.345227096,16.24302637,140.6870761
668,9555,67,521.79,148,521.79,5.094618601,32.56023519,6.154308356,25.60495892,98.14277362
669,9655,47,443.93,197,443.93,2.141375171,20.30798168,3.574629389,51.82767667,233.4948152
67,9997,60,338.32,174,338.32,5.188567461,33.02945554,3.95012807,16.30122392,96.36571245
670,9537,40,94.99,171,94.99,1.254980072,13.43790216,5.764720283,18.92261123,398.4127009
671,7010,59,930.69,127,930.69,3.866929751,30.31737136,4.838374819,60.16982852,129.3015473
672,9814,54,268.46,193,268.46,4.515621262,26.59962915,6.630291955,14.86284967,110.7267353
673,8231,77,1497.55,41,1497.55,5.706999227,39.41256191,8.602515624,65.60146324,87.61171679
674,5165,61,688.43,123,688.43,4.51039295,32.14590427,5.038436087,38.15798355,110.8550864
675,6911,35,51.12,107,51.12,4.424354134,17.99735231,7.204415926,2.888557202,113.0108452
676,9784,50,360.62,246,360.62,3.431555352,25.79150053,3.582254051,26.27234323,145.7065234
678,6243,48,342.67,234,342.67,3.978156632,24.9523463,7.80767877,21.53447135,125.6863533
679,9815,57,571.39,245,571.39,3.868632089,28.76710174,4.433492315,36.92455026,129.2446499
680,9058,99,1961.13,103,1961.13,5.812686872,42.88398389,6.824454946,84.34696567,86.01873987
681,9995,65,596.63,190,596.63,4.69766119,35.6161427,2.544835626,31.75143842,106.4359433
682,8351,62,774.01,110,774.01,4.091842125,30.6163331,4.986442079,47.28982549,122.1943527
683,7062,51,328.08,166,328.08,4.0447496,27.89331606,3.886476103,20.27814033,123.6170467
684,9634,59,707.87,85,707.87,4.270241435,30.01775801,6.458264255,41.44203617,117.0893983
685,9102,50,448.29,NA,448.29,NA,NA,NA,28.2185389,125.8941261
686,9993,87,1161.99,74,1161.99,4.85523331,39.64643742,2.584633424,59.83183123,102.9816629
687,7255,57,359.71,259,359.71,3.756893131,26.48158512,4.418993325,23.93666704,133.0886939
688,9625,58,203.16,145,203.16,3.589520793,24.63221677,3.389887514,14.14952104,139.2943596
689,9544,40,82.12,113,82.12,2.441296612,16.44527458,5.469325884,8.40946565,204.8091975
69,7207,63,393.42,243,393.42,4.169712963,31.58909295,2.207046375,23.58795458,119.9123308
690,1066,121,2667.18,NA,2667.18,NA,NA,NA,161.3681162,121.0027941
691,7192,57,742.16,112,742.16,3.487538107,28.31925398,3.86348735,53.20085238,143.3676091
692,9567,83,1119.45,188,1119.45,3.995889099,31.16450659,5.57909437,70.03760441,125.1285978
693,9581,81,1223.46,82,1223.46,4.882467318,35.81046067,6.159740986,62.64558061,102.4072395
695,6086,80,1001.33,72,1001.33,5.35684469,37.79856353,5.552066794,46.7313343,93.33852835
697,6180,47,170.04,162,170.04,3.762460095,23.06779966,5.115532078,11.2984587,132.8917749
698,9743,65,804.75,219,804.75,4.665232392,32.36421399,6.609314615,43.12486134,107.175797
699,7206,43,203.24,142,203.24,3.584662309,22.98825969,5.284383843,14.17427797,139.4831526
7,9985,60,520.4,174,520.4,4.44477905,33.52389086,2.604144128,29.27029635,112.4915309
70,265,46,132.63,120,132.63,4.417045132,24.21318769,5.106411254,7.506715238,113.1978472
700,9586,84,1084.74,107,1084.74,5.113223836,35.4610335,7.409722886,53.03601185,97.78566634
701,9522,39,39.93,95,39.93,4.90197536,18.43370584,6.061794133,2.036423945,101.9996967
703,9529,47,357.65,140,357.65,4.141389985,25.57105818,8.139039007,21.58997349,120.7324115
704,9966,68,1472.56,72,1472.56,4.346517077,34.31991638,5.450916644,84.69770013,115.0346337
705,5784,85,1079.04,107,1079.04,5.547179087,40.32609165,4.538844381,48.63012277,90.13590371
706,10011,53,390.9,120,390.9,4.464702891,29.23787239,5.187293346,21.88835459,111.9895349
707,9632,55,610.94,94,610.94,3.850677519,28.32342451,5.1963849,39.66444847,129.8472795
708,6929,48,563.19,141,563.19,3.594212367,26.2732473,6.020939362,39.17339479,139.1125368
709,9920,53,332.17,253,332.17,4.273663837,27.84107173,5.031552359,19.43121948,116.9956316
71,9391,59,755.73,280,755.73,4.01051446,30.69422426,4.314435168,47.1092928,124.6722846
711,9983,47,235.98,149,235.98,3.014913261,23.81541741,2.389797139,19.56772712,165.8422504
712,9600,50,238.8,164,238.8,3.637822325,23.52125523,5.667525707,16.41091693,137.4448654
713,10016,74,1352.48,52,1352.48,3.313113742,29.51468753,3.731451667,102.0550534,150.9154345
714,9749,61,840.22,164,840.22,4.892528347,31.65619833,9.928359261,42.93383403,102.1966486
715,8249,76,826.94,73,826.94,5.782299939,39.3815477,5.105143861,35.75307441,86.47078243
716,9979,54,281.23,196,281.23,4.662831029,27.47879392,6.471169735,15.07828604,107.2309927
717,9759,42,84.49,234,84.49,3.397344082,19.98902085,4.241367066,6.217356703,147.1737887
718,7106,64,614.19,138,614.19,4.592872742,32.90773962,4.161329624,33.4316905,108.864327
719,9518,73,1202.23,70,1202.23,3.987272891,32.57679891,4.16305434,75.37921488,125.3989917
72,6951,65,395.63,276,395.63,5.283466197,35.54531772,3.119302658,18.72019169,94.63484413
720,9932,43,179.72,305,179.72,3.640516661,21.99190303,6.42988004,12.34165482,137.3431429
722,6071,87,1074.77,72,1074.77,4.622498729,35.29122986,4.501146566,58.12711171,108.1666063
724,9774,53,570.82,166,570.82,3.971569415,27.60389759,6.704507849,35.93163938,125.8948158
725,88,54,261.43,205,261.43,5.131266467,26.84020214,9.463259086,12.73710894,97.44183102
726,6216,107,1532.71,38,1532.71,5.109709663,40.14103675,4.192414662,74.99007288,97.85291787
727,NA,48,291.9,NA,291.9,NA,NA,NA,17.95218813,123.0023168
728,10000,44,253.14,185,253.14,2.12731799,17.39820754,7.582296286,29.748726,235.037734
729,7202,43,138.38,183,138.38,3.971062552,22.21395792,6.10520122,8.711774127,125.9108849
73,6938,46,380.43,169,380.43,3.851517927,26.09707818,5.735639142,24.69351092,129.8189466
730,9730,67,714.31,65,714.31,4.529760032,33.55163273,3.921603053,39.42317004,110.3811232
731,772,39,119.85,69,119.85,3.466574366,21.58191325,4.097704958,8.643258976,144.2346095
733,9104,51,394.46,146,394.46,3.554603764,25.59994958,4.838071672,27.74289529,140.6626542
734,9746,90,2529.44,56,2529.44,3.944495922,33.96477741,5.800587862,160.3145275,126.7589091
735,7025,49,256.58,193,256.58,3.853781146,25.9375839,4.039023463,16.64469194,129.7427075
736,8312,54,480.78,210,480.78,4.349084659,28.71204239,6.420152776,27.63684992,114.9667204
737,9592,95,1730.04,NA,1730.04,NA,NA,NA,69.37879295,80.2048426
738,9811,54,612.18,146,612.18,3.68230147,25.99340857,7.852234041,41.56232216,135.7846456
739,9587,101,1525.55,97,1525.55,2.477063154,23.59430146,6.283397188,153.9676125,201.8519387
74,9932,48,240.18,566,240.18,3.504265338,27.82558159,1.47462818,17.13483261,142.6832593
740,7268,48,224.09,122,224.09,3.651836607,23.79956301,5.006084417,15.3409109,136.9174073
741,9796,57,447.17,223,447.17,3.729851682,27.06217951,4.563944851,29.97237143,134.0535878
742,6074,88,1476.5,58,1476.5,3.487890016,30.83393636,3.749664414,105.8304586,143.3531441
743,9442,103,1488.39,35,1488.39,6.402242823,47.15854097,4.47475338,58.11986679,78.09763138
744,7323,45,208.44,169,208.44,2.650040715,21.2794379,2.913194367,19.66384882,188.6763464
745,9629,41,144.71,229,144.71,3.942601302,21.64758027,7.168098841,9.176048306,126.8198232
746,7058,79,1276.11,80,1276.11,4.380897837,33.9697917,5.343824884,72.82240122,114.1318557
747,7427,85,962.03,44,962.03,6.028439852,41.0427301,5.550449942,39.89547974,82.94019884
748,7231,56,259.59,292,259.59,4.188433117,26.58816351,4.853784017,15.49445776,119.376384
749,6975,53,308.76,306,308.76,4.179129939,26.66007308,5.6275636,18.47035176,119.6421282
75,9944,46,112.5,73,112.5,4.473961145,23.3901832,5.37153758,6.28637556,111.7577877
750,7418,53,380.44,327,380.44,4.134014063,26.44001714,7.000540393,23.00669483,120.9478227
751,6964,96,1617.86,66,1617.86,5.388911806,43.20838313,3.40212532,75.05504164,92.78311058
752,6987,43,101.21,227,101.21,5.043298343,23.14977252,6.949610126,5.017053975,99.14146774
753,9960,47,182.87,155,182.87,4.949809082,26.30318135,6.544548538,9.23621482,101.013997
754,5867,124,2155.41,38,2155.41,4.653471048,36.44962904,7.304510798,115.7958209,107.4466769
755,7031,52,343.59,249,343.59,4.72640879,28.66852214,6.491813588,18.1739464,105.7885643
756,6073,78,1136.43,161,1136.43,5.030100766,37.87792283,4.434954373,56.48147287,99.40158721
757,7384,61,856.74,158,856.74,4.108086075,31.57570862,4.463357564,52.13741779,121.7111791
758,6088,120,2747.16,NA,2747.16,NA,NA,NA,131.4974464,95.73337296
759,139,53,280.79,196,280.79,3.603549189,23.20789048,7.008238221,19.4801004,138.7520952
76,7282,49,230.44,141,230.44,3.576303532,23.2846056,5.481061235,16.10881165,139.8091621
760,7319,50,370.39,260,370.39,3.469044745,28.23720577,1.919824252,26.69250667,144.131897
762,7411,52,313.32,230,313.32,3.770317353,25.78363569,4.691950852,20.77543948,132.6148314
763,6915,55,528.34,136,528.34,3.706003631,25.7309194,7.469213049,35.64081775,134.9162197
764,9782,44,105.75,NA,105.75,NA,NA,NA,5.651814194,106.890103
765,7308,56,151.52,166,151.52,4.508378894,27.45146846,3.093167184,8.402133204,110.9046093
767,7182,48,171.97,276,171.97,4.583893927,26.46489023,4.610085101,9.379034656,109.0775677
768,7167,44,116.54,126,116.54,4.00795671,24.98493339,2.70725182,7.269290092,124.7518464
769,5253,42,172.83,165,172.83,3.82769032,22.84836112,5.820369528,11.2881389,130.6270775
77,9943,47,90.46,132,90.46,2.63515404,24.33172732,0.391372357,8.582040995,189.7422285
770,9653,37,79.29,126,79.29,4.19723758,21.08557541,5.275636408,4.722749099,119.1259705
771,9549,65,766.81,99,766.81,3.708399697,28.03088032,5.88473843,51.69413107,134.8290478
772,9803,60,542.42,138,542.42,4.769017444,31.30017016,6.161083218,28.43457832,104.8433993
773,6145,108,2354.41,43,2354.41,5.195958708,41.24677775,5.742725681,113.2808271,96.22863231
774,7378,58,588.62,225,588.62,4.362816971,28.94715642,7.553365811,33.72935445,114.6048535
775,6177,62,926.91,34,926.91,4.030463593,31.35119246,4.615459273,57.49400649,124.0552082
776,5874,57,609.94,153,609.94,3.983250444,26.61026262,9.281282465,38.28154974,125.5256246
777,8240,66,882.47,49,882.47,4.931587336,35.2872655,5.202814805,44.73559626,101.3872342
778,10014,60,1073.9,56,1073.9,3.523379548,29.62473719,4.077102593,76.19814907,141.9092077
779,7092,47,441.47,256,441.47,3.896375731,25.67226263,7.768596485,28.32568202,128.32438
78,7064,81,292.22,160,292.22,8.058791632,44.23140281,4.118965749,9.065254859,62.04404119
780,6898,45,225.12,167,225.12,4.051107021,24.69208931,5.833936816,13.89249894,123.4230538
781,7458,56,365.38,122,365.38,4.181425914,28.12564269,4.72618863,21.84541874,119.5764341
783,9512,34,14.21,62,14.21,3.898621776,12.69334848,4.743935076,0.911219452,128.2504507
784,9766,37,72.76,79,72.76,3.631938716,19.76001907,4.636878554,5.008344419,137.6675211
786,7165,59,452.98,132,452.98,4.580426136,30.4402239,5.164792294,24.72368217,109.1601491
787,9948,79,1583.38,135,1583.38,4.785564184,37.0200366,5.571349728,82.71647497,104.4808889
788,9386,80,1325.24,36,1325.24,5.0021672,36.01084402,7.271277736,66.23329184,99.95667477
789,10003,58,596.64,148,596.64,4.629239911,29.89069942,8.012800093,32.22127236,108.0090921
790,6956,54,274.95,265,274.95,4.11274152,25.87661996,5.671183158,16.71330417,121.5734073
791,9589,84,1435.47,63,1435.47,5.305124335,40.09126876,4.921922253,67.64544568,94.24849795
792,9559,42,136.23,131,136.23,2.491225477,18.4202739,4.485681545,13.67098254,200.7044343
795,9557,78,737.1,245,737.1,5.649458031,36.75895838,6.407311732,32.6181731,88.50406485
8,9659,51,229.66,136,229.66,3.898396343,24.62417141,5.270129668,14.72785088,128.2578671
80,10001,60,552.11,260,552.11,3.761500927,28.24462006,4.287036861,36.69479356,132.9256618
800,9907,52,662.06,NA,662.06,NA,NA,NA,48.21241084,145.64363
801,6043,104,1381.82,38,1381.82,5.951331539,43.9743141,4.568358765,58.04667371,84.01481193
802,9946,40,25.02,272,25.02,2.178500518,13.3998907,4.342283134,2.871240997,229.5156673
803,9727,39,43.61,134,43.61,4.760868269,20.10474146,4.663354159,2.290023454,105.0228596
804,9553,72,962.57,82,962.57,4.817579584,34.46075137,5.965516647,49.95091328,103.7865574
805,9913,60,673.95,146,673.95,4.129318763,30.66747016,4.4880517,40.80273519,121.0853481
806,8230,134,2165.41,25,2165.41,6.322076569,48.71749462,4.730374906,85.62890595,79.08793804
807,9565,56,697.98,140,697.98,4.013128962,30.04530315,4.695055187,43.48103479,124.5910622
808,9768,58,546.58,154,546.58,3.695553452,26.06220172,6.98979377,36.97551713,135.2977318
809,9128,53,345.86,152,345.86,4.460708024,27.91800149,6.118599877,19.38369414,112.0898291
81,9925,60,610.29,150,610.29,2.505756586,22.03009286,4.976684784,60.88879537,199.5405311
810,7328,34,51.43,155,51.43,3.291334797,15.36783467,8.419463495,3.906469804,151.9140503
811,7396,56,418.18,151,418.18,4.116081028,28.2304718,4.928192755,25.39915985,121.4747709
812,9942,67,734.87,70,734.87,3.908763091,31.45346199,3.025308655,47.00144156,127.917704
813,6968,59,401.6,107,401.6,4.323026546,29.18045103,4.696800731,23.22446993,115.6597108
814,9736,52,592.56,NA,592.56,NA,NA,NA,46.23739053,156.0597763
815,6244,79,933.69,NA,933.69,NA,NA,NA,44.20264162,94.6837636
817,7520,47,201.66,197,201.66,4.536781526,24.42138813,8.060850669,11.11250337,110.2102883
818,8334,58,543.49,179,543.49,3.945763502,27.15848806,6.935020537,34.43503391,126.7181877
819,10006,122,3077.18,104,3077.18,5.306911554,45.02475139,4.181090831,144.9609612,94.21675769
82,8369,69,591.88,131,591.88,5.131177426,38.14455051,2.445270481,28.83743588,97.44352192
821,9582,68,1336.07,146,1336.07,3.893452677,31.32426058,5.564240973,85.78953636,128.420721
822,768,54,394.59,207,394.59,4.056268714,27.27291081,5.504001172,24.31976453,123.2659952
823,7075,83,1746.63,55,1746.63,4.720020589,37.24439374,5.42079756,92.51177866,105.9317413
824,9994,52,408.7,87,408.7,3.081242948,22.63439642,6.660066081,33.1603193,162.2721767
825,9637,51,439.55,128,439.55,3.883662816,26.62460362,5.997615751,28.29480962,128.7444414
826,9726,44,220.15,208,220.15,2.5721516,19.70248327,4.950256229,21.39745573,194.3897864
827,6424,49,386.76,NA,386.76,NA,NA,NA,28.39115632,146.8153704
828,763,35,103.19,89,103.19,3.674775123,18.47880405,9.340787997,7.020157461,136.0627476
829,10018,67,1212.2,65,1212.2,3.513745755,30.23994582,3.806946726,86.24699142,142.2982865
83,10018,66,1067.44,108,1067.44,4.109866074,32.57767768,4.372707745,64.9315562,121.6584655
830,9758,45,166.39,228,166.39,3.248249762,21.67284105,4.453219636,12.80612732,153.92905
831,7518,92,1643.06,36,1643.06,4.057776333,34.73502235,3.692696657,101.2290886,123.2201972
832,7382,44,187.39,304,187.39,3.770101222,22.56798911,6.453057055,12.42605894,132.6224339
833,9760,35,56.54,136,56.54,3.328395146,15.49072153,9.111695697,4.246791436,150.2225481
834,9801,46,391.61,NA,391.61,NA,NA,NA,26.93792115,137.5752465
835,9643,50,397.98,97,397.98,3.2753622,24.65706784,4.482270145,30.37679314,152.6548728
836,6959,49,197.11,234,197.11,4.022610425,23.56557662,6.538424007,12.25012984,124.2973958
838,10004,45,225.23,310,225.23,3.71220691,21.93223033,8.700698787,15.16820085,134.6907681
839,9798,48,241.65,173,241.65,3.806448002,23.82195053,6.234863313,15.87109556,131.3560568
84,7077,42,37.78,166,37.78,5.074056749,22.26377488,3.093758013,1.861429713,98.54048244
841,9579,57,676.63,66,676.63,4.46044193,30.95627582,6.109247698,37.9239328,112.096516
842,9926,50,277.44,152,277.44,4.243512682,25.92773097,6.353508505,16.34494939,117.8269131
843,6390,39,123.86,167,123.86,4.429148389,21.80796553,8.052343826,6.991185952,112.8885185
844,6909,47,353.18,NA,353.18,NA,NA,NA,28.06866297,158.9482019
845,6970,35,93.21,136,93.21,3.07026781,17.67426717,7.073726128,7.589728793,162.8522432
846,9947,88,524.44,67,524.44,6.735869736,42.27518238,4.316852845,19.46445005,74.22946399
847,7372,61,592.96,236,592.96,4.897059947,31.53163834,7.214089804,30.27122429,102.1020787
848,7126,69,835.16,104,835.16,5.058267249,35.74758409,5.11044741,41.27698077,98.84807887
85,9959,55,265.7,176,265.7,3.940746212,26.53724951,3.939109933,16.85594464,126.8795231
850,7127,35,123.3,161,123.3,3.868808235,19.70314976,9.28400093,7.967569889,129.2387654
851,6108,56,591.15,168,591.15,4.110179817,29.39849395,5.225597012,35.95645607,121.6491789
852,8387,49,258.63,272,258.63,4.387011384,26.45994725,5.931193876,14.73839348,113.9728066
854,6023,66,774.33,96,774.33,5.201477931,34.62824317,6.742278247,37.21682617,96.12652531
856,9596,50,217.06,291,217.06,3.383825512,24.61812321,2.848984093,16.03658339,147.7617561
857,6076,80,1615.61,71,1615.61,4.720860062,37.8207784,4.443998524,85.55697367,105.9129043
858,9794,50,315.52,108,315.52,4.414202108,26.39306347,7.511374531,17.86959411,113.2707538
86,7213,66,332.27,181,332.27,5.203153887,36.16918436,2.159641063,15.96483629,96.09556258
860,9748,57,448.75,172,448.75,4.028387002,26.99226522,6.512451105,27.84923592,124.1191573
861,7347,46,279.53,109,279.53,4.10220664,24.25199202,8.401148365,17.03534369,121.8856201
862,8369,61,583.4,95,583.4,4.878656487,31.96415014,6.396547176,29.89552562,102.4872322
864,9941,43,224.28,196,224.28,3.565181602,21.43394989,8.724227975,15.72710909,140.2453103
865,9971,43,256.07,159,256.07,3.202359494,21.82436434,6.224246789,19.99072875,156.1348752
866,7213,57,355.08,175,355.08,5.0875188,30.36269254,6.371007904,17.44858417,98.2797351
867,9770,49,249.8,145,249.8,3.797018399,24.28365738,5.673896352,16.44711546,131.6822695
869,7036,51,227.64,106,227.64,4.776423151,28.6832865,4.46553695,11.9147735,104.6808426
87,10015,40,175.21,99,175.21,3.636131379,22.66627273,5.218960457,12.04645692,137.5087828
870,6936,47,294.68,278,294.68,3.889514947,23.43722005,9.025501256,18.9406651,128.5507337
871,7413,43,75.98,185,75.98,3.724858593,21.77624386,3.087785218,5.099522446,134.2332836
872,6984,42,196.3,138,196.3,3.560463863,22.2438825,6.105573754,13.78331641,140.4311402
873,7064,63,512.92,254,512.92,5.785800121,31.80788384,11.56639257,22.16288107,86.418471
874,992,70,1164.2,50,1164.2,4.948160577,34.1675721,8.741655836,58.81983729,101.0476504
875,8222,70,1359.54,74,1359.54,3.537308942,29.0454751,6.20995006,96.08575491,141.3503904
876,7218,42,160.1,147,160.1,3.242654698,20.71028769,5.678832368,12.34328158,154.1946481
877,8354,44,314.16,199,314.16,3.189640359,21.18595651,9.146676988,24.62346571,156.7574848
878,7148,69,1622.35,63,1622.35,3.477414878,27.96828439,9.19636041,116.6347745,143.7849718
879,NA,41,311.19,123,311.19,NA,NA,NA,23.48360804,150.9277807
88,6987,42,155.68,332,155.68,4.217304859,21.52924582,9.497789835,9.228642772,118.5591312
880,7353,58,544.58,160,544.58,3.911126902,27.31468659,6.430826841,34.8096606,127.840393
881,9606,40,157.37,149,157.37,2.261903643,17.64891996,5.173467783,17.39353492,221.0527409
882,9737,48,441.8,188,441.8,3.954597608,25.88445447,7.816991439,27.92951672,126.4351141
883,7000,59,586.38,172,586.38,4.308173908,29.3550277,6.489658219,34.0271779,116.0584532
884,8325,49,466.9,289,466.9,3.412888853,22.09897562,13.0995027,34.20123099,146.5034525
885,9804,47,339.85,197,339.85,3.670742635,24.68229099,6.113724797,23.14586133,136.2122191
886,7207,50,424.79,187,424.79,3.701984338,25.81697145,5.842621514,28.68664216,135.0627
887,6938,40,235.56,163,235.56,3.801549523,21.96649467,9.699957974,15.49105165,131.5253154
888,9998,48,507.95,185,507.95,3.831257055,25.5146983,8.702377321,33.14512657,130.5054693
889,7460,31,100.4,135,100.4,2.829355534,15.85966312,11.2392983,8.871278174,176.7186887
890,5811,48,157.4,154,157.4,4.64610737,26.55038132,4.343174205,8.469455581,107.6169705
891,9427,58,633.36,79,633.36,4.23975642,29.90592831,5.736653832,37.34648511,117.9313032
892,9944,42,143.57,76,143.57,4.079635104,22.13367114,6.978206026,8.797968222,122.5599808
893,9914,58,641.36,184,641.36,4.607544928,31.9253528,5.45467843,34.79944363,108.5176613
894,9775,46,545.17,192,545.17,3.24553167,23.35969024,8.745957775,41.99389001,154.0579636
895,9481,103,3039.66,NA,3039.66,NA,NA,NA,166.4456586,109.5159712
896,9437,60,833.3,162,833.3,4.72046257,31.42275652,8.815255485,44.13232748,105.9218228
897,8386,44,165.82,223,165.82,4.547602662,24.27453083,6.88656287,9.115792008,109.9480401
898,9917,47,410.5,144,410.5,4.069896702,25.59960406,8.69751035,25.21562769,122.8532409
899,6154,79,1361.83,56,1361.83,4.070386541,30.80133763,8.167482808,83.64254759,122.8384565
9,9557,77,728.85,191,728.85,5.90268836,40.15959133,4.375320707,30.8694088,84.70716553
90,108,65,277.23,217,277.23,4.7316466,35.49475737,1.261310167,14.6476493,105.6714591
900,9628,39,118.47,128,118.47,4.103467251,21.10363655,7.419205548,7.217676707,121.848176
901,10012,142,2621.88,247,2621.88,5.973973881,48.94144077,3.863821507,109.720935,83.696382
902,6035,67,788.2,NA,788.2,NA,NA,NA,51.78904151,131.4109148
903,7071,52,474.21,149,474.21,4.046435519,26.66030764,7.600490901,29.29800795,123.5655425
904,7288,57,456.22,232,456.22,4.330521524,30.1382704,4.319550102,26.33747445,115.4595347
906,9908,50,244.08,232,244.08,4.351448869,25.6498932,6.514082834,14.02291555,114.9042572
907,9739,57,487.63,195,487.63,4.224707683,27.64231143,7.376724329,28.85584262,118.3513837
908,9757,65,1057.49,89,1057.49,4.68304523,33.35350027,7.170891788,56.45311693,106.7681339
909,9800,56,452.73,215,452.73,3.581905872,25.6595055,5.64579393,31.59840153,139.5904912
91,9934,40,134.24,273,134.24,3.975222733,22.38012285,5.707931103,8.442294244,125.7791157
910,9564,75,1037.8,58,1037.8,2.854394103,25.56965367,4.419225815,90.89494675,175.1685233
911,9568,90,1520.22,56,1520.22,6.375087723,45.73396313,5.571632902,59.61565025,78.43029331
912,9394,95,1672.29,36,1672.29,5.863875779,42.16727735,6.904295486,71.29627498,85.26783629
913,5984,44,179.9,192,179.9,3.844988152,22.35249673,6.960952859,11.69704515,130.0394124
914,9723,53,529.47,151,529.47,4.038679066,27.7028944,6.52820758,32.7749489,123.8028553
915,9612,48,276.86,128,276.86,3.643543165,22.42141072,8.86242924,18.99661864,137.229059
916,6069,111,2592.64,18,2592.64,5.994083432,48.52204356,4.187640822,108.1332963,83.41558899
917,10015,40,183.34,176,183.34,3.706836579,22.02297035,6.886738496,12.36499075,134.8859032
918,9986,97,2063.75,42,2063.75,4.958354183,42.12195982,3.165761486,104.0541843,100.8399121
919,4931,47,180.66,173,180.66,3.875592116,24.12894853,4.596170228,11.65370314,129.0125444
92,8351,66,572.63,111,572.63,5.010422214,35.64946407,3.404352754,28.57194342,99.79198931
920,9527,61,885.26,329,885.26,4.18605982,30.14581584,7.136277174,52.86952635,119.4440647
921,9572,83,1522.65,107,1522.65,1.888616368,22.08716362,2.525748285,201.5562855,264.7440785
922,9976,47,285.61,231,285.61,4.15000542,25.57411891,6.54467062,17.20539922,120.4817704
923,7282,46,225.19,196,225.19,3.768249328,23.44347247,6.181410413,14.93996153,132.6876107
924,7003,49,287.96,NA,287.96,NA,NA,NA,17.04628189,118.3934011
925,7516,106,2610.6,23,2610.6,6.667866139,50.51704914,5.980939254,97.87988937,74.98650837
926,6445,50,167.57,NA,167.57,NA,NA,NA,10.05435321,120.0018286
927,9542,110,2102.32,53,2102.32,7.083322989,52.24569398,5.387729477,74.19963778,70.58833838
929,9929,54,357.33,177,357.33,4.402456284,27.92523917,5.990105955,20.29151325,113.572962
93,8325,52,461.16,222,461.16,4.260946532,26.49261215,9.416554362,27.05736839,117.3448191
930,7322,56,446.97,296,446.97,4.357288566,29.49970538,5.032793724,25.64496207,114.750261
932,9769,54,217.44,150,217.44,4.776299745,25.48786015,8.17399611,11.38119526,104.6835472
934,9535,80,1429.32,133,1429.32,4.212016435,32.52861255,6.763619841,84.8358513,118.7079888
935,9987,78,1450.48,61,1450.48,3.050390834,27.36091476,4.878835929,118.8765701,163.913422
937,9580,50,287.17,NA,287.17,NA,NA,NA,17.2215484,119.9397458
938,7349,53,335.43,271,335.43,4.298948808,26.96764269,6.355720071,19.50651281,116.3075027
939,430,55,327.61,107,327.61,3.591923966,25.87056196,3.901811896,22.8018468,139.2011648
94,9598,67,732.84,129,732.84,4.932107847,37.49488321,2.768954784,37.14638967,101.3765342
940,9781,48,218.65,NA,218.65,NA,NA,NA,14.0908523,128.8895705
942,9778,58,648.93,203,648.93,2.430123549,22.59077363,3.627682496,66.75895145,205.7508559
943,9974,52,299.21,167,299.21,3.815222318,25.27153914,5.36692148,19.60632796,131.0539618
944,9547,55,350.16,270,350.16,3.949763213,27.02201093,4.643242527,22.16335392,126.5898671
945,9130,51,350.14,143,350.14,3.689660606,25.25656654,5.515184671,23.72440432,135.5138191
946,9321,84,1146.88,54,1146.88,5.440718977,39.93168702,4.661356848,52.6989174,91.8996188
947,7298,62,512.53,161,512.53,5.011234199,32.93621463,5.218272608,25.56905044,99.77581971
948,6931,37,80.46,191,80.46,3.422070458,18.32554607,6.492982369,5.878020411,146.1103756
95,9649,57,730.25,181,730.25,3.840670538,30.05293957,3.922749125,47.53401735,130.1856004
950,7333,40,156.06,NA,156.06,NA,NA,NA,10.02598126,128.4888025
951,9524,69,999.46,111,999.46,3.825927142,33.59319177,2.092708424,65.30835291,130.687277
952,5907,55,261.51,181,261.51,4.670748726,27.56595574,5.945479855,13.99722054,107.0492183
954,7209,56,188.61,144,188.61,4.619819277,27.6144119,4.075701709,10.20656809,108.2293419
955,8376,80,1357.08,53,1357.08,5.588413341,40.76543195,5.494874049,60.70953941,89.47083358
956,7164,61,736.11,87,736.11,4.379848547,31.52233832,5.366184595,42.01686383,114.1591986
957,7373,57,678.61,132,678.61,4.423322719,30.69498097,6.247567958,38.35408601,113.0371967
959,9933,42,106.24,141,106.24,4.793871317,23.16926088,6.401006724,5.540407375,104.2998376
96,8354,51,315.92,228,315.92,4.030646006,26.39629155,5.315430506,19.59487385,124.0495939
960,6974,96,1838.18,38,1838.18,2.27896205,23.16425664,5.680332735,201.6466224,219.3981247
97,9564,94,1210.76,60,1210.76,1.254509158,22.68286587,0.049249286,241.2816185,398.562256
98,9654,45,220.12,184,220.12,4.10988354,24.3751464,6.466618622,13.38967381,121.6579485
99,9453,92,1352.27,39,1352.27,6.297116677,46.83360158,3.886005031,53.68607846,79.40141904
