Accession Abbreviation,Stock Number,Latitude of Origin,Longitude of Origin,Fitness in Norwich Autumn,Fitness in Halle Autumn,Fitness in Valencia Autumn,Fitness in Norwich Spring,Fitness in Norwich Summer,Fitness in Oulu Autumn,Fitness in Halle 2007,Fitness in Valencia 2007,Year Collected (TAIR),Likely Year Collected,Time period
Ta-0,cs6867,49.41,14.66,17.5,29128.73333,3709.125,3806.585714,2965.283333,NA,NA,NA,1937,1937,pre1950
Wa-1,cs6885,52.23,21.01,776.64,6833.123333,8689.2,3796.6,2066.46,1066.721429,NA,NA,1937,1937,pre1950
Bd-0,cs6612,52.45,13.28,909.816,27825.16,1034.666667,5066.945714,3569.775,2591.013333,10167.52,5288.8,1939,1939,pre1950
Col-0,cs1092,52.73,15.24,479.32,24618.112,8588.98,3967.485714,4117.733333,2882.142857,18699.58667,4052,1939,1939,pre1950
Dr-0,cs6684,51.1,13.82,2600.6325,47424.74833,7082.375,4594.794286,2457.383333,NA,NA,NA,1939,1939,pre1950
Gie-0,cs6720,50.58,8.65,0,13450.34,1849.408,4587.863333,4561.44,3151.885714,NA,NA,1939,1939,pre1950
Gr-3,cs6725,47.07,15.44,1464.784,21097.796,8239.575,4149.214286,2370.841667,3174.18,14777.6,5855.5,1939,1939,pre1950
Gr-6,cs6728,47.07,15.44,4882.624,43572.62,5933.3,4319.928571,3822.366667,NA,NA,NA,1939,1939,pre1950
In-0,cs6740,47.26,11.39,3027.776,19917.46,4336.83,5354.228571,4360.754,NA,NA,NA,1939,1939,pre1950
Is-0,cs6741,50.48,7.6,2766.698,24298.075,9413.266667,4417.728571,4242.99,NA,NA,NA,1939,1939,pre1950
La-1,cs6767,52.73,15.24,3065.514,35927.23833,14780.08,4246.075,5890.9875,NA,NA,NA,1939,1939,pre1950
Ler-1,cs6928,52.73,15.24,201,16290.5,8801,2671.942857,2370.24,1262.01,12091.275,3071.333333,1939,1939,pre1950
Lu-1,cs1352,55.7,13.19,4540.576,16454.51,0,2898.933333,2314.366667,2115.683333,7991.2,2785.285714,1939,1939,pre1950
St-0,cs6863,59.33,18.06,9051.826,28924.488,1983.282,5702.792857,3744.933333,2528.673333,NA,NA,1939,1939,pre1950
Bl-1,cs6615,44.49,11.35,3800.8,19779.06,11069.66667,4369.07,6396.53,3156.038462,NA,NA,1940,1940,pre1950
Bs-1,cs6627,47.56,7.58,5264.236,49649.06,20841.8,7592.32,4083.18,1880.073333,38187.04,13238.25,1940,1940,pre1950
Bs-5 ,cs6629,47.56,7.58,6739.496,29197.012,6047.24,6698.802857,2847.128333,NA,NA,NA,1940,1940,pre1950
Bsch-0,cs6630,50.02,8.67,1264.484,34472.604,18477.68,6224.531667,3395.208333,NA,NA,NA,1940,1940,pre1950
Da-0,cs6676,49.87,8.65,5336.18,40096.9,2984.32,9402.428571,5838.093333,NA,NA,NA,1940,1940,pre1950
Fr-2,cs6708,50.12,8.68,2611.604,34663.46333,10607.426,6476.68,3275.233333,NA,NA,NA,1940,1940,pre1950
Li-2:1 ,cs6772,50.37,8.12,4129.728,31249.95333,5123.8625,4078.24,3522.133333,NA,NA,NA,1940,1940,pre1950
Si-0,cs6861,50.87,8.02,12423.2,34457.52,8326.6,8553.04,9805.566667,3310.964286,16847.12,10368.5,1940,1940,pre1950
Vi-0,cs6883,50.18,8.74,5876.16,24988.46,10920.165,5516.074286,4108.46,NA,NA,NA,1940,1940,pre1950
Bu-0,cs6632,50.7,9.72,506.42,17360.73667,218.816,2565.951429,1647.133333,NA,NA,NA,1941,1941,pre1950
Ep-0,cs6697,50.17,8.39,8518.4,52322.39,6254.675,10717.47714,3332.01,NA,NA,NA,1941,1941,pre1950
Kn-0,cs6762,54.9,23.89,2817.404,12611.85,3856.666667,6510.85,5393.56,NA,NA,NA,1942,1942,pre1950
Rsch-0,cs6848,56.27,34.33,3343.76,8591.975,10777.566,4975.028571,4183.32,NA,NA,NA,1942,1942,pre1950
Chi-0,cs6664,53.74,34.74,1425.6,16624.45,8046.624,1906.983333,2945.5,NA,NA,NA,1943,1943,pre1950
Lm-2,cs6784,48.01,0.2,5292.815,47215.53333,11908.494,8193.822857,3439.666667,NA,NA,NA,1943,1943,pre1950
Nw-1,cs6812,50.32,8.41,1085.77,44116.925,6162.52,6103.092857,3762.48,NA,NA,NA,1943,1943,pre1950
Nw-3 ,cs6814,50.32,8.41,5584.544,35490.38667,4164.3,5989.661429,3132.266667,NA,NA,NA,1943,1943,pre1950
Rou-0,cs6847,49.44,1.1,21133,28469.91667,4297.62,6268.63,5541.433333,1740.766667,NA,NA,1943,1943,pre1950
Stw-0,cs6865,52.97,36.07,2753.762,10940.38833,16378.36667,3326.401429,3490.613333,NA,NA,NA,1943,1943,pre1950
Ws-0,cs1602,53.09,30.91,6959.61,30725.48667,16661.675,3390.98,3029.833333,NA,NA,NA,1943,1943,pre1950
Li-6:1,cs1328,50.37,8.12,16897.399,31587.382,6594.5,3765.707143,6898.65,NA,NA,NA,1944,1944,pre1950
G-0,cs6730,50.39,8,2210.14,19898.1,13717.1375,6356.58,2726.99,NA,NA,NA,1947,1947,pre1950
Ga-0,cs6714,50.3,8,8075.1175,24416.204,7422.125,3673.78,5326.466667,2789.96,NA,NA,,1948,pre1950
Li-10,cs6911,50.37,8.12,1196.324,37220.686,1583.3,2429.392857,3971.081667,NA,NA,NA,,1948,pre1950
Ll-0,cs6781,41.83,2.89,16366.964,46250.05,10895.44,6726.957143,4509.216667,NA,NA,NA,,1948,pre1950
Ll-2 ,cs6783,41.83,2.89,2987.994,14247.01667,12777.6,9134.622857,3627.95,44.85,15508.8,9825.75,,1948,pre1950
Loh-0,cs6787,50.37,8.12,8207.6,53165.82,4545.483333,8833.471429,4707.87,NA,NA,NA,,1948,pre1950
Pla-0,cs6834,41.92,3.08,206.5,28064.95,17876.16,4038.142857,3514.54,264.5333333,30431.31667,16666,,1948,pre1950
Se-0,cs6852,41.42,2.25,10999.308,40665.85167,3709.785,6618.614286,7360.123333,30.46153846,NA,NA,,1948,pre1950
Sei-0,cs6853,46.55,11.56,1950.904,20843.918,7152.35,5405.485714,2106.536,NA,NA,NA,,1948,pre1950
Sf-1,cs6855,42.47,0.53,4929.708,23469.44333,16935.96,7244.457143,4242.516667,0,NA,NA,,1948,pre1950
Sf-2 ,cs6857,42.47,0.53,17751.42,13248.03333,6536.775,4988.285714,7675.86,0,18648.925,3654.666667,,1948,pre1950
Ts-1,cs6868,41.72,2.93,20168.106,45435.16667,18105.48,6996.357143,3287.216667,NA,NA,NA,,1948,pre1950
Ts-5,cs6871,41.72,2.93,9289.75,32380.78,10067.35,4268.125714,5573.433333,0,30479.7,1253.5,,1948,pre1950
Mr-0,cs6795,44.78,9.77,127.44,8687.553333,705.5,1129.68,468.465,896.2466667,NA,NA,1952,1952,1951to75
An-1,cs6603,51.22,4.42,5017.333333,27544.24667,7966.625,9198.765714,6171.5,3367.733333,NA,NA,1954,1954,1951to75
Bla-1,cs6616,41.67,2.79,8413.33,23456.94,8144.5,3321.68,7772.325,NA,NA,NA,1954,1954,1951to75
Co-2,cs6670,40.21,-8.43,4089.9,27674.325,26418,4984.385714,2698.916667,19.55333333,11331.75,2449.8,1954,1954,1951to75
Fe-1,cs6703,48,7.85,9285.23,46310.04,5734.0775,6632.914286,3901.106667,NA,NA,NA,1954,1954,1951to75
Sg-1,cs6858,48.12,8.33,6056.728,21196.916,9789.6175,3988.694286,5294.725,NA,NA,NA,1954,1954,1951to75
Uk-4,cs6882,48.03,7.76,315.02,42077.218,7754.5,4593.822857,2275.558333,NA,NA,NA,1954,1954,1951to75
Ak-1,cs6602,48.07,7.65,21045.262,32831.18,5118.075,6626.271429,3666.1,NA,NA,NA,1955,1955,1951to75
Lo-1,cs6785,47.62,7.66,5187.6,51456.38667,18952.55,6418.242857,4860.9,NA,NA,NA,1955,1955,1951to75
Mrk-0,cs6796,47.64,7.59,7597.32,27660.0125,6184.44,6391.345714,4461.383333,3099.333333,NA,NA,1955,1955,1951to75
Set-0,N1508,54.07,-2.28,NA,10323.78333,461.425,NA,NA,1872.514286,NA,NA,1955,1955,1951to75
Bla-10Ê,cs6622,41.67,2.79,12246.36,17440.204,9922.055,7709.171429,6697.74,159.5285714,NA,NA,1956,1956,1951to75
Gd-1,cs6716,53.55,10.78,5133.725,32436.58,10029.85,3693.9,2446.04,NA,NA,NA,1957,1957,1951to75
Pt-0,cs6843,53.48,10.61,706,20840.04333,3457.56,4114.874286,3595.01,NA,NA,NA,1957,1957,1951to75
Gš-2 ,cs6722,51.53,9.93,340.2,26621.23333,8354.125,7264.251429,3467.29,NA,NA,NA,1958,1958,1951to75
Goettingen-22,cs22609,51.32,9.55,2119.594,16893.54,4964.8375,1123.471429,223.725,1250.430769,NA,NA,2002,1959,1951to75
Goettingen-7,cs22608,51.32,9.55,0,21006.28,4751.5,1059.597143,974.2083333,NA,NA,NA,2002,1959,1951to75
Rennes-1,cs22610,48.5,-1.41,4224.942,78917.5175,4416,3713.462857,4889.983333,NA,NA,NA,2001,1959,1951to75
Aa-0,cs6600,50.92,9.57,1171.8,17273.45167,7162.82,4555.677143,1747.041667,NA,NA,NA,1959,1959,1951to75
Ba-1,cs6607,56.54,-4.79,8300.261,23048.658,5585.2,3244.665714,3072.894,NA,NA,NA,1959,1959,1951to75
Ca-0,cs6658,50.3,8.27,9926.0125,56663.56667,14142.06,8984.657143,4403.896667,NA,NA,NA,1959,1959,1951to75
El-0,cs6694,51.3,9.97,2947.914,39025.44667,14671.24333,7779.288571,3148.708333,NA,NA,NA,1959,1959,1951to75
Hh-0,cs6735,54.42,9.89,NA,20925.784,5710.7,NA,NA,NA,NA,NA,,1959,1951to75
Hn-0,cs6739,51.33,8.27,7698.665,25238.68,22788.58,5529.42,4679.393333,NA,NA,NA,,1959,1951to75
Lan-0,cs6768,55.67,-3.78,16086.28,23260.812,14842.25,7845.268571,4136.383333,2168.74,NA,NA,1959,1959,1951to75
Ag-0,cs901,45.1,1.93,3150.565,20760.46667,5476.95,1275.983333,3161.733333,495.7538462,NA,NA,1960,1960,1951to75
Et-0,cs6702,44.64,2.56,3947.3,30425.87333,1410.345,3564.171429,1365.04,NA,NA,NA,1960,1960,1951to75
Hl-0,cs6737,52.26,9.63,NA,27735.5,11124.98,NA,NA,NA,NA,NA,1960,1960,1951to75
Pn-0,cs6838,48.07,-2.97,3906.66,34713.33667,7628.94,4752.931429,1677.198333,NA,NA,NA,1960,1960,1951to75
Hl-3 ,cs6904,51.57,9.9,2613.031,44410.34,23243.18,7317.172857,3112.15,NA,NA,NA,1961,1961,1951to75
Hs-0,cs6905,52.91,9.02,4482.216,60432.972,1725.64,10484.1,3712.733333,NA,NA,NA,1961,1961,1951to75
Ty-0,cs6878,56.43,-5.24,5024.78,19927.21,2824.84,1369.447143,3995.961667,2875.04,NA,NA,1961,1961,1951to75
Np-0,cs6806,52.7,10.98,153.2,17986.3,7765.5625,7912.583333,5148.883333,NA,NA,NA,1963,1963,1951to75
Fi-0,cs6704,50.5,8.02,2326.0125,8729.072,3038.125,3020.607143,4133.645,NA,NA,NA,,1964,1951to75
Me-0,cs1364,51.92,10.11,4262.76,77923.64,5616.6,7090.14,2318.466667,NA,NA,NA,,1964,1951to75
Nd-1,cs6922,47.4,8.18,5801.968,35239.85,12305.5,3965.214286,1459.59,1548.366667,12677.88571,673.8,,1964,1951to75
Or-0,cs6822,50.38,8.01,145.55,10665.93333,370.7,1209.933333,1009.376667,NA,NA,NA,,1964,1951to75
Ove-0,cs6823,53.54,7.8,7,19033.56667,2769.833333,6261.914286,3353.75,NA,NA,NA,,1964,1951to75
Sh-0,cs6860,51.68,10.21,1147.875,24163.87333,7840,3875.995714,2885.483333,2991.033333,NA,NA,,1964,1951to75
Wc-2,cs6887,52.6,10.08,1273.68,30115.25,1680.35,2283.434286,3382.866667,NA,NA,NA,,1964,1951to75
Wt-5,cs6896,52.65,9.84,336.28,40227.044,4284.6125,10285.74286,5609.366667,NA,NA,NA,,1964,1951to75
Sue-0,N1542,37.18,-3.6,1959.315,8493.435,6003.7,232.9114286,303.545,558.5933333,NA,NA,1967,1967,1951to75
Sah-0,cs6917,38.9,-3.05,NA,13567.9,6167.465,0,27.5,0,NA,NA,1974,1974,1951to75
Mz-0,cs6800,47.97,7.83,2668.852,23614.43,3711.34,4713.574286,1818.971667,NA,NA,NA,1975,1975,1951to75
Per-1,cs6828,58,56.24,1241.64,23039.38333,0,3342.75,2905,NA,NA,NA,1975,1975,1951to75
So-0,N1526,61.55,6.33,576.72,3589.656667,5908.05,761.4285714,0,NA,NA,NA,1975,1975,1951to75
Bus-0,N1056,60.47,8.47,1422.36,4128.568,5873.016667,70.08,0,845.7666667,NA,NA,1976,1976,post1976
Nie-0,cs6804,50.34,8.43,3271.86,25441.58333,14510.35,4498.8,4843.28,NA,NA,NA,1976,1976,post1976
Hel-1,N1222,60.17,24.94,2877.444,10996.63,2760,268.2428571,0,1553.235714,NA,NA,,1977,post1976
Nc-1,cs6802,48.61,6.25,3990.132,24597.25,11234.22,8250.094286,5890.083333,2133.393333,19351.9,6399,1977,1977,post1976
Al-0,N940,55.19,9.01,0,17372.80333,2113.315,470.7571429,6,3204.6,NA,NA,1978,1978,post1976
Eil-0,cs6693,51.47,12.62,2861.89,29129.68333,6115.164,5048.888571,3708.166667,2896.14,28299.78571,8639.571429,1978,1978,post1976
Ge-1,cs6718,46.2,6.14,1253.28,29542.8,7314.72,4568.728571,3804.766667,NA,NA,NA,1978,1978,post1976
No-0,cs3081,51.06,13.3,3698.61,28437.462,3894,2830.842857,3299.973333,NA,NA,NA,1978,1978,post1976
Ob-2,cs6818,50.2,8.58,24345.44,41279.06333,7649.146,9107.4,4358.941667,NA,NA,NA,1978,1978,post1976
Sol-0,N1528,55.54,12.18,1685.22,13315.6625,1122,277.06,0,2220.607143,NA,NA,1978,1978,post1976
Ste-0,cs6864,52.6,11.87,33.8,23634.3,5002.98,3318.5,3855.716667,NA,NA,NA,1978,1978,post1976
Db-0,cs6677,50.09,8.24,10894.456,38513.93667,12954.708,9818.257143,5654.636667,NA,NA,NA,1979,1979,post1976
Es-0,cs6699,60.21,24.65,0,7120.504,6774.8775,531.7571429,17.5,1868.078571,NA,NA,1979,1979,post1976
Lip-0,cs6780,50.14,19.4,12122.396,32461.65,6876.725,4159.585714,4251.666667,NA,NA,NA,1980,1980,post1976
Bay-0,cs6608,49.95,11.58,3237.436,70738.9475,10219.075,7414.952857,4808.871667,2549.486667,22628.57143,9053.142857,1983,1983,post1976
Mnz-0,cs6794,50,8.27,6287.095,28216.048,12004.484,5295.434286,3133.25,NA,NA,NA,1984,1984,post1976
Dra-0,cs6685,49.42,16.27,397.718,28532.675,13406.852,4506.144286,2138.316667,3931.98,NA,NA,1995,1987,post1976
Jm-0,cs6748,49.07,16.25,25847.801,16584.226,1556,6483.043333,4027.516667,NA,NA,NA,1987,1987,post1976
Ang-0,cs6605,50.62,5.6,5093.824,31020.65,24757.06667,5735.371429,4180.516667,NA,NA,NA,1987,1987,post1976
Cit-0,cs1080,43.38,2.54,3063.84,15408.702,4176.888,921.6857143,439.92,NA,NA,NA,1987,1987,post1976
Gy-0,cs6732,46.52,1.38,10741.16,38696.73667,15193.08,7785.385714,2826.66,NA,NA,NA,1987,1987,post1976
Lz-0,cs6788,45.83,3.38,15962.66,37371.68,3635.25,8077.942857,2971.65,NA,NA,NA,1987,1987,post1976
Ra-0,cs6844,46.02,3.35,164.66,43236.174,246,8538.728571,4051.166667,NA,NA,NA,1987,1987,post1976
Nok-3,cs6810,52.23,4.45,5650.87,42156.5,3326.68,2213.771429,5716.016667,1627.184615,NA,NA,1989,1989,post1976
Arby-1,cs22547,59.38,16.52,5370.48,8490.573333,5346.48,432.2357143,0,2776.353333,NA,NA,2003,1990,post1976
Benk-1,cs22530,52,5.68,11548.66667,27459.61667,7089.6,1483.656667,1764,NA,NA,NA,2003,1990,post1976
Chat-1,cs22521,48.07,1.33,2607.26,33630.66,19342.048,4842.214286,2748.256667,NA,NA,NA,,1990,post1976
Ema-1,cs6923,51.28,0.45,23682.86,15517.00333,3476.55,6572.5,3073.755,NA,NA,NA,,1990,post1976
Eri-1,cs22548,56.44,15.36,NA,17922.62,13950.896,NA,NA,2135.193333,NA,NA,2003,1990,post1976
Lp2-2,cs22594,49.22,16.39,37.4,17895.716,5052.494,4833.831429,1398.183333,NA,NA,NA,2003,1990,post1976
Lp2-6,cs22595,49.22,16.39,6162.02,31028.30333,5835.5,3196.507143,2810.15,NA,NA,NA,2003,1990,post1976
Pu2-23,cs22593,49.42,16.42,794.12,17761.676,14902.58,2965.985714,3782.88,NA,NA,NA,1990,1990,post1976
Pu2-7,cs22592,49.42,16.42,2232.3,22368.895,16015.89,5876.471429,3941.8,NA,NA,NA,1990,1990,post1976
Rak-2,cs6846,49.04,16.31,2975.12,27845.44667,7654.366,5454.488571,4180.383333,NA,NA,NA,1990,1990,post1976
Rome-1,cs22524,41.9,12.48,7855.9,27487.03333,15263.625,5979.555,8128.066667,NA,NA,NA,,1990,post1976
Sap-0,cs6854,49.81,14.4,1935.2,17642.04,15961.6,4546.928571,2810.133333,NA,NA,NA,1990,1990,post1976
Ting-1,cs22549,56.52,14.98,1947.75,12238.6,3558.8675,31.6,0,2245.657143,NA,NA,,1990,post1976
Wei-0,cs22622,47.42,8.43,2622.8,15863.3,2981.58,6983.954286,2047.876,NA,NA,NA,1993,1990,post1976
Wei-1,cs6925,47.42,8.43,12294.9,59432.46667,15430.9,9501.392857,3016.083333,NA,NA,NA,1993,1990,post1976
Zu-0,cs6902,47.37,8.54,NA,9479.165,896.6666667,NA,NA,NA,NA,NA,,1990,post1976
Zu-1,cs6903,47.37,8.54,2800.14,28738.76667,12244.55,7839.085714,3260.65,NA,NA,NA,,1990,post1976
Abd-0,cs932,57.15,-2.22,12603.788,8821.66,10936.98667,5769.685714,3384.516667,602.0214286,NA,NA,1993,1993,post1976
C24,cs906,40.21,-8.43,4378.96,14421.375,10341.872,4413.078571,1587.05,NA,NA,NA,1993,1993,post1976
Jl-5,cs6747,49.31,16.61,16794.76,22032.54,5028.16,3554.242857,3478.45,2762.333333,15519.92,1115.833333,1993,1993,post1976
Ka-0,cs6752,46.72,14.18,2672.6,20469.014,7922.12,4284.928571,3177.786,NA,NA,NA,1993,1993,post1976
Kondara,cs916,38.35,68.48,9826.86,14519.61667,4690.92,4432.885714,3385.8,NA,NA,NA,1993,1993,post1976
Litva,cs925,55.17,23.88,7043.2325,36809.14167,10382.53,6127.457143,4427.891667,3450.1,22765.4,1762,1993,1993,post1976
Petergof,cs926,59.87,29.92,4304.6,50481.73,3836.575,5790.285714,3089.6,2569.530769,NA,NA,1993,1993,post1976
PHW-1,cs6042,41.9,12.5,NA,21745.9425,12195.946,NA,NA,NA,NA,NA,1993,1993,post1976
PHW-2,cs6044,43.77,11.26,3753.382,38372.67,11633.884,5027.235714,5553.773333,NA,NA,NA,1993,1993,post1976
PHW-26,cs6081,50.67,-3.84,9134.13,30935.91667,3505.6,285.4828571,0,NA,NA,NA,1993,1993,post1976
PHW-3,cs6045,50.94,6.96,NA,31946.74,8462.1375,NA,NA,2488.013333,NA,NA,1993,1993,post1976
PHW-31,cs6088,52.4,0.26,5290.684,8926.9125,3860,674.7,0,130.4,0,2025,1993,1993,post1976
Rld-2,cs6927,56.27,34.33,3929.554,48355.1275,10762.728,7334.3,2722.785,NA,NA,NA,1993,1993,post1976
Rubezhnoe,cs927,49.01,38.38,0,8811.7475,4269.75,2158.528571,2430.25,NA,NA,NA,1993,1993,post1976
Sha,cs6180,38.35,68.48,78,8489.4,12427.9325,1285.471429,1740.262,2122.686667,NA,NA,1993,1993,post1976
Alc-0,cs1656,40.48,-3.36,5488.66,16782.2125,16578.60667,5222.942857,9807.4,217.4857143,NA,NA,1998,1998,post1976
NFC1,cs22182,51.41,-0.67,8683.22,14613.18333,7096.175,4152.15,4975.583333,NA,NA,NA,2001,1998,post1976
NFE1,cs22163,51.41,-0.67,607.04,10700.49,4453.9875,1563.033333,1759.595,NA,NA,NA,2001,1998,post1976
PUZ16 ,cs22451,49.21,17.7,5366.8,14840.12,8813.408,4214.714286,4741.153333,NA,NA,NA,2001,1998,post1976
Bil-7,cs22579,63.19,18.29,7171.848,5139.965,640.78,262.4571429,0,2005.62,5974.2,1220.625,2007,2000,post1976
Bor-1,cs22590,49.12,16.37,5300.97,41430.70333,11818.824,6682.752857,4069.046667,3231.007692,18571.08,9223.285714,,2000,post1976
Bor-4,cs22591,49.12,16.37,2196.38,27844.7,8748.215,6216.135714,1832.45,NA,NA,NA,,2000,post1976
CIBC-17,cs22603,51.25,0.41,0,22769.36,14398.8,1995.982,2526.748,NA,NA,NA,,2000,post1976
CIBC-5,cs22602,51.25,0.41,7247.8,19145.016,7464.135,5727.828571,4782.975,NA,NA,NA,,2000,post1976
Eden-1,cs22572,62.58,17.92,0,12928.425,2662.55,304.1571429,0,1483.528571,690.0666667,0,,2000,post1976
Eden-2,cs22573,62.58,17.92,9705.748,8822.325,538.975,203.9,0,NA,NA,NA,,2000,post1976
Fab-4,cs22577,63.01,18.19,434.016,1966.5,48,111.8133333,0,752.74,NA,NA,,2000,post1976
Fei-0,cs22645,40.93,-8.54,16455.528,51326.49333,11770.23333,5917.614286,3870.5,866.0857143,867.5333333,12312,,2000,post1976
HR-10,cs22597,51.25,0.41,8314.84,23945.55667,7508.55,4679.351429,4011,NA,NA,NA,,2000,post1976
HR5,cs22596,51.25,0.41,23715.812,30975.18,11143.325,8486.248571,4588.671667,NA,NA,NA,,2000,post1976
KZ1,cs22606,49.5,73.1,1210.076,20723.7,5234.118,3312.057143,2227.8,NA,NA,NA,,2000,post1976
KZ9,cs22607,49.5,73.1,990,16475.65333,4290,3902.228571,1700.783333,NA,NA,NA,,2000,post1976
Lov-1,cs22574,62.58,17.92,3621.84,13714.862,4312.575,789.8,0,1996.878571,NA,NA,,2000,post1976
N10,cs22488,61.95,34.2,NA,5956.1,6566,NA,NA,NA,NA,NA,2000,2000,post1976
N11,cs22489,62.01,34.07,3600.77,34595.2,8715.4,5634.428571,2828.803333,NA,NA,NA,2000,2000,post1976
N13,cs22621,62.13,34.02,881.42,25608.06667,12621.13,1938.181667,2130.066667,NA,NA,NA,2000,2000,post1976
N15,cs22493,62.21,34.26,4738.828,8986.06,1371.96,2455.728571,1906.275,NA,NA,NA,2000,2000,post1976
N17,cs22495,61.78,34.36,7337.324,14288.91667,7334.28,2499.8,2790.241667,NA,NA,NA,2000,2000,post1976
N7,cs22485,61.9,34.6,1388.78,15277.88,11479.796,5341.328571,3137.738333,NA,NA,NA,2000,2000,post1976
N8,cs22486,61.97,34.56,NA,18400.56167,10988.45,NA,NA,NA,NA,NA,2000,2000,post1976
NFA-10,cs22599,51.25,0.41,17193.75,22305.69833,3111.563333,5541.777143,3045.533333,NA,NA,NA,2003,2000,post1976
Omo2-1,cs22584,56.25,15.25,4134.5,12323.954,1151.333333,1122.8575,841.25,2837.7,3172,NA,,2000,post1976
Omo2-3,cs22585,56.25,15.25,0,25422.655,3346.864,691.2,1676.206667,2575.94,NA,NA,,2000,post1976
Ost-0,cs1430,60.26,18.37,349.16,8715.123333,7716.74,345.5,219.0833333,1794.621429,NA,NA,2000,2000,post1976
Pro-0,cs22649,43.25,-6.02,3759.856,28111.73333,13965,5250.585714,1793.4,99.57857143,16374.94286,4997,,2000,post1976
Spr1-2,cs22582,56.32,14.29,2590.842,13950.35,3076.43,1016.157143,179.9166667,3197.021429,NA,NA,,2000,post1976
Spr1-6,cs22583,56.32,14.29,2541.62,6093.536,7312.145,861.5733333,364.976,890.3916667,NA,NA,,2000,post1976
Sq-1,cs22600,51.25,0.41,13216.64,11188.68,3792.616,7735.422857,6923.36,306.1928571,NA,NA,,2000,post1976
Sq-8,cs22601,51.25,0.41,3791.28,31536.612,7414.3775,9076.388571,3704.396667,NA,NA,NA,,2000,post1976
Tamm-2,cs22604,59.92,23.25,403.92,17380,8280.5,653.2142857,522.3333333,1980.771429,12148.23333,3820.75,,2000,post1976
Tamm-27,cs22605,59.92,23.25,7746.075,18607.17333,1997.4,1749.385714,632.75,3106.106667,NA,NA,,2000,post1976
Ull2-3,cs22587,56.09,13.46,5412.868,28565.28,8643.68,5416.456667,3585.5475,2520.107143,NA,NA,,2000,post1976
Ull2-5,cs22586,56.09,13.46,1888.133333,10327.1575,2311.986667,120.5,0,2175.253333,NA,NA,,2000,post1976
Uod-1,cs22612,48.07,14.53,6539.78,27440.35833,0,3694.514286,2227.266667,NA,NA,NA,,2000,post1976
Uod-7,cs22613,48.07,14.53,1279.604,28502.31667,2873.05,2432.257143,1936.183333,NA,NA,NA,,2000,post1976
Var2-1,cs22580,55.42,14.25,2400.868,6430.666,775.28,902.2857143,35.2,1834.7,NA,NA,,2000,post1976
Var2-6,cs22581,55.42,14.25,5427.433333,2802.093333,361.55,229.8571429,0,1234.716667,NA,NA,,2000,post1976
Zdr-1,cs22588,49.12,16.37,3766,34290.965,4152.29,5883.5,3284.766667,NA,NA,NA,,2000,post1976
Zdr-6,cs22589,49.12,16.37,3293.961,12665.83,12967.9025,4740.73,2583.783333,NA,NA,NA,,2000,post1976
Bas-1,ks01,51.84,79.48,1669.92,9865.8,9264.42,4559.233333,5449.283333,NA,NA,NA,,2002,post1976
Bas-2,ks02,51.82,79.48,1239.84,14354.874,15118.1,1042.1,485.22,NA,NA,NA,,2002,post1976
Bas-3,ks03,51.84,79.46,2441.26,17183.8,7430.26,3674.12,1542.466667,NA,NA,NA,,2002,post1976
Cha-1,ks05,53.6,79.39,1048.802,3587.878,3863.766667,2404.666667,3364.783333,NA,NA,NA,,2002,post1976
Cha-2,ks06,53.6,79.37,2084.45,10668.57,1536.825,3183.892857,2025.9,NA,NA,NA,,2002,post1976
Kly-1,ks07,51.34,82.57,4475.936,7136.233333,39.65,2369.433333,2755.178333,NA,NA,NA,,2002,post1976
Kly-2,ks08,51.31,82.59,418.46,5860.165,1792.68,1987.614286,2544.625,NA,NA,NA,,2002,post1976
Kly-3,ks09,51.36,82.59,4544.937,14844.56,3279.635,4122.022857,NA,NA,NA,NA,,2002,post1976
Kly-4,ks10,51.32,82.55,587.82,19008.96,6449.333333,3495.08,768.98,NA,NA,NA,,2002,post1976
Kly-5,ks11,51.32,82.55,4253.588,14665.09333,0,4051.348571,3878.1,NA,NA,NA,,2002,post1976
Kly-6,ks12,51.33,82.54,1560.234,17139.54,0,1887.228,2707.422,NA,NA,NA,,2002,post1976
Koz-1,ks13,51.35,82.18,1991.61,15675.76333,17806.425,1732.257143,2078.558333,NA,NA,NA,,2002,post1976
Koz-2,ks14,51.33,82.19,0,15740.33667,5910.766667,2028.928571,2055.583333,NA,NA,NA,,2002,post1976
Koz-3,ks15,51.34,82.16,2732.549,14989.63,6540.75,3261.206667,815.325,NA,NA,NA,,2002,post1976
Leb-1,ks16,51.65,80.79,1227.65,11065.16,6224.1,3375.684286,2449,NA,NA,NA,,2002,post1976
Leb-2,ks17,51.67,80.82,3202.778,9716.1775,4053.48,1774.971429,86.91,NA,NA,NA,,2002,post1976
Leb-3,ks18,51.66,80.82,1765.59,31898.16,13248.35,2502.014286,1309.74,NA,NA,NA,,2002,post1976
Leb-4,ks19,51.63,80.83,1556.26,12561.93667,4244.08,2288.314286,808.9833333,NA,NA,NA,,2002,post1976
Mas-3,ks20,54.13,81.31,1883.873,14715.39833,3248.4,1697.733333,665.24,NA,NA,NA,,2002,post1976
Nos-1,ks21,51.87,80.6,1321.94,16815.565,11023.15,2478.6,512.848,NA,NA,NA,,2002,post1976
1-Nov,ks22,51.75,80.82,446.824,19702.85,7551,2108.605714,2664.14,NA,NA,NA,,2002,post1976
2-Nov,ks23,51.77,80.85,1811.054,12906.2,4313.9,2661.35,3454.93,NA,NA,NA,,2002,post1976
3-Nov,ks24,51.73,80.86,639.6,3595.606667,1667.38,657.4233333,1377.64,NA,NA,NA,,2002,post1976
Rak-2,ks27,51.84,80.06,1391.1,7329.5,4065.796,1755.746667,646.72,NA,NA,NA,,2002,post1976
Rak-3,ks28,51.84,80.06,766.971,12620.43333,4367.05,0,1105.383333,NA,NA,NA,,2002,post1976
Sev-1,ks29,52.1,79.31,405,19384.845,10456.125,1945.857143,2936.745,NA,NA,NA,,2002,post1976
Sij-1/72,ks30,41.45,70.05,51.84,15980.275,7272.9875,4081.705714,2289.833333,NA,NA,NA,,2002,post1976
Sij-4/82,ks33,41.45,70.05,404.2,21448.87333,2614.44,3713.961429,1810.32,NA,NA,NA,,2002,post1976
Blh-2,cs6657,48.29,19.85,131.04,16783.98,5797.34,118.1428571,36.91666667,NA,NA,NA,1993,,
M3385S,cs6183,59.33,18.06,1733.048,8053.663333,850.2666667,86.39857143,42.64,1312.013333,NA,NA,2002,,
Sorbo,cs931,38.35,68.48,0,17263.08333,5342.655,2736.171429,1760.775,NA,NA,NA,,,
Utrecht,cs6150,52.09,5.12,12347.18,27280.55333,5489.653333,6677.642857,2910.375,NA,NA,NA,2003,,
Br-0Ê,cs6626,49.19,16.61,77,48743.07333,7512.3125,1872.714286,2069.598333,904.9214286,18926.6,1278.166667,,,
Cen-0,cs6661,49.18,-0.36,24.96,20534.655,7296.204,7031.742857,3802.378333,NA,NA,NA,,,
Cha-0,cs6662,46.03,7.12,2057.16,6580.6525,7627.68,1443.25,395.6916667,NA,NA,NA,,,
Edi-0,cs6688,55.95,-3.19,163.2,42989.31,8461.98,2819.715714,6106.06,2544.073333,NA,NA,,,
Ei-2,cs6689,50.25,6.67,618,21328.85,9393,3734.577143,3706.486667,NA,NA,NA,,,
Ei-4 ,cs6690,50.25,6.67,921.63,13288.76,3919.6,4448.925714,3644.043333,NA,NA,NA,,,
Ei-6 ,cs6692,50.25,6.67,739.36,38148.1,6285.25,5099.027143,1421.266667,1764.507143,22573.01667,6423.777778,,,
Hi-0,cs6736,52.22,5.17,4694.7,36593.46,4418.08,3188.367143,3038.38,NA,NA,NA,,,
Ko-2,cs6763,55.68,12.57,710.854,7026.075,2324.6,782.5083333,NA,NA,NA,NA,,,
Ko-3,N1290,55.3,11.75,3805.572,13368.17333,2816.908,918.4833333,0,3193.823077,NA,NA,,,
Le-0,cs6770,52.16,4.49,23729.98,45187.1825,10282.545,8947.645714,5483.575,NA,NA,NA,,,
Mh-1,cs6793,53.52,20.2,2241.47,29232.56,12040.61333,7269.838571,4748.086667,NA,NA,NA,,,
Ms-0,cs6797,55.76,37.62,94.5,11257.44,6889.8,3701.321429,3292.031667,NA,NA,NA,,,
Pf-0,cs6831,48.55,9.11,5950.6,25071.53667,10824.94,6869.638571,2872.658333,NA,NA,NA,,,
Wil-2,cs6889,54.69,25.28,1774.77,14609.98,2492.9,5108.428571,4059.666667,NA,NA,NA,,,
