snpID;CHROM;POS;geneID;REF;ALT;ANC;FREQ_ancestral;FREQ_derived;IHH_ancestral;IHH_derived;iHS;Pvalue;selected_allele
snp_1_10941084;1;10941084;AT1G30810;G;T;T;0,094273127753304;0,905726872246696;524540,470777431;1297,78762710393;2,63700516646704;2,07757788778226;T
snp_1_11969574;1;11969574;AT1G33050;G;A;A;0,438766519823789;0,561233480176211;2332,42708361248;1578,14583829266;0,135314122411565;0,0494581922162773;NA
snp_1_16920762;1;16920762;AT1G44810;G;A;G;0,911453744493392;0,0885462555066079;1023,68323489608;1831,74754145201;1,49621566133267;0,870963120717658;NA
snp_1_19775987;1;19775987;AT1G53060;C;T;C;0,945374449339207;0,054625550660793;2375,30805180047;8229,00318577077;1,33596328482866;0,740976778206125;NA
snp_1_1977822;1;1977822;AT1G06490;A;G;A;0,930837004405286;0,0691629955947137;2178,14677416286;10679,7098173248;0,98519083839193;0,488744695296405;NA
snp_1_24059214;1;24059214;AT1G64770;T;G;T;0,574449339207048;0,425550660792952;894,380400574019;970,120783293442;0,30743622362728;0,120037910604274;NA
snp_1_28960616;1;28960616;AT1G77090;T;C;T;0,531718061674009;0,468281938325991;2615,66882940027;16796,1004701237;-1,78351773790902;1,12783170026441;C
snp_1_3052756;1;3052756;AT1G09450;A;G;A;0,925991189427313;0,0740088105726872;2530,03245624481;60714,9823599691;-0,618619920820768;0,27070010145447;NA
snp_1_435598;1;435598;AT1G02230;G;A;A;0,106607929515419;0,893392070484581;5814,89556087416;1562,03250691064;-0,76729701590694;0,353689473514807;NA
snp_2_1707166;2;1707166;AT2G04860;T;C;T;0,874449339207048;0,125550660792952;1651,65815733437;26184,2008921309;-0,486452342262454;0,202977390515552;NA
snp_2_18573199;2;18573199;AT2G45030;T;G;T;0,896916299559471;0,103083700440529;3990,29007627456;43542,2805046485;-0,0444208240808082;0,015666716595346;NA
snp_2_18847549;2;18847549;AT2G45760;T;C;T;0,729955947136564;0,270044052863436;1672,5327159162;21528,5710374342;-1,1315975457899;0,588710900484816;NA
snp_3_1005999;3;1005999;AT3G03910;A;T;T;0,391189427312775;0,608810572687225;6202,80207150189;2008,17833213848;0,69992662857701;0,315178752549892;NA
snp_3_16392667;3;16392667;AT3G44910;G;A;G;0,92511013215859;0,0748898678414097;1540,79416705638;4436,86196217528;1,52268223195505;0,893339266804555;NA
snp_3_18497478;3;18497478;AT3G49880;C;T;C;0,945374449339207;0,054625550660793;1517,70162277842;15204,4497795699;0,263596596854502;0,101225041285302;NA
snp_3_18812433;3;18812433;AT3G50660;A;G;A;0,933480176211454;0,0665198237885463;712,905436934173;25572,039928144;-1,02454730008175;0,514879562215443;NA
snp_3_19614644;3;19614644;AT3G52905;A;C;A;0,948017621145374;0,0519823788546256;1982,8108814441;15692,5628374739;0,501650069281071;0,210480140721348;NA
snp_3_23366427;3;23366427;AT3G63240;G;T;G;0,948017621145374;0,0519823788546256;4352,92661041563;92957,346068408;-0,500798788647262;0,210057945682728;NA
snp_3_545320;3;545320;AT3G02570;G;A;A;0,430396475770925;0,569603524229075;4171,93725362727;8959,85253763655;-1,19598072765081;0,635066318882786;NA
snp_3_7509899;3;7509899;AT3G21330;G;A;G;0,874008810572687;0,125991189427313;1241,9165298469;182326,1832033;-2,19083833469186;1,54571179823999;A
snp_3_8891990;3;8891990;AT3G24460;G;T;G;0,859030837004405;0,140969162995595;1065,89863837196;3585,75488607419;0,700637451922668;0,315577204638024;NA
snp_4_14823304;4;14823304;AT4G30280;T;C;T;0,649339207048458;0,350660792951542;3668,09304426623;4088,20483477249;0,638372953920544;0,281306589263961;NA
snp_4_15595006;4;15595006;AT4G32295;G;A;G;0,945374449339207;0,054625550660793;3136,41755293692;80387,8416449908;-0,685094974336476;0,306902978529052;NA
snp_4_15627234;4;15627234;AT4G32370;C;T;C;0,930396475770925;0,0696035242290749;5513,14840676218;69933,4119913693;0,0252431566393652;0,00883552143063498;NA
snp_4_8017248;4;8017248;AT4G13840;A;G;A;0,93215859030837;0,06784140969163;850,775636514104;2544,46191935769;1,48443056712461;0,861082679581205;NA
snp_5_20870482;5;20870482;AT5G51350;T;C;T;0,941850220264317;0,0581497797356828;2689,90375855725;22953,0785905423;0,425629534362062;0,173680365821345;NA
snp_5_25326035;5;25326035;AT5G63135;A;C;A;0,943612334801762;0,0563876651982379;1766,05261739841;106751,907460371;-1,55156874640904;0,918057309741933;NA
snp_5_26473466;5;26473466;AT5G66270;G;T;G;0,80352422907489;0,19647577092511;1137,25836620841;26647,6317111547;-1,09960322199319;0,566222108066655;NA
snp_5_3450444;5;3450444;AT5G10940;G;A;A;0,414977973568282;0,585022026431718;5472,46277464811;2374,37308271618;0,499658221655389;0,209492639188081;NA
snp_5_345336;5;345336;AT5G01890;G;A;G;0,795594713656388;0,204405286343612;1703,27235189849;4306,37891803255;0,607798916933099;0,264943630372225;NA
snp_5_628109;5;628109;AT5G02770;C;T;C;0,78942731277533;0,21057268722467;1360,61054043871;54563,2209709886;-1,74509585388407;1,09168559491366;T
snp_5_6494640;5;6494640;AT5G19290;G;T;G;0,918061674008811;0,0819383259911894;2350,13337180255;18542,0772975473;0,351160666967416;0,139381849091008;NA
snp_5_8507738;5;8507738;AT5G24780;A;T;A;0,632599118942731;0,367400881057269;689,367961861917;4416,77611580054;-1,16288542166587;0,611053789893018;NA
snp_5_891939;5;891939;AT5G03540;T;C;T;0,841409691629956;0,158590308370044;2618,01225413275;115729,740637669;-1,45556097140805;0,837095150090378;NA
snp_1_5059790;1;5059790;AT1G14700;G;A;G;0,887224669603524;0,112775330396476;1574,13621224307;16667,8348042372;-0,0218137349609149;0,00762477040909718;NA
snp_1_6943971;1;6943971;AT1G20020;G;A;G;0,845814977973568;0,154185022026432;5273,39024721441;3153,93125618291;1,98668339415419;1,3282950960218;G
snp_1_12025283;1;12025283;AT1G33140;G;T;G;0,705726872246696;0,294273127753304;777,297597685965;1600,1658522005;0,429983042174086;0,175738770121995;NA
snp_1_14008570;1;14008570;AT1G36950;T;C;T;0,8784140969163;0,1215859030837;924,494722065501;27494,5484601039;-0,797600592010056;0,371506537755131;NA
snp_1_14142053;1;14142053;AT1G37113;C;G;C;0,87136563876652;0,12863436123348;1630,01303058125;24049,9238246531;-0,431446274241142;0,176431938534682;NA
snp_3_9131277;3;9131277;AT3G25070;T;A;T;0,874008810572687;0,125991189427313;654,873727695735;5160,52563256466;0,0488282163396827;0,017251217195274;NA
snp_3_9569179;3;9569179;AT3G26160;G;A;G;0,696916299559471;0,303083700440529;2533,53651522112;4425,56561042186;0,443488331692852;0,182162004749506;NA
snp_3_10178857;3;10178857;AT3G27490;T;A;T;0,888105726872247;0,111894273127753;282,084518346066;1732,10256928572;0,38751067749248;0,155909337028415;NA
snp_4_14799256;4;14799256;AT4G30210;G;A;G;0,701321585903084;0,298678414096916;4517,4738159762;16594,5181898257;-0,114888961961123;0,0416592293309782;NA
snp_1_24598942;1;24598942;AT1G66070;G;T;G;0,915418502202643;0,0845814977973568;715,133630098302;2648,68609584062;0,934776207238828;0,456051535012668;NA
snp_5_870273;5;870273;AT5G03480;A;G;A;0,844052863436123;0,155947136563877;920,493400751524;148039,392326208;-2,48873165388642;1,89211303131468;G
snp_5_9914807;5;9914807;AT5G27893;C;T;C;0,744493392070485;0,255506607929515;819,346538271334;8941,38466278129;-0,980222130181065;0,48548348191766;NA
snp_3_7683665;3;7683665;AT3G21810;C;T;C;0,879295154185022;0,120704845814978;1135,25188704573;6156,69578983493;0,480809654047098;0,200210368462487;NA
snp_3_424584;3;424584;AT3G02250;G;A;G;0,881938325991189;0,118061674008811;4249,97843087991;18940,5938036319;0,628265537675267;0,275863451847141;NA
snp_5_18222186;5;18222186;AT5G45100;T;G;T;0,882819383259912;0,117180616740088;534,319917589;8432,81944755785;-0,321633337293199;0,126254912653065;NA
snp_1_9931159;1;9931159;AT1G28327;A;G;A;0,785022026431718;0,214977973568282;1608,31885169539;18488,6732355973;-0,681431019502327;0,304869753259002;NA
snp_4_11880639;4;11880639;AT4G22560;A;G;A;0,918942731277533;0,081057268722467;1407,38700353031;8088,45058509905;0,595704486705592;0,25855477205367;NA
